id,team_id,year,ff,fr,fr_td,int,int_yds,int_td,safety
0,0,1970,0,20,0,22,308,2,2
1,1,1970,0,14,0,17,129,0,0
2,2,1970,0,16,3,23,180,0,0
3,3,1970,0,15,0,11,179,2,0
4,4,1970,0,16,0,16,220,0,2
5,5,1970,0,12,0,19,324,3,3
6,7,1970,0,14,1,21,255,2,0
7,8,1970,0,15,1,9,90,0,1
8,9,1970,0,12,1,31,395,1,0
9,10,1970,0,9,0,25,408,3,0
10,12,1970,0,15,0,24,307,0,0
11,13,1970,0,15,0,23,414,1,0
12,14,1970,0,18,1,10,102,0,0
13,15,1970,0,16,2,19,191,0,0
14,16,1970,0,13,0,17,223,0,1
15,18,1970,0,11,0,23,281,2,1
16,19,1970,0,16,0,28,417,4,0
17,30,1970,0,8,1,18,242,0,1
18,20,1970,0,17,0,20,398,1,0
19,22,1970,0,17,0,8,184,0,0
20,23,1970,0,8,0,19,112,0,0
21,24,1970,0,16,1,19,280,2,0
22,11,1970,0,13,0,15,240,0,0
23,26,1970,0,16,1,22,260,0,0
24,28,1970,0,15,0,23,266,1,0
25,31,1970,0,16,3,28,412,2,0
26,0,1971,0,16,2,14,186,0,0
27,1,1971,0,23,2,22,267,0,0
28,2,1971,0,12,1,27,273,2,0
29,3,1971,0,11,1,11,93,0,1
30,4,1971,0,20,0,20,288,1,1
31,5,1971,0,16,1,24,283,0,1
32,7,1971,0,16,0,17,191,1,0
33,8,1971,0,10,1,22,317,2,1
34,9,1971,0,6,0,27,403,3,0
35,10,1971,0,13,1,28,367,1,1
36,12,1971,0,25,1,26,402,0,1
37,13,1971,0,14,0,17,143,0,0
38,14,1971,0,25,1,22,374,1,0
39,15,1971,0,18,2,20,180,1,1
40,16,1971,0,15,2,15,227,1,0
41,18,1971,0,14,0,13,136,0,0
42,19,1971,0,11,2,22,295,3,1
43,30,1971,0,14,2,23,456,5,0
44,20,1971,0,16,0,16,205,0,1
45,22,1971,0,14,0,15,229,2,0
46,23,1971,0,17,1,23,453,2,0
47,24,1971,0,7,1,27,452,2,0
48,11,1971,0,12,1,29,480,5,0
49,26,1971,0,25,0,20,342,1,0
50,28,1971,0,18,0,17,246,1,0
51,31,1971,0,18,1,27,572,1,2
52,0,1972,0,17,1,19,146,3,0
53,1,1972,0,14,0,21,193,0,0
54,2,1972,0,9,0,20,326,3,1
55,3,1972,0,8,0,23,369,3,0
56,4,1972,0,12,0,10,109,0,0
57,5,1972,0,16,1,13,154,1,0
58,7,1972,0,16,1,11,118,0,0
59,8,1972,0,10,0,24,310,1,1
60,9,1972,0,19,0,24,396,5,0
61,10,1972,0,13,0,23,331,1,0
62,12,1972,0,17,1,16,213,1,2
63,13,1972,0,20,1,26,286,1,0
64,14,1972,0,8,0,19,164,0,1
65,15,1972,0,15,1,18,205,1,2
66,16,1972,0,15,0,23,205,2,0
67,18,1972,0,12,0,19,282,0,0
68,19,1972,0,15,0,12,184,1,0
69,30,1972,0,18,0,6,93,0,0
70,20,1972,0,19,1,17,223,1,1
71,22,1972,0,14,0,10,223,0,0
72,23,1972,0,12,1,25,328,1,0
73,24,1972,0,11,0,16,251,1,1
74,11,1972,0,15,1,17,287,1,1
75,26,1972,0,13,2,14,141,0,1
76,28,1972,0,20,1,28,395,1,1
77,31,1972,0,14,2,26,365,2,0
78,0,1973,0,15,1,17,134,0,1
79,1,1973,0,19,1,14,176,0,0
80,2,1973,0,16,1,18,166,0,0
81,3,1973,0,19,0,14,224,1,0
82,4,1973,0,15,1,14,220,2,1
83,5,1973,0,9,1,12,202,1,0
84,7,1973,0,17,0,10,71,0,0
85,8,1973,0,18,1,16,205,1,0
86,9,1973,0,18,1,21,328,1,0
87,10,1973,0,22,0,15,116,1,0
88,12,1973,0,23,0,18,300,2,2
89,13,1973,0,8,1,21,335,2,1
90,14,1973,0,15,1,15,120,1,0
91,15,1973,0,15,0,22,528,2,1
92,16,1973,0,12,0,20,214,0,0
93,18,1973,0,19,1,19,288,2,0
94,19,1973,0,11,0,22,522,1,0
95,30,1973,0,10,0,17,298,0,0
96,20,1973,0,18,0,15,220,3,0
97,22,1973,0,18,0,13,105,0,1
98,23,1973,0,16,1,17,162,0,0
99,24,1973,0,18,0,20,300,1,3
100,11,1973,0,18,2,26,598,4,0
101,26,1973,0,14,0,16,126,0,0
102,28,1973,0,18,1,37,673,3,1
103,31,1973,0,15,1,21,263,2,1
104,0,1974,0,20,1,20,247,1,0
105,1,1974,0,14,0,18,293,0,0
106,2,1974,0,11,1,9,110,0,1
107,3,1974,0,11,1,20,413,2,1
108,4,1974,0,11,0,22,311,1,0
109,5,1974,0,16,1,24,336,2,0
110,7,1974,0,9,1,16,372,2,0
111,8,1974,0,13,1,15,273,0,0
112,9,1974,0,16,0,28,531,5,1
113,10,1974,0,14,0,10,87,0,0
114,12,1974,0,13,0,13,110,0,1
115,13,1974,0,17,0,16,139,0,1
116,14,1974,0,16,3,18,176,1,0
117,15,1974,0,12,0,17,210,1,0
118,16,1974,0,10,1,15,91,0,0
119,18,1974,0,9,0,17,278,2,0
120,19,1974,0,13,0,17,266,2,1
121,30,1974,0,15,1,21,313,1,0
122,20,1974,0,12,1,23,278,1,1
123,22,1974,0,14,0,24,294,2,0
124,23,1974,0,14,2,27,378,1,1
125,24,1974,0,3,0,22,340,2,0
126,11,1974,0,15,1,25,328,2,0
127,26,1974,0,19,0,16,179,1,0
128,28,1974,0,22,1,25,320,2,1
129,31,1974,0,11,1,22,282,0,1
130,0,1975,0,16,2,11,138,1,0
131,1,1975,0,14,0,13,241,2,1
132,2,1975,0,22,0,22,410,2,0
133,3,1975,0,20,1,25,376,2,0
134,4,1975,0,16,1,16,293,1,0
135,5,1975,0,16,2,10,107,1,1
136,7,1975,0,15,0,22,249,1,0
137,8,1975,0,14,0,20,223,0,0
138,9,1975,0,22,1,20,388,0,0
139,10,1975,0,12,1,29,493,4,1
140,12,1975,0,19,0,25,346,3,0
141,13,1975,0,9,0,21,183,0,1
142,14,1975,0,18,0,26,344,2,0
143,15,1975,0,12,0,25,342,2,0
144,16,1975,0,8,0,16,117,0,0
145,18,1975,0,13,0,15,98,0,0
146,19,1975,0,17,1,20,315,1,2
147,30,1975,0,19,2,24,425,0,2
148,20,1975,0,27,1,14,174,0,3
149,22,1975,0,16,1,13,165,1,0
150,23,1975,0,6,0,35,450,0,2
151,24,1975,0,18,0,22,372,2,1
152,11,1975,0,19,2,18,335,0,0
153,26,1975,0,23,2,16,305,0,0
154,28,1975,0,10,1,27,421,0,1
155,31,1975,0,14,2,28,404,0,2
156,0,1976,0,16,1,9,93,0,2
157,1,1976,0,23,0,24,215,2,2
158,2,1976,0,15,2,26,330,3,1
159,3,1976,0,23,1,19,293,1,0
160,4,1976,0,13,2,24,452,4,0
161,5,1976,0,11,1,21,234,1,1
162,6,1976,0,18,1,9,99,0,0
163,7,1976,0,20,0,19,243,1,0
164,8,1976,0,11,0,20,299,1,0
165,9,1976,0,20,0,23,161,0,1
166,10,1976,0,21,1,15,211,0,1
167,12,1976,0,12,0,16,133,0,2
168,13,1976,0,18,0,11,144,0,0
169,14,1976,0,15,0,9,195,0,0
170,15,1976,0,20,0,18,207,0,1
171,16,1976,0,15,0,12,62,0,0
172,18,1976,0,21,1,11,146,0,0
173,19,1976,0,15,0,24,445,3,0
174,30,1976,0,16,1,11,176,0,0
175,20,1976,0,15,0,11,197,2,1
176,22,1976,0,27,0,23,505,3,0
177,23,1976,0,9,0,16,128,0,1
178,24,1976,0,16,0,32,376,3,0
179,11,1976,0,21,1,26,190,0,1
180,26,1976,0,27,2,12,212,3,0
181,27,1976,0,11,0,15,218,1,1
182,28,1976,0,24,0,22,262,0,1
183,31,1976,0,13,0,19,213,0,0
184,0,1977,0,10,0,8,133,0,0
185,1,1977,0,13,0,18,138,0,0
186,2,1977,0,23,0,16,238,2,0
187,3,1977,0,12,1,21,329,1,1
188,4,1977,0,14,0,25,491,2,0
189,5,1977,0,16,0,23,430,3,1
190,6,1977,0,17,1,23,368,3,0
191,7,1977,0,12,1,19,267,1,0
192,8,1977,0,10,1,21,317,2,0
193,9,1977,0,23,3,21,348,2,0
194,10,1977,0,17,1,30,434,0,1
195,12,1977,0,10,1,21,229,1,0
196,13,1977,0,18,0,15,124,0,0
197,14,1977,0,13,0,21,300,0,0
198,15,1977,0,22,1,26,462,2,0
199,16,1977,0,20,0,12,179,2,0
200,18,1977,0,17,0,11,153,1,1
201,19,1977,0,16,1,19,319,1,1
202,30,1977,0,28,3,26,429,1,3
203,20,1977,0,11,0,13,89,1,0
204,22,1977,0,10,0,19,194,0,1
205,23,1977,0,21,1,26,352,0,0
206,24,1977,0,16,0,25,472,1,0
207,11,1977,0,12,0,21,188,0,0
208,26,1977,0,15,1,10,83,1,1
209,27,1977,0,11,0,25,356,1,0
210,28,1977,0,13,0,31,374,0,0
211,31,1977,0,13,1,16,109,0,1
212,0,1978,0,27,0,18,283,1,0
213,1,1978,0,16,0,17,216,1,1
214,2,1978,0,17,1,20,319,3,2
215,3,1978,0,16,0,14,290,1,1
216,4,1978,0,13,2,31,307,1,1
217,5,1978,0,18,0,27,353,1,0
218,6,1978,0,14,0,29,312,0,0
219,7,1978,0,16,0,26,249,0,1
220,8,1978,0,16,0,22,191,2,0
221,9,1978,0,14,0,21,274,0,1
222,10,1978,0,20,1,17,249,2,1
223,12,1978,0,13,0,23,316,0,1
224,13,1978,0,21,1,32,458,2,2
225,14,1978,0,20,1,28,271,2,0
226,15,1978,0,25,0,12,159,0,2
227,16,1978,0,18,1,21,438,1,0
228,18,1978,0,17,0,23,389,1,0
229,19,1978,0,19,1,22,292,1,0
230,30,1978,0,16,0,17,199,0,0
231,20,1978,0,20,0,27,344,2,0
232,22,1978,0,21,0,22,358,1,2
233,23,1978,0,15,3,28,407,1,1
234,24,1978,0,15,1,28,427,5,0
235,11,1978,0,10,1,22,189,0,0
236,26,1978,0,20,0,21,319,1,1
237,27,1978,0,17,0,22,193,1,1
238,28,1978,0,21,1,27,289,0,0
239,31,1978,0,20,1,22,192,0,0
240,0,1979,0,19,0,15,171,0,0
241,1,1979,0,14,0,29,402,2,1
242,2,1979,0,24,2,20,260,1,0
243,3,1979,0,17,1,24,370,2,0
244,4,1979,0,18,3,19,189,0,1
245,5,1979,0,16,0,16,278,1,0
246,6,1979,0,24,2,14,238,1,0
247,7,1979,0,19,2,18,288,1,0
248,8,1979,0,18,1,28,562,2,2
249,9,1979,0,14,0,23,437,1,0
250,10,1979,0,16,0,23,382,1,0
251,12,1979,0,10,1,13,193,0,2
252,13,1979,0,14,0,23,285,0,1
253,14,1979,0,11,0,22,266,0,0
254,15,1979,0,20,1,15,224,2,1
255,16,1979,0,17,1,21,165,1,1
256,18,1979,0,19,0,21,239,2,1
257,19,1979,0,12,1,14,73,1,1
258,30,1979,0,16,1,34,618,1,0
259,20,1979,0,14,1,18,243,0,0
260,22,1979,0,23,0,20,352,1,1
261,23,1979,0,22,1,24,313,3,0
262,24,1979,0,16,1,25,355,2,1
263,11,1979,0,21,1,26,250,1,0
264,26,1979,0,16,0,26,351,2,1
265,27,1979,0,15,1,17,284,1,1
266,28,1979,0,15,0,27,200,1,0
267,31,1979,0,11,0,22,351,0,0
268,0,1980,0,17,0,17,186,0,1
269,1,1980,0,14,1,17,162,1,1
270,2,1980,0,22,0,20,255,2,2
271,3,1980,0,20,0,24,334,2,2
272,4,1980,0,12,1,16,343,2,1
273,5,1980,0,10,0,22,266,0,0
274,6,1980,0,13,2,15,179,1,0
275,7,1980,0,14,0,20,327,1,0
276,8,1980,0,18,0,20,270,2,0
277,9,1980,0,15,3,28,364,2,0
278,10,1980,0,17,0,17,310,1,0
279,12,1980,0,20,1,27,523,3,1
280,13,1980,0,17,1,28,198,0,0
281,14,1980,0,10,1,25,170,0,0
282,15,1980,0,16,3,26,313,0,1
283,16,1980,0,23,0,18,113,0,0
284,18,1980,0,9,1,23,293,2,1
285,19,1980,0,11,0,23,168,1,1
286,30,1980,0,13,1,26,313,0,0
287,20,1980,0,14,0,13,92,0,0
288,22,1980,0,10,2,24,288,1,0
289,23,1980,0,17,3,35,501,2,1
290,24,1980,0,17,0,25,546,4,0
291,11,1980,0,12,0,33,319,1,0
292,26,1980,0,12,1,12,196,0,0
293,27,1980,0,11,0,23,95,0,0
294,28,1980,0,14,0,26,260,0,2
295,31,1980,0,14,0,24,296,2,1
296,0,1981,11,21,1,27,448,4,0
297,1,1981,9,22,0,18,345,3,1
298,2,1981,6,18,1,19,318,1,0
299,3,1981,10,17,0,19,352,0,2
300,4,1981,11,22,0,23,342,0,0
301,5,1981,8,20,0,15,165,0,1
302,6,1981,4,14,1,32,648,4,0
303,7,1981,9,17,0,21,281,1,0
304,8,1981,3,17,0,23,224,1,0
305,9,1981,9,21,3,26,406,1,0
306,10,1981,9,14,0,16,210,0,1
307,12,1981,8,16,1,37,482,0,3
308,13,1981,9,15,1,18,254,0,1
309,14,1981,8,21,2,26,266,0,1
310,15,1981,9,21,3,25,494,3,0
311,16,1981,9,17,3,17,222,1,0
312,18,1981,10,15,0,21,432,2,1
313,19,1981,8,15,0,24,286,1,0
314,30,1981,7,13,0,18,330,0,0
315,20,1981,12,24,0,30,495,1,0
316,22,1981,13,17,0,16,195,0,0
317,23,1981,7,19,2,13,97,1,3
318,24,1981,12,16,1,17,237,0,0
319,11,1981,11,15,0,24,249,2,0
320,26,1981,9,17,0,17,214,0,0
321,27,1981,22,27,2,21,397,3,0
322,28,1981,4,16,0,30,376,1,0
323,31,1981,6,19,1,16,120,0,3
324,0,1982,9,4,0,9,150,1,0
325,1,1982,8,7,0,13,99,1,1
326,2,1982,1,6,0,14,240,2,1
327,3,1982,6,8,0,13,122,0,0
328,4,1982,4,7,0,12,106,0,2
329,5,1982,6,11,0,17,102,1,0
330,6,1982,5,10,0,11,139,0,0
331,7,1982,3,9,0,6,52,0,0
332,8,1982,5,12,0,13,148,0,2
333,9,1982,6,10,0,12,208,3,0
334,10,1982,5,5,0,5,150,1,0
335,12,1982,4,10,1,15,163,1,0
336,13,1982,6,8,0,19,281,2,0
337,14,1982,4,12,1,15,42,1,0
338,15,1982,6,15,1,10,90,0,0
339,16,1982,6,6,0,12,205,1,1
340,18,1982,7,9,0,17,261,1,0
341,19,1982,10,8,0,18,154,1,0
342,30,1982,7,14,1,3,47,0,0
343,20,1982,5,11,1,12,174,0,0
344,22,1982,6,11,0,12,176,1,1
345,23,1982,6,11,1,18,356,3,0
346,24,1982,6,7,0,11,106,0,0
347,11,1982,4,13,0,11,85,0,0
348,26,1982,6,13,0,9,108,0,0
349,27,1982,6,8,0,13,160,1,0
350,28,1982,6,8,0,17,127,0,1
351,31,1982,7,9,1,12,91,1,1
352,0,1983,21,18,1,24,437,5,0
353,1,1983,14,17,1,21,215,2,0
354,2,1983,8,16,1,23,369,4,0
355,3,1983,15,17,1,13,154,1,0
356,4,1983,13,20,1,27,355,0,1
357,5,1983,6,10,0,22,296,2,0
358,6,1983,13,18,1,23,367,3,0
359,7,1983,4,20,3,28,266,0,1
360,8,1983,3,17,0,16,153,1,0
361,9,1983,9,21,1,30,482,2,0
362,10,1983,11,16,2,20,314,1,1
363,12,1983,13,21,2,27,467,2,1
364,13,1983,13,17,0,26,345,3,1
365,14,1983,12,15,0,8,79,0,1
366,15,1983,14,15,2,15,212,2,0
367,16,1983,7,13,1,23,210,1,1
368,18,1983,11,14,1,22,342,3,0
369,19,1983,11,15,0,22,185,0,3
370,30,1983,7,15,0,14,135,0,0
371,20,1983,6,12,2,19,227,1,1
372,22,1983,14,19,0,17,202,1,0
373,23,1983,9,16,1,20,238,2,2
374,24,1983,15,20,0,24,515,3,2
375,11,1983,19,26,2,34,437,1,1
376,26,1983,9,16,0,23,412,3,0
377,27,1983,19,28,2,26,363,2,0
378,28,1983,12,17,3,28,435,4,1
379,31,1983,13,23,1,25,168,0,2
380,0,1984,12,12,1,25,345,2,1
381,1,1984,15,13,0,21,290,1,1
382,2,1984,8,15,0,25,368,4,1
383,3,1984,10,21,2,16,233,0,0
384,4,1984,16,24,4,31,510,4,0
385,5,1984,13,15,0,20,236,0,0
386,6,1984,10,14,0,18,308,1,0
387,7,1984,8,12,1,21,163,1,0
388,8,1984,9,17,0,19,499,4,0
389,9,1984,3,11,0,30,465,2,0
390,10,1984,14,13,0,18,190,1,1
391,12,1984,18,16,1,28,297,2,1
392,13,1984,14,12,1,24,478,2,0
393,14,1984,9,11,0,20,287,0,0
394,15,1984,19,20,0,12,147,1,2
395,16,1984,14,16,1,19,182,0,0
396,18,1984,17,18,2,15,152,0,1
397,19,1984,10,11,0,14,87,0,0
398,30,1984,7,11,1,13,139,0,0
399,20,1984,6,15,0,27,338,2,0
400,22,1984,12,8,0,17,210,0,1
401,23,1984,11,14,1,20,339,2,2
402,24,1984,17,22,0,17,399,3,3
403,11,1984,16,21,2,21,391,4,0
404,26,1984,13,10,1,13,213,3,0
405,27,1984,17,25,1,38,697,7,1
406,28,1984,4,10,2,31,433,4,0
407,31,1984,18,17,2,11,120,1,0
408,0,1985,13,17,3,18,310,1,1
409,1,1985,14,20,1,34,512,4,3
410,2,1985,6,19,0,19,283,2,1
411,3,1985,9,15,1,20,225,0,0
412,4,1985,9,12,0,24,290,1,0
413,5,1985,7,9,0,18,254,1,0
414,6,1985,17,22,0,18,146,0,0
415,7,1985,11,14,0,13,240,1,1
416,8,1985,18,16,0,26,461,2,0
417,9,1985,7,14,1,27,298,1,0
418,10,1985,16,17,1,16,75,0,1
419,12,1985,5,15,0,33,263,4,0
420,13,1985,20,18,1,23,265,1,0
421,14,1985,7,14,0,18,125,2,1
422,15,1985,6,12,1,22,247,1,0
423,16,1985,9,13,0,24,339,2,0
424,18,1985,23,20,1,22,127,1,1
425,19,1985,17,18,0,18,136,0,0
426,30,1985,12,20,0,15,144,0,0
427,20,1985,15,25,1,15,262,2,1
428,22,1985,20,24,3,23,427,1,2
429,23,1985,14,13,0,17,235,3,1
430,24,1985,12,16,0,29,359,4,1
431,11,1985,8,11,0,23,220,0,1
432,26,1985,15,16,2,21,312,2,0
433,27,1985,23,20,1,24,272,3,1
434,28,1985,7,14,0,20,211,1,0
435,31,1985,17,22,1,22,283,1,1
436,0,1986,8,10,0,39,578,5,0
437,1,1986,13,16,1,31,370,1,2
438,2,1986,3,11,1,17,146,1,1
439,3,1986,5,8,1,10,89,0,0
440,4,1986,14,17,2,18,318,2,2
441,5,1986,12,19,1,18,184,0,0
442,6,1986,16,19,2,13,128,0,0
443,7,1986,11,12,0,10,121,0,0
444,8,1986,14,22,0,15,274,1,1
445,9,1986,8,18,1,31,567,4,0
446,10,1986,20,19,0,16,166,0,1
447,12,1986,10,18,0,17,183,1,0
448,13,1986,19,13,0,13,152,0,0
449,14,1986,13,13,0,23,124,0,1
450,15,1986,7,14,2,22,294,2,1
451,16,1986,12,19,0,24,296,1,0
452,18,1986,24,18,0,20,164,0,1
453,19,1986,12,19,0,22,190,0,0
454,30,1986,10,15,2,16,100,0,0
455,20,1986,11,12,0,20,147,1,0
456,22,1986,20,19,2,21,312,1,1
457,23,1986,13,12,1,26,275,1,1
458,24,1986,10,15,1,28,458,3,1
459,11,1986,6,9,1,19,126,0,0
460,26,1986,21,17,0,26,235,1,0
461,27,1986,8,14,0,22,216,1,0
462,28,1986,9,13,0,20,218,1,1
463,31,1986,9,18,0,24,319,2,0
464,0,1987,10,13,0,25,205,0,1
465,1,1987,18,11,0,13,69,2,0
466,2,1987,2,12,0,14,187,0,1
467,3,1987,18,14,3,17,93,0,2
468,4,1987,15,19,0,28,403,2,1
469,5,1987,9,13,2,23,366,2,0
470,6,1987,15,19,2,16,248,2,0
471,7,1987,14,19,4,14,167,1,0
472,8,1987,14,15,1,13,291,2,2
473,9,1987,8,17,1,11,140,0,0
474,10,1987,24,25,1,20,212,0,1
475,12,1987,8,20,0,23,208,2,0
476,13,1987,13,16,2,16,135,0,0
477,14,1987,9,27,2,21,197,0,1
478,15,1987,2,12,1,15,182,0,1
479,16,1987,13,14,0,20,263,1,0
480,18,1987,9,11,1,18,239,0,1
481,19,1987,15,13,1,19,290,1,1
482,30,1987,14,14,1,23,274,1,1
483,20,1987,11,24,0,18,220,0,0
484,22,1987,15,21,1,21,307,2,0
485,23,1987,11,15,0,13,178,2,0
486,24,1987,12,11,1,16,305,2,1
487,11,1987,8,11,1,23,329,1,0
488,26,1987,10,18,0,30,280,0,2
489,27,1987,20,21,0,17,289,1,0
490,28,1987,7,17,2,27,336,5,1
491,31,1987,12,11,0,26,303,0,1
492,0,1988,18,16,0,22,88,0,1
493,1,1988,7,9,0,26,237,0,1
494,2,1988,13,14,2,22,181,1,1
495,3,1988,15,17,1,15,244,1,1
496,4,1988,9,13,0,16,200,0,0
497,5,1988,11,11,1,20,319,1,1
498,6,1988,17,12,0,21,283,1,1
499,7,1988,13,13,3,16,88,0,1
500,8,1988,12,10,1,16,179,1,0
501,9,1988,16,13,0,18,166,0,3
502,10,1988,15,21,0,15,189,1,0
503,12,1988,7,10,0,10,67,1,1
504,13,1988,19,15,1,16,219,0,0
505,14,1988,12,12,0,32,371,0,2
506,15,1988,18,14,2,24,185,1,0
507,16,1988,22,18,1,15,292,2,1
508,18,1988,20,16,0,24,228,3,1
509,19,1988,22,21,1,15,247,2,0
510,30,1988,22,20,0,22,302,2,2
511,20,1988,12,21,0,20,224,0,2
512,22,1988,16,15,0,20,244,0,0
513,23,1988,10,17,1,17,278,1,0
514,24,1988,14,15,0,23,283,1,1
515,11,1988,11,8,0,14,193,0,1
516,26,1988,14,15,0,17,295,0,2
517,27,1988,14,18,1,22,280,1,0
518,28,1988,14,13,0,20,381,2,1
519,31,1988,18,17,2,36,589,5,2
520,0,1989,18,16,1,21,262,0,0
521,1,1989,14,12,0,26,268,1,0
522,2,1989,10,16,1,21,204,1,0
523,3,1989,13,13,0,23,269,1,0
524,4,1989,21,22,2,21,318,2,1
525,5,1989,14,11,2,27,300,4,0
526,6,1989,17,19,0,21,234,2,2
527,7,1989,7,11,0,16,275,2,1
528,8,1989,11,13,2,25,224,0,0
529,9,1989,19,18,2,15,133,0,1
530,10,1989,20,15,0,21,391,2,0
531,12,1989,5,10,3,7,37,0,0
532,13,1989,8,8,0,15,126,0,1
533,14,1989,19,26,1,30,375,2,1
534,15,1989,4,12,1,20,285,0,0
535,16,1989,11,15,0,22,330,2,2
536,18,1989,16,8,2,15,261,2,1
537,19,1989,17,16,0,16,107,1,0
538,30,1989,14,16,0,21,263,0,2
539,20,1989,12,15,0,25,232,0,1
540,22,1989,15,12,0,16,118,1,0
541,23,1989,22,18,2,18,362,3,1
542,24,1989,12,15,0,21,372,3,0
543,11,1989,16,15,0,27,284,3,3
544,26,1989,17,18,0,21,226,2,3
545,27,1989,15,13,1,9,57,0,0
546,28,1989,19,21,1,21,261,0,0
547,31,1989,18,18,4,18,264,2,2
548,0,1990,0,14,0,17,171,0,1
549,1,1990,0,14,1,31,268,1,0
550,2,1990,0,16,1,15,146,1,2
551,3,1990,30,17,1,18,151,2,0
552,4,1990,0,15,1,10,190,1,3
553,5,1990,0,9,1,13,212,1,0
554,6,1990,0,17,0,25,487,3,0
555,7,1990,0,11,0,16,274,2,0
556,8,1990,0,11,2,19,188,0,1
557,9,1990,0,25,1,20,250,1,1
558,10,1990,0,15,1,9,173,1,0
559,12,1990,0,19,0,11,126,1,1
560,13,1990,24,8,2,19,288,2,1
561,14,1990,0,11,1,19,271,3,0
562,15,1990,0,18,2,17,237,3,1
563,16,1990,0,11,1,23,116,2,0
564,18,1990,0,11,1,18,205,0,1
565,19,1990,0,18,2,17,273,1,0
566,30,1990,0,12,1,21,295,1,1
567,20,1990,0,14,1,16,154,1,0
568,22,1990,0,18,1,14,194,0,0
569,23,1990,0,9,2,13,102,1,0
570,24,1990,0,19,0,12,105,1,0
571,11,1990,0,12,1,21,271,2,2
572,26,1990,0,19,0,8,158,1,1
573,27,1990,0,18,1,12,182,0,0
574,28,1990,0,18,0,24,385,1,1
575,31,1990,0,11,2,22,358,2,2
576,0,1991,17,16,1,12,125,0,1
577,1,1991,9,13,0,17,225,1,0
578,2,1991,13,14,0,17,169,1,1
579,3,1991,16,14,1,23,276,1,0
580,4,1991,15,10,1,24,379,2,0
581,5,1991,25,18,1,15,260,3,1
582,6,1991,20,16,0,11,63,0,0
583,7,1991,19,21,2,17,187,1,0
584,8,1991,14,9,0,19,227,1,0
585,9,1991,17,18,2,15,216,0,1
586,10,1991,12,13,0,15,202,0,0
587,12,1991,13,11,1,12,167,2,1
588,13,1991,14,9,1,12,135,0,0
589,14,1991,25,22,3,26,280,1,0
590,15,1991,14,16,4,19,225,1,3
591,16,1991,13,9,0,12,122,0,0
592,18,1991,20,19,0,18,283,2,0
593,19,1991,17,17,1,19,286,2,1
594,30,1991,19,19,3,20,255,2,0
595,20,1991,12,14,1,15,234,0,1
596,22,1991,14,20,0,12,93,0,0
597,23,1991,12,13,1,18,155,0,1
598,24,1991,12,8,1,11,175,1,1
599,11,1991,10,13,0,28,284,3,0
600,26,1991,21,20,0,29,482,2,0
601,27,1991,18,21,0,18,302,2,0
602,28,1991,14,11,1,19,329,2,0
603,31,1991,12,11,0,17,242,2,0
604,0,1992,14,12,1,17,172,1,0
605,1,1992,17,16,1,14,188,0,0
606,2,1992,20,17,2,16,205,1,0
607,3,1992,14,12,1,23,325,2,1
608,4,1992,18,16,1,15,210,1,0
609,5,1992,20,20,3,13,222,1,0
610,6,1992,12,13,3,20,234,1,0
611,7,1992,18,12,0,16,298,3,1
612,8,1992,10,11,0,25,405,1,3
613,9,1992,21,15,2,24,403,6,0
614,10,1992,14,15,0,20,302,1,0
615,12,1992,15,14,1,17,158,1,1
616,13,1992,15,14,0,18,458,3,0
617,14,1992,11,13,1,24,307,2,1
618,15,1992,14,12,1,11,135,0,0
619,16,1992,15,12,0,14,192,1,0
620,18,1992,20,18,0,21,269,3,1
621,19,1992,14,11,1,21,255,0,0
622,30,1992,14,11,3,20,181,1,1
623,20,1992,19,19,1,15,222,1,0
624,22,1992,18,15,2,14,285,3,0
625,23,1992,11,7,0,12,339,1,1
626,24,1992,15,15,0,18,283,1,1
627,11,1992,18,11,1,23,485,2,0
628,26,1992,29,20,3,18,254,3,0
629,27,1992,18,11,1,20,324,0,0
630,28,1992,24,21,1,22,384,1,0
631,31,1992,14,14,2,28,502,6,1
632,0,1993,15,11,1,19,267,3,0
633,1,1993,15,12,2,18,300,2,0
634,2,1993,13,14,0,12,272,2,3
635,3,1993,24,24,1,23,306,3,1
636,4,1993,15,13,0,18,236,1,1
637,5,1993,14,9,1,13,208,1,2
638,6,1993,14,13,0,9,71,2,0
639,7,1993,19,17,2,9,124,1,2
640,8,1993,10,12,0,22,319,1,0
641,9,1993,25,17,2,21,225,0,0
642,10,1993,15,11,2,10,116,0,0
643,12,1993,11,14,0,14,171,1,0
644,13,1993,15,14,0,13,175,1,0
645,14,1993,20,15,1,20,324,4,2
646,15,1993,15,11,1,13,160,0,0
647,16,1993,19,10,0,18,184,1,1
648,18,1993,21,18,0,19,233,1,1
649,19,1993,21,16,2,19,156,1,0
650,30,1993,20,17,3,26,412,3,1
651,20,1993,17,15,1,18,255,0,1
652,22,1993,11,9,0,13,122,0,0
653,23,1993,11,9,0,14,199,1,0
654,24,1993,10,9,1,11,127,0,0
655,11,1993,17,14,2,17,241,2,1
656,26,1993,25,20,2,10,133,0,1
657,27,1993,17,15,2,22,196,1,4
658,28,1993,24,14,2,24,386,1,0
659,31,1993,18,10,0,24,211,2,2
660,0,1994,17,12,1,23,508,4,0
661,1,1994,14,10,0,12,127,0,0
662,2,1994,13,8,0,10,167,0,1
663,3,1994,14,12,1,16,175,0,1
664,4,1994,13,14,0,12,55,0,0
665,5,1994,12,13,0,18,223,1,0
666,6,1994,13,12,0,9,77,0,0
667,7,1994,16,13,0,23,297,1,1
668,8,1994,14,15,0,17,402,3,0
669,9,1994,26,26,0,12,218,1,2
670,10,1994,13,10,2,18,360,3,0
671,12,1994,8,9,0,22,297,3,0
672,13,1994,18,9,0,23,276,1,0
673,14,1994,15,14,0,21,209,2,1
674,15,1994,16,11,1,22,322,2,0
675,16,1994,11,16,0,16,128,0,2
676,18,1994,23,21,0,17,355,3,0
677,19,1994,20,11,1,12,144,2,1
678,30,1994,11,12,0,14,242,1,1
679,20,1994,16,12,0,21,232,1,0
680,22,1994,22,18,1,22,209,1,0
681,23,1994,13,13,2,12,187,3,0
682,24,1994,11,6,2,14,211,1,1
683,11,1994,11,6,2,17,326,3,1
684,26,1994,18,14,2,17,197,1,0
685,27,1994,12,11,0,19,284,2,1
686,28,1994,20,14,1,17,240,2,0
687,31,1994,13,16,2,18,338,4,0
688,0,1995,16,0,0,26,425,5,0
689,1,1995,14,13,0,16,146,1,1
690,2,1995,20,12,0,12,175,1,2
691,3,1995,16,11,0,17,233,2,0
692,4,1995,14,13,1,8,114,0,0
693,5,1995,12,7,0,17,230,2,0
694,6,1995,17,16,1,14,137,1,0
695,7,1995,22,0,0,19,259,4,0
696,8,1995,13,10,2,17,220,1,1
697,9,1995,22,17,2,16,303,2,0
698,10,1995,17,13,1,13,248,1,1
699,12,1995,10,6,0,19,261,4,0
700,13,1995,20,16,1,14,161,1,0
701,14,1995,20,19,4,19,239,1,0
702,15,1995,14,12,0,18,304,2,0
703,16,1995,17,15,1,16,269,2,1
704,17,1995,19,11,0,13,155,1,0
705,18,1995,17,0,0,17,261,3,1
706,19,1995,18,13,1,22,270,0,1
707,30,1995,20,17,0,21,317,4,1
708,20,1995,9,3,1,13,253,0,0
709,21,1995,17,15,1,21,319,2,0
710,22,1995,17,14,1,15,143,0,0
711,23,1995,23,22,3,11,110,2,0
712,24,1995,18,14,3,22,245,2,1
713,11,1995,19,18,1,16,250,2,1
714,26,1995,16,12,0,17,195,1,0
715,27,1995,14,9,2,16,127,0,1
716,28,1995,21,12,2,22,361,3,0
717,31,1995,16,15,2,25,326,2,0
718,0,1996,23,14,1,20,176,1,4
719,1,1996,19,11,2,17,107,1,1
720,2,1996,10,10,1,34,308,2,0
721,3,1996,13,14,1,14,113,0,0
722,4,1996,17,9,0,23,241,1,0
723,6,1996,20,12,0,17,139,0,0
724,7,1996,9,14,1,11,122,1,0
725,8,1996,15,14,0,22,336,1,0
726,9,1996,17,10,1,17,171,0,1
727,10,1996,15,10,0,13,276,4,1
728,12,1996,21,13,1,19,168,0,0
729,13,1996,20,16,0,20,475,3,1
730,14,1996,15,12,3,19,303,1,1
731,15,1996,16,17,0,6,41,0,0
732,16,1996,15,13,1,22,341,3,2
733,17,1996,17,14,0,13,114,0,0
734,18,1996,17,15,1,11,165,2,0
735,19,1996,16,8,1,11,169,2,0
736,30,1996,17,14,0,12,162,1,2
737,20,1996,17,12,0,26,524,3,1
738,21,1996,19,16,3,22,277,0,2
739,22,1996,17,11,2,23,255,2,1
740,23,1996,10,9,1,17,353,2,2
741,24,1996,19,13,0,26,390,4,1
742,25,1996,15,7,0,15,147,1,0
743,11,1996,15,9,1,21,214,1,0
744,26,1996,18,10,1,12,114,0,0
745,27,1996,22,18,0,14,256,1,0
746,28,1996,22,17,2,23,334,3,0
747,31,1996,17,13,0,22,206,1,0
748,0,1997,17,16,2,25,366,1,0
749,1,1997,15,17,0,13,60,0,1
750,2,1997,11,10,1,13,183,0,0
751,3,1997,13,7,0,15,157,0,1
752,4,1997,16,13,2,18,319,5,0
753,6,1997,11,13,0,13,95,0,0
754,7,1997,9,5,0,15,231,3,0
755,8,1997,9,11,2,15,257,3,0
756,9,1997,20,13,1,21,432,4,3
757,10,1997,17,13,2,12,234,2,1
758,12,1997,12,12,2,7,130,1,0
759,13,1997,19,17,2,10,92,0,0
760,14,1997,13,12,1,14,186,1,0
761,15,1997,14,10,0,18,114,0,0
762,16,1997,17,17,0,27,503,4,1
763,17,1997,20,15,1,14,145,0,0
764,18,1997,17,7,0,18,379,4,0
765,19,1997,17,8,2,17,309,3,1
766,30,1997,18,17,2,14,328,2,0
767,20,1997,10,11,3,21,329,3,0
768,21,1997,12,11,0,11,72,0,1
769,22,1997,20,13,0,19,366,4,1
770,23,1997,15,12,2,10,149,1,1
771,24,1997,12,14,1,25,281,1,0
772,25,1997,14,11,0,17,241,1,1
773,11,1997,18,14,1,16,222,3,0
774,26,1997,19,15,1,16,194,0,0
775,27,1997,21,16,3,13,196,1,1
776,28,1997,17,13,1,20,253,0,0
777,31,1997,21,15,2,12,141,0,0
778,0,1998,18,12,0,21,178,0,0
779,1,1998,16,14,1,14,129,1,2
780,2,1998,11,7,1,13,144,1,0
781,3,1998,14,13,1,18,204,1,1
782,4,1998,14,11,0,19,439,2,0
783,6,1998,21,14,0,12,212,1,0
784,7,1998,18,19,0,20,235,1,2
785,8,1998,8,7,0,20,203,1,1
786,9,1998,22,20,1,13,187,0,1
787,10,1998,19,11,0,8,97,0,0
788,12,1998,17,12,1,14,250,1,1
789,13,1998,14,7,0,29,318,4,0
790,14,1998,9,8,0,9,158,0,1
791,15,1998,25,25,4,19,224,2,1
792,16,1998,16,7,0,19,217,3,0
793,17,1998,17,17,2,13,119,0,0
794,18,1998,12,9,2,21,263,1,1
795,19,1998,14,9,0,12,132,1,0
796,30,1998,9,7,2,12,98,2,0
797,20,1998,14,10,2,13,111,1,1
798,21,1998,16,14,0,19,295,2,0
799,22,1998,8,7,0,24,255,3,0
800,23,1998,16,14,1,21,420,3,0
801,24,1998,9,7,0,16,201,1,0
802,25,1998,8,5,0,17,161,2,2
803,11,1998,8,7,0,13,190,0,1
804,26,1998,17,11,4,21,466,5,2
805,27,1998,27,18,2,24,455,8,0
806,28,1998,15,13,0,16,335,3,0
807,31,1998,15,15,2,19,341,3,1
808,0,1999,7,7,3,13,209,2,1
809,1,1999,18,19,1,14,229,1,0
810,2,1999,16,15,0,12,100,1,0
811,3,1999,11,9,1,12,180,0,0
812,4,1999,19,11,1,15,169,1,2
813,5,1999,11,12,0,8,52,0,0
814,6,1999,16,9,0,21,355,2,1
815,7,1999,20,10,0,17,276,3,0
816,8,1999,14,12,2,15,123,0,1
817,9,1999,16,20,4,25,378,5,0
818,10,1999,16,13,1,10,287,1,0
819,12,1999,10,9,1,24,442,4,1
820,13,1999,11,10,1,18,243,1,1
821,14,1999,28,18,0,28,625,5,2
822,15,1999,8,6,0,12,166,1,1
823,16,1999,13,7,1,17,232,2,0
824,17,1999,21,11,1,19,330,3,3
825,18,1999,17,11,1,24,443,3,1
826,19,1999,25,16,3,16,235,1,1
827,20,1999,14,15,2,26,137,1,1
828,21,1999,15,14,0,15,169,0,0
829,22,1999,13,15,2,16,110,2,0
830,23,1999,13,13,1,20,247,1,0
831,24,1999,14,7,1,29,567,7,1
832,25,1999,15,10,0,21,403,4,1
833,11,1999,18,13,1,24,375,3,0
834,26,1999,18,15,2,19,138,0,0
835,27,1999,11,6,0,30,336,2,0
836,28,1999,13,14,2,14,149,0,0
837,30,1999,24,24,2,16,257,1,4
838,31,1999,18,18,0,12,66,1,1
839,0,2000,15,0,0,13,278,2,0
840,1,2000,13,0,0,11,254,4,0
841,2,2000,16,0,0,9,107,1,1
842,3,2000,17,0,0,16,131,1,0
843,4,2000,23,0,0,27,343,5,1
844,5,2000,18,0,0,12,68,1,0
845,6,2000,12,0,0,25,275,4,1
846,7,2000,13,0,0,10,151,0,0
847,8,2000,9,0,0,16,313,4,1
848,9,2000,8,0,0,15,198,2,0
849,10,2000,10,0,0,14,125,2,2
850,12,2000,15,0,0,16,167,0,1
851,13,2000,21,0,0,28,311,0,1
852,14,2000,16,0,0,19,255,2,0
853,15,2000,12,0,0,15,287,1,1
854,16,2000,8,0,0,20,149,0,0
855,17,2000,17,0,0,12,145,0,0
856,18,2000,16,0,0,21,229,1,0
857,19,2000,24,0,0,25,340,2,0
858,20,2000,7,0,0,21,315,1,1
859,21,2000,22,0,0,17,199,2,0
860,22,2000,15,0,0,10,161,0,0
861,23,2000,20,0,0,21,323,4,2
862,24,2000,11,0,0,19,135,0,0
863,25,2000,25,0,0,23,477,1,1
864,11,2000,16,0,0,17,219,0,1
865,26,2000,18,0,0,20,264,4,0
866,27,2000,16,0,0,17,300,3,1
867,28,2000,17,0,0,17,154,0,1
868,30,2000,26,0,0,17,285,4,0
869,31,2000,9,0,0,8,65,0,0
870,0,2001,20,0,0,24,330,2,0
871,1,2001,24,0,0,20,372,3,0
872,2,2001,14,0,0,13,192,1,0
873,3,2001,17,0,0,11,139,3,0
874,4,2001,15,0,0,22,240,1,0
875,5,2001,20,0,0,33,499,4,1
876,6,2001,15,0,0,28,419,2,0
877,7,2001,11,0,0,17,294,3,0
878,8,2001,16,0,0,19,162,1,0
879,9,2001,17,0,0,13,166,1,1
880,10,2001,11,0,0,15,158,1,0
881,12,2001,17,0,0,9,191,3,0
882,13,2001,19,0,0,17,412,5,0
883,14,2001,28,0,0,14,152,2,0
884,15,2001,14,0,0,18,154,0,0
885,16,2001,15,0,0,15,129,1,0
886,17,2001,17,0,0,12,83,0,1
887,18,2001,21,0,0,20,390,2,0
888,19,2001,6,0,0,16,217,3,0
889,20,2001,20,0,0,20,344,2,1
890,21,2001,15,0,0,24,374,1,0
891,22,2001,12,0,0,22,422,5,0
892,23,2001,11,0,0,17,306,2,0
893,24,2001,16,0,0,21,369,4,0
894,25,2001,19,0,0,16,195,1,0
895,11,2001,19,0,0,23,209,1,0
896,26,2001,20,0,0,15,209,0,0
897,27,2001,24,0,0,14,186,2,0
898,28,2001,19,0,0,16,270,2,0
899,30,2001,14,0,0,13,78,0,1
900,31,2001,15,0,0,8,47,1,0
901,0,2002,14,0,0,19,332,1,0
902,1,2002,21,0,0,9,111,0,0
903,2,2002,12,0,0,9,187,2,0
904,3,2002,9,0,0,10,147,1,0
905,4,2002,14,0,0,9,107,2,0
906,5,2002,19,0,0,17,148,0,0
907,6,2002,18,0,0,31,494,4,0
908,7,2002,7,0,0,17,186,2,0
909,8,2002,13,0,0,17,246,1,0
910,9,2002,14,0,0,18,302,0,0
911,10,2002,24,0,0,10,170,1,0
912,12,2002,16,0,0,19,227,3,0
913,13,2002,15,0,0,21,258,1,0
914,14,2002,29,0,0,15,193,2,0
915,15,2002,19,0,0,24,285,1,0
916,16,2002,14,0,0,11,93,1,0
917,17,2002,14,0,0,14,193,0,1
918,18,2002,11,0,0,15,207,0,0
919,19,2002,19,0,0,10,173,1,0
920,20,2002,22,0,0,24,516,4,0
921,21,2002,23,0,0,17,261,1,0
922,22,2002,15,0,0,18,277,3,0
923,23,2002,11,0,0,21,347,3,0
924,24,2002,25,0,0,12,74,0,0
925,25,2002,11,0,0,25,449,2,0
926,11,2002,19,0,0,14,173,1,0
927,26,2002,21,0,0,20,211,1,0
928,27,2002,17,0,0,19,245,1,0
929,28,2002,13,0,0,19,351,1,0
930,29,2002,10,0,0,10,188,2,2
931,30,2002,15,0,0,18,198,3,0
932,31,2002,5,0,0,16,191,1,0
933,0,2003,15,0,0,23,389,1,1
934,1,2003,13,0,0,15,191,1,0
935,2,2003,16,0,0,14,123,0,0
936,3,2003,15,0,0,10,114,2,1
937,4,2003,18,0,0,9,39,1,0
938,5,2003,15,0,0,15,168,1,0
939,6,2003,23,0,0,20,229,3,0
940,7,2003,14,0,0,13,271,1,0
941,8,2003,14,0,0,13,157,1,0
942,9,2003,15,0,0,25,310,3,0
943,10,2003,24,0,0,15,244,2,0
944,12,2003,19,0,0,13,183,2,2
945,13,2003,18,0,0,22,338,2,1
946,14,2003,17,0,0,13,158,1,0
947,15,2003,23,0,0,15,197,3,0
948,16,2003,21,0,0,10,199,2,0
949,17,2003,16,0,0,15,78,0,0
950,18,2003,11,0,0,11,155,0,0
951,19,2003,17,0,0,15,130,1,0
952,20,2003,18,0,0,21,315,2,0
953,21,2003,14,0,0,16,238,3,0
954,22,2003,19,0,0,29,358,5,0
955,23,2003,12,0,0,14,280,2,0
956,24,2003,25,0,0,24,505,3,1
957,25,2003,23,0,0,24,511,4,0
958,11,2003,16,0,0,17,184,0,1
959,26,2003,20,0,0,14,226,2,1
960,27,2003,12,0,0,16,157,0,1
961,28,2003,11,0,0,14,215,2,0
962,29,2003,11,0,0,14,205,1,0
963,30,2003,14,0,0,21,312,3,1
964,31,2003,19,0,0,28,693,4,0
965,0,2004,18,0,0,9,129,0,0
966,1,2004,20,0,0,17,546,5,1
967,2,2004,24,0,0,20,272,4,0
968,3,2004,21,0,0,24,333,4,1
969,4,2004,17,0,0,12,175,2,0
970,5,2004,12,0,0,15,250,1,0
971,6,2004,16,0,0,16,239,1,0
972,7,2004,20,0,0,15,214,1,0
973,8,2004,12,0,0,23,180,1,0
974,9,2004,13,0,0,13,173,1,0
975,10,2004,27,0,0,19,252,2,0
976,12,2004,15,0,0,13,109,0,0
977,13,2004,18,0,0,15,92,0,1
978,14,2004,19,0,0,17,287,2,0
979,15,2004,19,0,0,19,442,4,0
980,16,2004,18,0,0,14,113,0,0
981,17,2004,14,0,0,16,126,0,2
982,18,2004,18,0,0,19,243,2,0
983,19,2004,17,0,0,14,216,1,1
984,20,2004,13,0,0,8,165,2,0
985,21,2004,19,0,0,26,420,2,0
986,22,2004,23,0,0,20,290,1,0
987,23,2004,9,0,0,9,221,1,0
988,24,2004,13,0,0,6,45,0,0
989,25,2004,17,0,0,21,700,5,0
990,11,2004,13,0,0,18,405,1,0
991,26,2004,25,0,0,13,101,0,1
992,27,2004,19,0,0,23,337,3,0
993,28,2004,20,0,0,19,293,3,0
994,29,2004,11,0,0,22,393,2,0
995,30,2004,11,0,0,18,285,1,0
996,31,2004,17,0,0,11,207,1,0
997,0,2005,13,0,0,16,220,3,0
998,1,2005,21,0,0,24,524,4,0
999,2,2005,19,0,0,31,260,1,0
1000,3,2005,16,0,0,17,233,1,1
1001,4,2005,22,0,0,20,379,3,1
1002,5,2005,12,0,0,15,130,0,0
1003,6,2005,17,0,0,17,223,0,1
1004,7,2005,18,0,0,15,285,3,0
1005,8,2005,16,0,0,10,205,2,0
1006,9,2005,20,0,0,16,232,1,0
1007,10,2005,27,0,0,18,259,2,0
1008,12,2005,17,0,0,15,187,2,0
1009,13,2005,22,0,0,14,136,0,3
1010,14,2005,22,0,0,17,195,1,0
1011,15,2005,14,0,0,16,268,0,1
1012,16,2005,19,0,0,17,354,1,0
1013,17,2005,17,0,0,19,184,2,0
1014,18,2005,16,0,0,21,279,2,0
1015,19,2005,20,0,0,19,308,2,1
1016,20,2005,14,0,0,10,205,2,0
1017,21,2005,19,0,0,23,440,2,0
1018,22,2005,8,0,0,10,85,2,0
1019,23,2005,15,0,0,5,38,0,0
1020,24,2005,18,0,0,13,364,2,0
1021,25,2005,19,0,0,11,191,1,0
1022,11,2005,20,0,0,16,176,1,0
1023,26,2005,9,0,0,10,182,0,0
1024,27,2005,17,0,0,16,315,2,0
1025,28,2005,21,0,0,15,179,0,1
1026,29,2005,20,0,0,7,46,0,0
1027,30,2005,13,0,0,9,129,2,1
1028,31,2005,12,0,0,24,392,3,0
1029,0,2006,17,0,0,14,178,1,0
1030,1,2006,27,0,0,24,279,1,1
1031,2,2006,14,1,0,19,248,1,0
1032,3,2006,16,0,0,13,203,2,0
1033,4,2006,22,0,0,17,244,2,0
1034,5,2006,8,1,0,18,256,1,0
1035,6,2006,19,0,0,11,226,3,0
1036,7,2006,21,0,0,16,350,1,0
1037,8,2006,17,0,0,16,140,0,0
1038,9,2006,23,0,0,15,124,0,0
1039,10,2006,20,0,0,15,157,0,0
1040,12,2006,21,0,0,18,234,3,0
1041,13,2006,27,0,0,8,116,2,0
1042,14,2006,19,0,0,19,428,4,0
1043,15,2006,19,0,0,12,257,1,0
1044,16,2006,17,0,0,17,305,2,1
1045,17,2006,8,0,0,20,280,1,0
1046,18,2006,13,0,0,16,56,0,0
1047,19,2006,18,1,0,12,160,1,1
1048,20,2006,16,0,0,23,289,4,0
1049,21,2006,15,0,0,14,115,2,1
1050,22,2006,14,0,0,22,262,0,1
1051,23,2006,9,1,0,18,206,2,1
1052,24,2006,19,0,0,17,164,1,0
1053,25,2006,13,0,0,28,544,5,2
1054,11,2006,12,0,0,6,25,0,1
1055,26,2006,15,0,0,11,106,0,0
1056,27,2006,18,0,0,12,124,1,0
1057,28,2006,13,1,0,20,272,2,0
1058,29,2006,13,0,0,11,78,1,0
1059,30,2006,10,0,0,17,282,2,0
1060,31,2006,14,2,0,21,243,3,0
1061,1,2007,24,0,0,16,235,1,0
1062,2,2007,16,0,0,19,220,1,1
1063,3,2007,12,0,0,18,193,2,2
1064,4,2007,21,0,0,14,105,0,0
1065,5,2007,12,0,0,17,216,1,0
1066,6,2007,27,0,0,16,89,1,0
1067,7,2007,14,0,0,18,551,6,0
1068,8,2007,19,0,0,30,311,2,0
1069,9,2007,14,0,0,14,142,0,1
1070,10,2007,20,0,0,22,355,1,1
1071,12,2007,20,0,0,19,331,2,0
1072,13,2007,14,0,0,14,160,1,0
1073,14,2007,10,0,0,11,111,0,0
1074,15,2007,16,0,0,16,174,0,0
1075,16,2007,16,0,0,15,204,3,0
1076,17,2007,15,0,0,20,237,2,0
1077,18,2007,10,0,0,15,110,0,0
1078,19,2007,25,0,0,17,362,3,1
1079,0,2007,12,0,0,12,138,0,1
1080,20,2007,13,0,0,19,233,1,0
1081,21,2007,18,0,0,14,163,1,0
1082,22,2007,20,0,0,19,288,3,0
1083,23,2007,13,0,0,18,321,2,1
1084,24,2007,17,0,0,18,200,2,1
1085,25,2007,11,0,0,17,212,1,0
1086,11,2007,18,0,0,14,301,2,2
1087,26,2007,17,0,0,13,267,3,1
1088,27,2007,25,0,0,20,299,1,1
1089,28,2007,25,0,0,11,234,2,0
1090,29,2007,18,0,0,11,75,0,0
1091,30,2007,16,0,0,22,358,2,0
1092,31,2007,22,0,0,15,298,6,0
1093,1,2008,8,0,0,22,312,1,1
1094,2,2008,13,0,0,12,236,1,0
1095,3,2008,15,0,0,10,217,3,0
1096,4,2008,9,0,0,6,63,0,0
1097,5,2008,11,0,0,23,406,2,0
1098,6,2008,12,0,0,22,396,3,0
1099,7,2008,20,0,0,13,321,2,0
1100,8,2008,13,0,0,15,167,2,0
1101,9,2008,20,0,0,13,275,2,0
1102,10,2008,22,0,0,15,204,2,0
1103,12,2008,17,0,0,8,36,1,1
1104,13,2008,17,0,0,18,214,2,1
1105,14,2008,21,0,0,15,279,2,0
1106,15,2008,10,0,0,10,233,2,0
1107,16,2008,15,0,0,17,339,2,1
1108,17,2008,11,0,0,13,220,2,0
1109,18,2008,29,0,0,14,282,3,0
1110,19,2008,22,0,0,4,16,0,0
1111,0,2008,12,0,0,12,139,1,0
1112,20,2008,14,0,0,22,685,6,0
1113,21,2008,17,0,0,12,192,0,0
1114,22,2008,13,0,0,14,104,0,0
1115,23,2008,15,0,0,16,145,0,2
1116,24,2008,18,0,0,12,162,0,0
1117,25,2008,13,0,0,26,477,5,2
1118,11,2008,11,0,0,13,114,0,0
1119,26,2008,10,0,0,15,188,0,1
1120,27,2008,22,0,0,9,217,2,0
1121,28,2008,12,0,0,20,290,2,1
1122,29,2008,15,0,0,12,178,1,0
1123,30,2008,23,0,0,20,351,3,0
1124,31,2008,22,0,0,12,56,0,2
1125,1,2009,23,0,0,13,144,1,1
1126,2,2009,11,0,0,19,259,2,0
1127,3,2009,13,0,0,28,335,2,0
1128,4,2009,20,0,0,17,171,0,0
1129,5,2009,11,0,0,10,161,0,0
1130,6,2009,10,0,0,19,275,2,0
1131,7,2009,12,0,0,21,338,1,0
1132,8,2009,18,0,0,14,173,1,0
1133,9,2009,11,0,0,15,380,2,1
1134,10,2009,14,0,0,16,167,2,0
1135,12,2009,17,0,0,11,33,1,0
1136,13,2009,14,0,0,15,164,1,0
1137,14,2009,15,0,0,25,370,2,1
1138,15,2009,20,0,0,15,158,1,0
1139,16,2009,20,0,0,13,221,2,0
1140,17,2009,15,0,0,15,208,0,0
1141,18,2009,15,0,0,17,247,1,0
1142,19,2009,18,0,0,9,210,2,2
1143,0,2009,23,0,0,18,237,1,0
1144,20,2009,12,0,0,30,477,3,0
1145,21,2009,22,0,0,22,235,1,1
1146,22,2009,18,0,0,18,327,3,0
1147,23,2009,13,0,0,8,35,0,0
1148,24,2009,14,0,0,8,102,1,0
1149,25,2009,15,0,0,22,346,2,0
1150,11,2009,17,0,0,11,185,0,0
1151,26,2009,15,0,0,26,652,5,0
1152,27,2009,13,0,0,13,164,2,0
1153,28,2009,14,0,0,12,189,2,0
1154,29,2009,13,0,0,14,212,1,2
1155,30,2009,13,0,0,20,433,4,0
1156,31,2009,23,0,0,11,43,0,1
1157,1,2010,23,0,0,21,332,1,0
1158,2,2010,12,10,1,16,200,1,0
1159,3,2010,15,0,0,11,210,2,0
1160,4,2010,13,0,0,10,118,0,0
1161,5,2010,9,0,0,19,320,2,0
1162,6,2010,12,0,0,19,339,3,0
1163,7,2010,13,0,0,17,424,3,0
1164,8,2010,11,0,0,16,240,3,1
1165,9,2010,18,0,0,14,204,3,0
1166,10,2010,12,0,0,10,206,2,0
1167,12,2010,14,10,1,20,302,3,0
1168,13,2010,13,0,0,11,66,0,0
1169,14,2010,11,0,0,23,182,1,0
1170,15,2010,14,9,1,22,337,2,0
1171,16,2010,34,0,0,16,110,0,0
1172,17,2010,8,0,0,13,105,0,0
1173,18,2010,17,0,0,12,214,3,2
1174,19,2010,21,0,0,14,194,2,0
1175,0,2010,13,0,0,15,239,3,0
1176,20,2010,15,0,0,24,318,3,0
1177,21,2010,14,0,0,17,285,1,1
1178,22,2010,11,0,0,25,419,4,0
1179,23,2010,15,0,0,12,105,2,2
1180,24,2010,23,0,0,14,161,0,1
1181,25,2010,15,0,0,19,289,3,0
1182,11,2010,19,0,0,14,199,1,0
1183,26,2010,25,0,0,9,196,2,0
1184,27,2010,16,0,0,12,168,2,1
1185,28,2010,24,0,0,21,248,3,0
1186,29,2010,11,0,0,13,90,0,0
1187,30,2010,17,0,0,17,198,1,1
1188,31,2010,12,0,0,15,152,1,0
1189,1,2011,14,0,0,20,177,4,1
1190,2,2011,18,0,0,10,137,1,0
1191,3,2011,15,0,0,20,341,4,1
1192,4,2011,11,0,0,9,152,3,0
1193,5,2011,15,0,0,9,93,0,0
1194,6,2011,13,0,0,14,195,3,1
1195,7,2011,12,0,0,10,117,0,0
1196,8,2011,7,0,0,17,260,1,0
1197,9,2011,13,0,0,20,283,2,0
1198,10,2011,14,0,0,8,118,2,0
1199,12,2011,13,0,0,15,217,1,0
1200,13,2011,9,0,0,16,256,1,0
1201,14,2011,10,0,0,15,192,1,1
1202,15,2011,13,0,0,19,301,2,0
1203,16,2011,13,0,0,20,157,0,2
1204,17,2011,19,0,0,17,160,0,0
1205,18,2011,19,0,0,19,378,2,2
1206,19,2011,17,0,0,21,458,5,0
1207,0,2011,19,0,0,23,284,1,1
1208,20,2011,13,0,0,31,468,4,0
1209,21,2011,12,0,0,14,197,0,2
1210,22,2011,10,0,0,23,296,2,0
1211,23,2011,7,0,0,18,252,0,1
1212,24,2011,16,0,0,12,169,1,1
1213,25,2011,21,0,0,15,175,1,0
1214,11,2011,17,0,0,13,127,1,0
1215,26,2011,17,0,0,9,80,1,0
1216,27,2011,13,0,0,22,462,4,1
1217,28,2011,10,0,0,11,99,0,0
1218,29,2011,13,0,0,17,196,1,0
1219,30,2011,15,0,0,11,179,1,0
1220,31,2011,19,0,0,8,152,0,1
1221,1,2012,26,0,0,24,488,8,0
1222,2,2012,16,0,0,14,164,2,0
1223,3,2012,21,0,0,12,178,1,1
1224,4,2012,19,0,0,16,347,5,2
1225,5,2012,16,0,0,17,230,2,0
1226,6,2012,11,0,0,18,419,3,0
1227,7,2012,13,0,0,22,306,2,0
1228,8,2012,18,0,0,14,336,5,1
1229,9,2012,14,0,0,7,119,0,1
1230,10,2012,6,0,0,12,155,4,0
1231,12,2012,14,0,0,7,147,1,0
1232,13,2012,15,0,0,10,99,0,0
1233,14,2012,13,0,0,8,31,0,0
1234,15,2012,15,0,0,20,246,1,0
1235,16,2012,16,0,0,21,496,1,0
1236,17,2012,12,0,0,12,122,0,0
1237,18,2012,14,0,0,11,117,2,0
1238,19,2012,11,0,0,11,135,0,1
1239,0,2012,15,0,0,14,216,2,1
1240,20,2012,8,0,0,18,246,1,0
1241,21,2012,16,0,0,11,181,3,1
1242,22,2012,30,0,0,20,371,2,0
1243,23,2012,9,0,0,11,91,0,0
1244,24,2012,12,0,0,17,382,4,0
1245,25,2012,10,0,0,13,196,2,0
1246,11,2012,12,0,0,21,257,3,0
1247,26,2012,11,0,0,15,369,4,0
1248,27,2012,18,0,0,18,255,2,0
1249,28,2012,15,0,0,10,127,1,0
1250,29,2012,17,0,0,15,333,3,1
1251,30,2012,13,0,0,19,358,4,0
1252,31,2012,16,0,0,10,224,3,0
1253,1,2013,19,8,1,19,428,5,0
1254,2,2013,13,11,1,20,200,4,0
1255,3,2013,12,6,1,23,289,2,0
1256,4,2013,16,9,1,17,141,1,0
1257,5,2013,8,7,1,14,274,3,0
1258,6,2013,15,10,0,21,338,3,1
1259,7,2013,11,9,1,20,251,4,2
1260,8,2013,11,6,0,11,143,1,0
1261,9,2013,13,15,2,21,488,5,0
1262,10,2013,19,12,0,15,186,1,2
1263,12,2013,13,13,3,15,257,2,0
1264,13,2013,10,6,0,18,204,2,1
1265,14,2013,13,12,1,19,294,1,2
1266,15,2013,13,10,1,10,176,2,0
1267,16,2013,15,12,0,17,270,2,0
1268,17,2013,15,10,1,11,172,1,1
1269,18,2013,10,2,0,13,167,1,0
1270,19,2013,11,7,1,15,211,1,2
1271,0,2013,12,10,3,18,278,2,1
1272,20,2013,16,11,2,11,36,0,0
1273,21,2013,11,9,0,20,234,4,0
1274,22,2013,11,12,1,17,220,2,0
1275,23,2013,19,12,2,9,83,1,0
1276,24,2013,21,15,3,14,256,2,1
1277,25,2013,14,7,0,16,160,1,0
1278,11,2013,12,9,1,16,247,4,0
1279,26,2013,13,7,0,12,169,0,0
1280,27,2013,17,10,1,28,385,3,1
1281,28,2013,16,10,0,10,203,3,0
1282,29,2013,10,4,0,7,86,1,1
1283,30,2013,14,12,2,13,113,1,0
1284,31,2013,12,8,1,12,78,0,0
1285,1,2014,18,10,0,14,141,1,0
1286,2,2014,7,6,0,20,161,1,2
1287,3,2014,14,11,1,19,322,0,0
1288,4,2014,15,7,1,18,213,2,1
1289,5,2014,15,8,1,21,333,2,1
1290,6,2014,16,11,0,14,155,3,0
1291,7,2014,9,7,1,18,321,3,0
1292,8,2014,16,11,3,7,65,0,0
1293,9,2014,13,7,0,6,95,1,0
1294,10,2014,21,13,1,12,143,1,0
1295,12,2014,15,12,1,18,228,2,0
1296,13,2014,13,11,1,14,299,2,1
1297,14,2014,24,16,2,12,145,2,0
1298,15,2014,13,12,1,16,113,1,0
1299,16,2014,15,8,1,17,236,0,0
1300,17,2014,19,13,2,6,80,1,0
1301,18,2014,9,7,0,6,36,0,1
1302,19,2014,11,7,1,20,388,1,1
1303,0,2014,10,6,1,23,315,2,0
1304,20,2014,12,9,1,18,396,3,0
1305,21,2014,22,12,0,14,350,2,0
1306,22,2014,15,8,2,16,184,0,0
1307,23,2014,12,5,1,9,76,0,0
1308,24,2014,17,12,0,13,276,3,0
1309,25,2014,16,11,0,11,135,1,1
1310,11,2014,14,12,0,7,38,0,0
1311,26,2014,11,5,0,12,120,0,2
1312,27,2014,18,10,0,13,319,2,1
1313,28,2014,12,10,1,11,242,4,0
1314,29,2014,17,14,1,20,483,4,1
1315,30,2014,5,4,1,12,122,1,0
1316,31,2014,9,6,1,13,201,2,0
1317,1,2015,6,9,0,8,103,0,0
1318,2,2015,10,7,0,21,202,1,0
1319,3,2015,9,8,1,17,253,2,0
1320,4,2015,22,12,1,14,321,4,1
1321,5,2015,14,10,0,11,210,2,0
1322,6,2015,19,12,2,11,93,1,0
1323,7,2015,22,14,2,19,263,4,2
1324,8,2015,11,9,0,11,152,1,0
1325,9,2015,13,6,2,22,477,4,1
1326,10,2015,13,8,1,17,196,4,1
1327,12,2015,6,3,0,8,62,1,1
1328,13,2015,8,3,0,13,184,3,0
1329,14,2015,18,11,1,15,280,3,1
1330,15,2015,12,8,2,15,220,1,0
1331,16,2015,18,12,2,15,206,2,1
1332,17,2015,14,9,2,9,120,1,0
1333,18,2015,15,12,0,18,191,0,0
1334,19,2015,17,9,1,9,103,1,0
1335,0,2015,5,3,0,9,125,1,0
1336,20,2015,12,6,0,16,198,2,0
1337,21,2015,22,15,0,24,301,4,0
1338,22,2015,22,9,2,12,176,0,0
1339,23,2015,14,10,0,14,73,1,2
1340,24,2015,20,12,2,13,182,1,1
1341,25,2015,8,8,1,6,51,1,0
1342,11,2015,22,15,1,11,181,1,1
1343,26,2015,18,13,1,9,87,0,0
1344,27,2015,18,8,3,14,205,0,0
1345,28,2015,16,13,0,17,282,2,0
1346,29,2015,12,11,1,14,180,2,0
1347,30,2015,11,8,1,11,164,1,0
1348,31,2015,11,9,1,13,215,2,0
1349,0,2016,15,10,0,10,96,0,0
1350,1,2016,11,3,1,8,73,1,1
1351,2,2016,6,3,0,17,138,0,0
1352,3,2016,11,6,2,12,207,1,0
1353,4,2016,16,13,1,14,367,3,0
1354,5,2016,6,3,0,10,146,1,0
1355,6,2016,16,12,0,17,234,4,0
1356,7,2016,21,13,1,14,263,2,2
1357,8,2016,14,10,2,18,292,3,0
1358,9,2016,16,15,1,18,271,4,0
1359,10,2016,15,9,1,8,100,0,0
1360,12,2016,18,11,0,9,75,0,0
1361,13,2016,16,9,0,16,186,1,0
1362,14,2016,15,10,0,16,207,3,0
1363,15,2016,17,10,2,12,279,3,0
1364,16,2016,15,8,2,17,174,1,0
1365,17,2016,10,6,0,7,104,1,0
1366,18,2016,14,4,0,8,141,0,0
1367,19,2016,8,4,0,10,96,1,1
1368,20,2016,9,8,0,17,209,0,0
1369,21,2016,18,10,2,17,204,1,1
1370,22,2016,16,9,0,13,109,0,2
1371,23,2016,20,14,0,16,147,1,0
1372,24,2016,12,8,1,10,71,0,0
1373,25,2016,14,10,1,18,178,0,0
1374,11,2016,17,7,0,13,186,0,0
1375,26,2016,11,12,0,9,109,0,1
1376,27,2016,16,8,1,11,72,0,0
1377,28,2016,16,10,1,13,133,0,0
1378,29,2016,7,6,0,11,132,1,0
1379,30,2016,4,6,1,12,68,0,0
1380,31,2016,13,13,2,14,253,2,1
1381,0,2017,17,10,0,10,185,1,0
1382,1,2017,14,14,1,8,253,2,1
1383,2,2017,4,2,0,11,339,3,0
1384,3,2017,16,7,2,18,275,1,0
1385,4,2017,8,7,2,10,237,2,0
1386,5,2017,14,6,0,7,97,1,0
1387,6,2017,18,13,3,13,218,1,0
1388,7,2017,17,6,1,15,258,1,0
1389,8,2017,13,9,1,18,302,2,0
1390,9,2017,12,10,3,16,201,0,0
1391,10,2017,11,7,0,13,215,1,2
1392,12,2017,20,10,0,10,98,1,0
1393,13,2017,9,6,2,9,99,1,1
1394,14,2017,14,10,4,19,278,1,0
1395,15,2017,12,8,2,8,108,0,0
1396,16,2017,12,6,0,13,161,2,0
1397,17,2017,17,12,5,21,294,2,0
1398,18,2017,9,9,0,11,151,0,0
1399,19,2017,16,13,2,19,253,3,0
1400,20,2017,10,10,1,11,54,1,0
1401,21,2017,15,11,1,10,78,0,0
1402,22,2017,9,5,0,12,114,0,2
1403,23,2017,12,9,0,5,10,0,0
1404,24,2017,17,10,0,18,401,3,1
1405,25,2017,16,12,2,22,385,3,0
1406,11,2017,12,7,0,16,194,2,0
1407,26,2017,17,5,1,20,192,2,0
1408,27,2017,13,9,1,14,212,3,2
1409,28,2017,12,6,0,16,184,0,0
1410,29,2017,13,5,2,11,144,2,0
1411,30,2017,11,9,1,12,154,0,0
1412,31,2017,8,5,0,14,200,1,0
1413,0,2018,11,5,0,2,55,1,1
1414,1,2018,18,9,1,27,330,5,1
1415,2,2018,10,6,2,12,222,3,0
1416,3,2018,21,11,0,16,133,0,1
1417,4,2018,13,10,0,17,158,2,0
1418,5,2018,18,14,0,17,100,0,1
1419,6,2018,12,8,1,9,97,0,0
1420,7,2018,13,8,2,7,55,0,0
1421,8,2018,7,7,1,13,247,1,0
1422,9,2018,23,12,1,15,280,3,0
1423,10,2018,15,11,0,15,220,0,0
1424,12,2018,14,11,1,9,141,0,0
1425,13,2018,11,7,0,21,321,3,0
1426,14,2018,12,7,0,10,139,0,0
1427,15,2018,8,4,1,15,151,1,0
1428,16,2018,11,5,0,16,191,3,0
1429,17,2018,7,6,0,11,117,2,2
1430,18,2018,13,7,0,13,318,3,0
1431,19,2018,10,7,0,7,148,2,0
1432,20,2018,10,8,0,7,100,1,0
1433,21,2018,13,9,1,13,86,0,0
1434,22,2018,14,10,1,18,156,1,0
1435,23,2018,5,3,0,14,124,1,0
1436,24,2018,13,12,1,18,290,3,2
1437,25,2018,9,5,3,12,99,0,0
1438,11,2018,19,11,1,15,203,0,0
1439,26,2018,19,12,0,12,259,1,0
1440,27,2018,18,14,1,12,196,1,0
1441,28,2018,13,7,1,8,89,2,2
1442,29,2018,20,14,1,15,252,3,0
1443,30,2018,12,6,0,11,120,2,0
1444,31,2018,8,8,2,12,159,1,0
1445,0,2019,23,15,2,12,286,3,0
1446,1,2019,12,9,0,10,157,1,1
1447,2,2019,9,5,0,11,181,0,1
1448,3,2019,16,9,0,14,59,0,1
1449,4,2019,9,6,1,10,87,0,0
1450,5,2019,12,6,0,14,219,1,0
1451,6,2019,21,15,4,12,201,2,0
1452,7,2019,19,10,0,7,82,0,0
1453,8,2019,6,3,0,11,74,0,0
1454,9,2019,13,7,2,16,141,1,0
1455,10,2019,14,8,0,15,167,1,2
1456,12,2019,14,10,1,7,83,0,0
1457,13,2019,9,3,0,13,190,1,1
1458,14,2019,15,9,2,11,159,1,0
1459,15,2019,17,8,1,12,130,1,0
1460,16,2019,9,6,1,10,171,1,1
1461,17,2019,13,8,1,10,132,1,0
1462,18,2019,10,8,2,12,138,3,2
1463,19,2019,16,11,1,7,76,0,0
1464,20,2019,12,7,0,17,177,0,0
1465,21,2019,8,7,1,14,141,0,2
1466,22,2019,15,11,2,25,353,3,1
1467,23,2019,9,6,0,9,214,2,0
1468,24,2019,15,11,2,13,137,2,1
1469,25,2019,15,12,4,13,259,2,1
1470,11,2019,16,9,0,13,106,0,0
1471,26,2019,11,10,1,13,140,2,1
1472,27,2019,19,16,1,16,161,2,0
1473,28,2019,22,18,2,20,235,1,0
1474,29,2019,14,10,0,12,302,2,0
1475,30,2019,11,9,2,14,158,1,1
1476,31,2019,19,14,1,17,95,1,1
1477,0,2020,13,8,0,12,123,1,0
1478,1,2020,15,8,1,10,81,0,1
1479,2,2020,10,6,0,11,84,0,0
1480,3,2020,15,10,1,15,184,2,0
1481,4,2020,12,6,0,10,130,0,0
1482,5,2020,17,10,0,11,214,2,2
1483,6,2020,15,10,0,15,171,1,1
1484,7,2020,15,10,0,11,129,0,1
1485,8,2020,6,7,0,12,217,2,1
1486,9,2020,13,5,0,16,259,2,1
1487,10,2020,14,10,0,15,266,4,3
1488,12,2020,16,12,2,10,108,0,0
1489,13,2020,16,10,2,18,146,0,0
1490,14,2020,14,10,1,8,101,1,1
1491,15,2020,17,9,0,12,204,1,0
1492,11,2020,14,7,1,16,136,2,1
1493,16,2020,14,11,1,11,101,1,0
1494,17,2020,12,5,0,12,200,1,0
1495,18,2020,17,8,0,10,134,1,1
1496,19,2020,15,5,0,7,65,0,1
1497,20,2020,12,7,1,11,98,1,1
1498,21,2020,14,15,3,7,110,0,0
1499,22,2020,5,4,1,18,162,1,0
1500,23,2020,8,5,0,10,156,0,0
1501,24,2020,12,8,1,14,266,3,1
1502,25,2020,25,11,3,10,78,0,2
1503,26,2020,7,8,0,18,196,1,1
1504,27,2020,14,8,0,14,106,0,3
1505,28,2020,13,8,0,18,169,3,1
1506,29,2020,9,6,0,3,19,1,0
1507,30,2020,12,8,1,15,189,0,0
1508,31,2020,11,7,0,15,65,0,1
1509,0,2021,22,11,0,9,136,2,0
1510,1,2021,14,8,1,8,135,1,1
1511,2,2021,17,8,1,13,266,1,0
1512,3,2021,12,11,0,19,238,1,0
1513,4,2021,6,6,0,13,221,1,0
1514,5,2021,12,6,1,13,148,1,0
1515,6,2021,16,12,0,17,177,2,0
1516,7,2021,21,14,1,13,247,1,0
1517,8,2021,19,10,1,11,70,0,0
1518,9,2021,18,13,2,15,160,2,0
1519,10,2021,18,14,1,19,175,0,1
1520,12,2021,13,8,1,26,405,5,0
1521,13,2021,14,12,2,14,175,3,0
1522,14,2021,13,4,3,12,142,2,0
1523,15,2021,14,8,0,12,202,2,1
1524,11,2021,9,7,0,11,120,2,0
1525,16,2021,12,7,0,15,135,1,1
1526,17,2021,9,2,0,7,57,0,0
1527,18,2021,13,7,0,7,114,1,0
1528,19,2021,10,8,0,11,108,0,0
1529,20,2021,10,8,0,18,164,2,0
1530,21,2021,14,7,0,9,103,0,1
1531,22,2021,11,6,0,23,322,3,0
1532,23,2021,13,9,0,6,68,0,1
1533,24,2021,15,6,0,19,192,0,0
1534,25,2021,8,6,0,9,38,1,0
1535,26,2021,13,7,0,18,313,2,0
1536,27,2021,9,7,0,11,92,0,1
1537,28,2021,18,8,0,13,105,0,0
1538,29,2021,16,7,0,17,295,1,1
1539,30,2021,13,6,1,16,128,2,0
1540,31,2021,13,8,0,16,256,2,0
1541,0,2022,16,10,1,20,305,2,0
1542,1,2022,14,9,0,14,201,0,0
1543,2,2022,14,10,1,13,133,0,0
1544,3,2022,11,10,0,17,165,1,2
1545,4,2022,16,8,0,15,89,0,1
1546,5,2022,11,9,2,11,57,1,0
1547,6,2022,12,10,0,10,140,1,0
1548,7,2022,12,9,2,11,246,3,0
1549,8,2022,15,10,0,14,166,1,1
1550,9,2022,12,9,0,11,225,2,1
1551,10,2022,14,11,0,10,141,2,0
1552,11,2022,8,9,1,9,68,2,1
1553,12,2022,22,17,3,16,60,0,0
1554,13,2022,13,6,2,8,115,0,1
1555,14,2022,15,10,0,17,186,2,0
1556,15,2022,8,6,0,10,124,1,1
1557,16,2022,20,13,1,6,97,1,0
1558,17,2022,17,13,2,14,232,2,0
1559,18,2022,11,4,0,12,69,0,2
1560,19,2022,14,10,0,12,157,1,1
1561,20,2022,12,7,0,17,351,2,1
1562,21,2022,9,6,1,10,189,2,0
1563,22,2022,13,11,2,19,383,5,0
1564,23,2022,10,7,2,6,141,1,0
1565,24,2022,10,6,0,16,240,1,0
1566,25,2022,14,10,0,14,105,0,0
1567,26,2022,13,7,0,7,110,1,0
1568,27,2022,18,11,0,14,163,1,0
1569,28,2022,9,3,0,20,152,1,0
1570,29,2022,14,10,0,16,253,1,1
1571,30,2022,11,6,0,14,149,1,0
1572,31,2022,11,10,1,15,186,0,0
