id,team_id,year,side_id,3rd_att,3rd_md,4th_att,4th_md,scrm_plays
0,0,1970,0,0,0,0,0,0
1,1,1970,0,0,0,0,0,0
2,2,1970,0,0,0,0,0,0
3,3,1970,0,0,0,0,0,0
4,4,1970,0,0,0,0,0,0
5,5,1970,0,0,0,0,0,0
6,7,1970,0,0,0,0,0,0
7,8,1970,0,0,0,0,0,0
8,9,1970,0,0,0,0,0,0
9,10,1970,0,0,0,0,0,0
10,12,1970,0,0,0,0,0,0
11,13,1970,0,0,0,0,0,0
12,14,1970,0,0,0,0,0,0
13,15,1970,0,0,0,0,0,0
14,16,1970,0,0,0,0,0,0
15,18,1970,0,0,0,0,0,0
16,19,1970,0,0,0,0,0,0
17,30,1970,0,0,0,0,0,0
18,20,1970,0,0,0,0,0,0
19,22,1970,0,0,0,0,0,0
20,23,1970,0,0,0,0,0,0
21,24,1970,0,0,0,0,0,0
22,11,1970,0,0,0,0,0,0
23,26,1970,0,0,0,0,0,0
24,28,1970,0,0,0,0,0,0
25,31,1970,0,0,0,0,0,0
26,0,1970,1,0,0,0,0,0
27,1,1970,1,0,0,0,0,0
28,2,1970,1,0,0,0,0,0
29,3,1970,1,0,0,0,0,0
30,4,1970,1,0,0,0,0,0
31,5,1970,1,0,0,0,0,0
32,7,1970,1,0,0,0,0,0
33,8,1970,1,0,0,0,0,0
34,9,1970,1,0,0,0,0,0
35,10,1970,1,0,0,0,0,0
36,12,1970,1,0,0,0,0,0
37,13,1970,1,0,0,0,0,0
38,14,1970,1,0,0,0,0,0
39,15,1970,1,0,0,0,0,0
40,16,1970,1,0,0,0,0,0
41,18,1970,1,0,0,0,0,0
42,19,1970,1,0,0,0,0,0
43,30,1970,1,0,0,0,0,0
44,20,1970,1,0,0,0,0,0
45,22,1970,1,0,0,0,0,0
46,23,1970,1,0,0,0,0,0
47,24,1970,1,0,0,0,0,0
48,11,1970,1,0,0,0,0,0
49,26,1970,1,0,0,0,0,0
50,28,1970,1,0,0,0,0,0
51,31,1970,1,0,0,0,0,0
52,0,1971,0,0,0,0,0,0
53,1,1971,0,0,0,0,0,0
54,2,1971,0,0,0,0,0,0
55,3,1971,0,0,0,0,0,0
56,4,1971,0,0,0,0,0,0
57,5,1971,0,0,0,0,0,0
58,7,1971,0,0,0,0,0,0
59,8,1971,0,0,0,0,0,0
60,9,1971,0,0,0,0,0,0
61,10,1971,0,0,0,0,0,0
62,12,1971,0,0,0,0,0,0
63,13,1971,0,0,0,0,0,0
64,14,1971,0,0,0,0,0,0
65,15,1971,0,0,0,0,0,0
66,16,1971,0,0,0,0,0,0
67,18,1971,0,0,0,0,0,0
68,19,1971,0,0,0,0,0,0
69,30,1971,0,0,0,0,0,0
70,20,1971,0,0,0,0,0,0
71,22,1971,0,0,0,0,0,0
72,23,1971,0,0,0,0,0,0
73,24,1971,0,0,0,0,0,0
74,11,1971,0,0,0,0,0,0
75,26,1971,0,0,0,0,0,0
76,28,1971,0,0,0,0,0,0
77,31,1971,0,0,0,0,0,0
78,0,1971,1,0,0,0,0,0
79,1,1971,1,0,0,0,0,0
80,2,1971,1,0,0,0,0,0
81,3,1971,1,0,0,0,0,0
82,4,1971,1,0,0,0,0,0
83,5,1971,1,0,0,0,0,0
84,7,1971,1,0,0,0,0,0
85,8,1971,1,0,0,0,0,0
86,9,1971,1,0,0,0,0,0
87,10,1971,1,0,0,0,0,0
88,12,1971,1,0,0,0,0,0
89,13,1971,1,0,0,0,0,0
90,14,1971,1,0,0,0,0,0
91,15,1971,1,0,0,0,0,0
92,16,1971,1,0,0,0,0,0
93,18,1971,1,0,0,0,0,0
94,19,1971,1,0,0,0,0,0
95,30,1971,1,0,0,0,0,0
96,20,1971,1,0,0,0,0,0
97,22,1971,1,0,0,0,0,0
98,23,1971,1,0,0,0,0,0
99,24,1971,1,0,0,0,0,0
100,11,1971,1,0,0,0,0,0
101,26,1971,1,0,0,0,0,0
102,28,1971,1,0,0,0,0,0
103,31,1971,1,0,0,0,0,0
104,0,1972,0,0,0,0,0,0
105,1,1972,0,0,0,0,0,0
106,2,1972,0,0,0,0,0,0
107,3,1972,0,0,0,0,0,0
108,4,1972,0,0,0,0,0,0
109,5,1972,0,0,0,0,0,0
110,7,1972,0,0,0,0,0,0
111,8,1972,0,0,0,0,0,0
112,9,1972,0,0,0,0,0,0
113,10,1972,0,0,0,0,0,0
114,12,1972,0,0,0,0,0,0
115,13,1972,0,0,0,0,0,0
116,14,1972,0,0,0,0,0,0
117,15,1972,0,0,0,0,0,0
118,16,1972,0,0,0,0,0,0
119,18,1972,0,0,0,0,0,0
120,19,1972,0,0,0,0,0,0
121,30,1972,0,0,0,0,0,0
122,20,1972,0,0,0,0,0,0
123,22,1972,0,0,0,0,0,0
124,23,1972,0,0,0,0,0,0
125,24,1972,0,0,0,0,0,0
126,11,1972,0,0,0,0,0,0
127,26,1972,0,0,0,0,0,0
128,28,1972,0,0,0,0,0,0
129,31,1972,0,0,0,0,0,0
130,0,1972,1,0,0,0,0,0
131,1,1972,1,0,0,0,0,0
132,2,1972,1,0,0,0,0,0
133,3,1972,1,0,0,0,0,0
134,4,1972,1,0,0,0,0,0
135,5,1972,1,0,0,0,0,0
136,7,1972,1,0,0,0,0,0
137,8,1972,1,0,0,0,0,0
138,9,1972,1,0,0,0,0,0
139,10,1972,1,0,0,0,0,0
140,12,1972,1,0,0,0,0,0
141,13,1972,1,0,0,0,0,0
142,14,1972,1,0,0,0,0,0
143,15,1972,1,0,0,0,0,0
144,16,1972,1,0,0,0,0,0
145,18,1972,1,0,0,0,0,0
146,19,1972,1,0,0,0,0,0
147,30,1972,1,0,0,0,0,0
148,20,1972,1,0,0,0,0,0
149,22,1972,1,0,0,0,0,0
150,23,1972,1,0,0,0,0,0
151,24,1972,1,0,0,0,0,0
152,11,1972,1,0,0,0,0,0
153,26,1972,1,0,0,0,0,0
154,28,1972,1,0,0,0,0,0
155,31,1972,1,0,0,0,0,0
156,0,1973,0,0,0,0,0,0
157,1,1973,0,0,0,0,0,0
158,2,1973,0,0,0,0,0,0
159,3,1973,0,0,0,0,0,0
160,4,1973,0,0,0,0,0,0
161,5,1973,0,0,0,0,0,0
162,7,1973,0,0,0,0,0,0
163,8,1973,0,0,0,0,0,0
164,9,1973,0,0,0,0,0,0
165,10,1973,0,0,0,0,0,0
166,12,1973,0,0,0,0,0,0
167,13,1973,0,0,0,0,0,0
168,14,1973,0,0,0,0,0,0
169,15,1973,0,0,0,0,0,0
170,16,1973,0,0,0,0,0,0
171,18,1973,0,0,0,0,0,0
172,19,1973,0,0,0,0,0,0
173,30,1973,0,0,0,0,0,0
174,20,1973,0,0,0,0,0,0
175,22,1973,0,0,0,0,0,0
176,23,1973,0,0,0,0,0,0
177,24,1973,0,0,0,0,0,0
178,11,1973,0,0,0,0,0,0
179,26,1973,0,0,0,0,0,0
180,28,1973,0,0,0,0,0,0
181,31,1973,0,0,0,0,0,0
182,0,1973,1,0,0,0,0,0
183,1,1973,1,0,0,0,0,0
184,2,1973,1,0,0,0,0,0
185,3,1973,1,0,0,0,0,0
186,4,1973,1,0,0,0,0,0
187,5,1973,1,0,0,0,0,0
188,7,1973,1,0,0,0,0,0
189,8,1973,1,0,0,0,0,0
190,9,1973,1,0,0,0,0,0
191,10,1973,1,0,0,0,0,0
192,12,1973,1,0,0,0,0,0
193,13,1973,1,0,0,0,0,0
194,14,1973,1,0,0,0,0,0
195,15,1973,1,0,0,0,0,0
196,16,1973,1,0,0,0,0,0
197,18,1973,1,0,0,0,0,0
198,19,1973,1,0,0,0,0,0
199,30,1973,1,0,0,0,0,0
200,20,1973,1,0,0,0,0,0
201,22,1973,1,0,0,0,0,0
202,23,1973,1,0,0,0,0,0
203,24,1973,1,0,0,0,0,0
204,11,1973,1,0,0,0,0,0
205,26,1973,1,0,0,0,0,0
206,28,1973,1,0,0,0,0,0
207,31,1973,1,0,0,0,0,0
208,0,1974,0,0,0,0,0,0
209,1,1974,0,0,0,0,0,0
210,2,1974,0,0,0,0,0,0
211,3,1974,0,0,0,0,0,0
212,4,1974,0,0,0,0,0,0
213,5,1974,0,0,0,0,0,0
214,7,1974,0,0,0,0,0,0
215,8,1974,0,0,0,0,0,0
216,9,1974,0,0,0,0,0,0
217,10,1974,0,0,0,0,0,0
218,12,1974,0,0,0,0,0,0
219,13,1974,0,0,0,0,0,0
220,14,1974,0,0,0,0,0,0
221,15,1974,0,0,0,0,0,0
222,16,1974,0,0,0,0,0,0
223,18,1974,0,0,0,0,0,0
224,19,1974,0,0,0,0,0,0
225,30,1974,0,0,0,0,0,0
226,20,1974,0,0,0,0,0,0
227,22,1974,0,0,0,0,0,0
228,23,1974,0,0,0,0,0,0
229,24,1974,0,0,0,0,0,0
230,11,1974,0,0,0,0,0,0
231,26,1974,0,0,0,0,0,0
232,28,1974,0,0,0,0,0,0
233,31,1974,0,0,0,0,0,0
234,0,1974,1,0,0,0,0,0
235,1,1974,1,0,0,0,0,0
236,2,1974,1,0,0,0,0,0
237,3,1974,1,0,0,0,0,0
238,4,1974,1,0,0,0,0,0
239,5,1974,1,0,0,0,0,0
240,7,1974,1,0,0,0,0,0
241,8,1974,1,0,0,0,0,0
242,9,1974,1,0,0,0,0,0
243,10,1974,1,0,0,0,0,0
244,12,1974,1,0,0,0,0,0
245,13,1974,1,0,0,0,0,0
246,14,1974,1,0,0,0,0,0
247,15,1974,1,0,0,0,0,0
248,16,1974,1,0,0,0,0,0
249,18,1974,1,0,0,0,0,0
250,19,1974,1,0,0,0,0,0
251,30,1974,1,0,0,0,0,0
252,20,1974,1,0,0,0,0,0
253,22,1974,1,0,0,0,0,0
254,23,1974,1,0,0,0,0,0
255,24,1974,1,0,0,0,0,0
256,11,1974,1,0,0,0,0,0
257,26,1974,1,0,0,0,0,0
258,28,1974,1,0,0,0,0,0
259,31,1974,1,0,0,0,0,0
260,0,1975,0,0,0,0,0,0
261,1,1975,0,0,0,0,0,0
262,2,1975,0,0,0,0,0,0
263,3,1975,0,0,0,0,0,0
264,4,1975,0,0,0,0,0,0
265,5,1975,0,0,0,0,0,0
266,7,1975,0,0,0,0,0,0
267,8,1975,0,0,0,0,0,0
268,9,1975,0,0,0,0,0,0
269,10,1975,0,0,0,0,0,0
270,12,1975,0,0,0,0,0,0
271,13,1975,0,0,0,0,0,0
272,14,1975,0,0,0,0,0,0
273,15,1975,0,0,0,0,0,0
274,16,1975,0,0,0,0,0,0
275,18,1975,0,0,0,0,0,0
276,19,1975,0,0,0,0,0,0
277,30,1975,0,0,0,0,0,0
278,20,1975,0,0,0,0,0,0
279,22,1975,0,0,0,0,0,0
280,23,1975,0,0,0,0,0,0
281,24,1975,0,0,0,0,0,0
282,11,1975,0,0,0,0,0,0
283,26,1975,0,0,0,0,0,0
284,28,1975,0,0,0,0,0,0
285,31,1975,0,0,0,0,0,0
286,0,1975,1,0,0,0,0,0
287,1,1975,1,0,0,0,0,0
288,2,1975,1,0,0,0,0,0
289,3,1975,1,0,0,0,0,0
290,4,1975,1,0,0,0,0,0
291,5,1975,1,0,0,0,0,0
292,7,1975,1,0,0,0,0,0
293,8,1975,1,0,0,0,0,0
294,9,1975,1,0,0,0,0,0
295,10,1975,1,0,0,0,0,0
296,12,1975,1,0,0,0,0,0
297,13,1975,1,0,0,0,0,0
298,14,1975,1,0,0,0,0,0
299,15,1975,1,0,0,0,0,0
300,16,1975,1,0,0,0,0,0
301,18,1975,1,0,0,0,0,0
302,19,1975,1,0,0,0,0,0
303,30,1975,1,0,0,0,0,0
304,20,1975,1,0,0,0,0,0
305,22,1975,1,0,0,0,0,0
306,23,1975,1,0,0,0,0,0
307,24,1975,1,0,0,0,0,0
308,11,1975,1,0,0,0,0,0
309,26,1975,1,0,0,0,0,0
310,28,1975,1,0,0,0,0,0
311,31,1975,1,0,0,0,0,0
312,0,1976,0,0,0,0,0,0
313,1,1976,0,0,0,0,0,0
314,2,1976,0,0,0,0,0,0
315,3,1976,0,0,0,0,0,0
316,4,1976,0,0,0,0,0,0
317,5,1976,0,0,0,0,0,0
318,6,1976,0,0,0,0,0,0
319,7,1976,0,0,0,0,0,0
320,8,1976,0,0,0,0,0,0
321,9,1976,0,0,0,0,0,0
322,10,1976,0,0,0,0,0,0
323,12,1976,0,0,0,0,0,0
324,13,1976,0,0,0,0,0,0
325,14,1976,0,0,0,0,0,0
326,15,1976,0,0,0,0,0,0
327,16,1976,0,0,0,0,0,0
328,18,1976,0,0,0,0,0,0
329,19,1976,0,0,0,0,0,0
330,30,1976,0,0,0,0,0,0
331,20,1976,0,0,0,0,0,0
332,22,1976,0,0,0,0,0,0
333,23,1976,0,0,0,0,0,0
334,24,1976,0,0,0,0,0,0
335,11,1976,0,0,0,0,0,0
336,26,1976,0,0,0,0,0,0
337,27,1976,0,0,0,0,0,0
338,28,1976,0,0,0,0,0,0
339,31,1976,0,0,0,0,0,0
340,0,1976,1,0,0,0,0,0
341,1,1976,1,0,0,0,0,0
342,2,1976,1,0,0,0,0,0
343,3,1976,1,0,0,0,0,0
344,4,1976,1,0,0,0,0,0
345,5,1976,1,0,0,0,0,0
346,6,1976,1,0,0,0,0,0
347,7,1976,1,0,0,0,0,0
348,8,1976,1,0,0,0,0,0
349,9,1976,1,0,0,0,0,0
350,10,1976,1,0,0,0,0,0
351,12,1976,1,0,0,0,0,0
352,13,1976,1,0,0,0,0,0
353,14,1976,1,0,0,0,0,0
354,15,1976,1,0,0,0,0,0
355,16,1976,1,0,0,0,0,0
356,18,1976,1,0,0,0,0,0
357,19,1976,1,0,0,0,0,0
358,30,1976,1,0,0,0,0,0
359,20,1976,1,0,0,0,0,0
360,22,1976,1,0,0,0,0,0
361,23,1976,1,0,0,0,0,0
362,24,1976,1,0,0,0,0,0
363,11,1976,1,0,0,0,0,0
364,26,1976,1,0,0,0,0,0
365,27,1976,1,0,0,0,0,0
366,28,1976,1,0,0,0,0,0
367,31,1976,1,0,0,0,0,0
368,0,1977,0,0,0,0,0,0
369,1,1977,0,0,0,0,0,0
370,2,1977,0,0,0,0,0,0
371,3,1977,0,0,0,0,0,0
372,4,1977,0,0,0,0,0,0
373,5,1977,0,0,0,0,0,0
374,6,1977,0,0,0,0,0,0
375,7,1977,0,0,0,0,0,0
376,8,1977,0,0,0,0,0,0
377,9,1977,0,0,0,0,0,0
378,10,1977,0,0,0,0,0,0
379,12,1977,0,0,0,0,0,0
380,13,1977,0,0,0,0,0,0
381,14,1977,0,0,0,0,0,0
382,15,1977,0,0,0,0,0,0
383,16,1977,0,0,0,0,0,0
384,18,1977,0,0,0,0,0,0
385,19,1977,0,0,0,0,0,0
386,30,1977,0,0,0,0,0,0
387,20,1977,0,0,0,0,0,0
388,22,1977,0,0,0,0,0,0
389,23,1977,0,0,0,0,0,0
390,24,1977,0,0,0,0,0,0
391,11,1977,0,0,0,0,0,0
392,26,1977,0,0,0,0,0,0
393,27,1977,0,0,0,0,0,0
394,28,1977,0,0,0,0,0,0
395,31,1977,0,0,0,0,0,0
396,0,1977,1,0,0,0,0,0
397,1,1977,1,0,0,0,0,0
398,2,1977,1,0,0,0,0,0
399,3,1977,1,0,0,0,0,0
400,4,1977,1,0,0,0,0,0
401,5,1977,1,0,0,0,0,0
402,6,1977,1,0,0,0,0,0
403,7,1977,1,0,0,0,0,0
404,8,1977,1,0,0,0,0,0
405,9,1977,1,0,0,0,0,0
406,10,1977,1,0,0,0,0,0
407,12,1977,1,0,0,0,0,0
408,13,1977,1,0,0,0,0,0
409,14,1977,1,0,0,0,0,0
410,15,1977,1,0,0,0,0,0
411,16,1977,1,0,0,0,0,0
412,18,1977,1,0,0,0,0,0
413,19,1977,1,0,0,0,0,0
414,30,1977,1,0,0,0,0,0
415,20,1977,1,0,0,0,0,0
416,22,1977,1,0,0,0,0,0
417,23,1977,1,0,0,0,0,0
418,24,1977,1,0,0,0,0,0
419,11,1977,1,0,0,0,0,0
420,26,1977,1,0,0,0,0,0
421,27,1977,1,0,0,0,0,0
422,28,1977,1,0,0,0,0,0
423,31,1977,1,0,0,0,0,0
424,0,1978,0,0,0,0,0,0
425,1,1978,0,0,0,0,0,0
426,2,1978,0,0,0,0,0,0
427,3,1978,0,0,0,0,0,0
428,4,1978,0,0,0,0,0,0
429,5,1978,0,0,0,0,0,0
430,6,1978,0,0,0,0,0,0
431,7,1978,0,0,0,0,0,0
432,8,1978,0,0,0,0,0,0
433,9,1978,0,0,0,0,0,0
434,10,1978,0,0,0,0,0,0
435,12,1978,0,0,0,0,0,0
436,13,1978,0,0,0,0,0,0
437,14,1978,0,0,0,0,0,0
438,15,1978,0,0,0,0,0,0
439,16,1978,0,0,0,0,0,0
440,18,1978,0,0,0,0,0,0
441,19,1978,0,0,0,0,0,0
442,30,1978,0,0,0,0,0,0
443,20,1978,0,0,0,0,0,0
444,22,1978,0,0,0,0,0,0
445,23,1978,0,0,0,0,0,0
446,24,1978,0,0,0,0,0,0
447,11,1978,0,0,0,0,0,0
448,26,1978,0,0,0,0,0,0
449,27,1978,0,0,0,0,0,0
450,28,1978,0,0,0,0,0,0
451,31,1978,0,0,0,0,0,0
452,0,1978,1,0,0,0,0,0
453,1,1978,1,0,0,0,0,0
454,2,1978,1,0,0,0,0,0
455,3,1978,1,0,0,0,0,0
456,4,1978,1,0,0,0,0,0
457,5,1978,1,0,0,0,0,0
458,6,1978,1,0,0,0,0,0
459,7,1978,1,0,0,0,0,0
460,8,1978,1,0,0,0,0,0
461,9,1978,1,0,0,0,0,0
462,10,1978,1,0,0,0,0,0
463,12,1978,1,0,0,0,0,0
464,13,1978,1,0,0,0,0,0
465,14,1978,1,0,0,0,0,0
466,15,1978,1,0,0,0,0,0
467,16,1978,1,0,0,0,0,0
468,18,1978,1,0,0,0,0,0
469,19,1978,1,0,0,0,0,0
470,30,1978,1,0,0,0,0,0
471,20,1978,1,0,0,0,0,0
472,22,1978,1,0,0,0,0,0
473,23,1978,1,0,0,0,0,0
474,24,1978,1,0,0,0,0,0
475,11,1978,1,0,0,0,0,0
476,26,1978,1,0,0,0,0,0
477,27,1978,1,0,0,0,0,0
478,28,1978,1,0,0,0,0,0
479,31,1978,1,0,0,0,0,0
480,0,1979,0,0,0,0,0,1099
481,1,1979,0,0,0,0,0,1031
482,2,1979,0,0,0,0,0,1050
483,3,1979,0,0,0,0,0,842
484,4,1979,0,0,0,0,0,1045
485,5,1979,0,0,0,0,0,1024
486,6,1979,0,0,0,0,0,1055
487,7,1979,0,0,0,0,0,1099
488,8,1979,0,0,0,0,0,1054
489,9,1979,0,0,0,0,0,971
490,10,1979,0,0,0,0,0,1118
491,12,1979,0,0,0,0,0,1122
492,13,1979,0,0,0,0,0,1009
493,14,1979,0,0,0,0,0,948
494,15,1979,0,0,0,0,0,1033
495,16,1979,0,0,0,0,0,958
496,18,1979,0,0,0,0,0,1033
497,19,1979,0,0,0,0,0,943
498,30,1979,0,0,0,0,0,1036
499,20,1979,0,0,0,0,0,920
500,22,1979,0,0,0,0,0,1052
501,23,1979,0,0,0,0,0,1040
502,24,1979,0,0,0,0,0,1088
503,11,1979,0,0,0,0,0,1044
504,26,1979,0,0,0,0,0,997
505,27,1979,0,0,0,0,0,1045
506,28,1979,0,0,0,0,0,1081
507,31,1979,0,0,0,0,0,1090
508,0,1979,1,0,0,0,0,1015
509,1,1979,1,0,0,0,0,1024
510,2,1979,1,0,0,0,0,1052
511,3,1979,1,0,0,0,0,891
512,4,1979,1,0,0,0,0,1033
513,5,1979,1,0,0,0,0,1012
514,6,1979,1,0,0,0,0,1014
515,7,1979,1,0,0,0,0,1074
516,8,1979,1,0,0,0,0,990
517,9,1979,1,0,0,0,0,1088
518,10,1979,1,0,0,0,0,1009
519,12,1979,1,0,0,0,0,979
520,13,1979,1,0,0,0,0,938
521,14,1979,1,0,0,0,0,954
522,15,1979,1,0,0,0,0,1073
523,16,1979,1,0,0,0,0,1113
524,18,1979,1,0,0,0,0,1094
525,19,1979,1,0,0,0,0,1086
526,30,1979,1,0,0,0,0,1037
527,20,1979,1,0,0,0,0,1045
528,22,1979,1,0,0,0,0,949
529,23,1979,1,0,0,0,0,1038
530,24,1979,1,0,0,0,0,1055
531,11,1979,1,0,0,0,0,1058
532,26,1979,1,0,0,0,0,1055
533,27,1979,1,0,0,0,0,1077
534,28,1979,1,0,0,0,0,1037
535,31,1979,1,0,0,0,0,1037
536,0,1980,0,0,0,0,0,1043
537,1,1980,0,0,0,0,0,1016
538,2,1980,0,0,0,0,0,1061
539,3,1980,0,0,0,0,0,1084
540,4,1980,0,0,0,0,0,992
541,5,1980,0,0,0,0,0,1015
542,6,1980,0,0,0,0,0,1031
543,7,1980,0,0,0,0,0,1039
544,8,1980,0,0,0,0,0,1129
545,9,1980,0,0,0,0,0,1010
546,10,1980,0,0,0,0,0,1056
547,12,1980,0,0,0,0,0,1074
548,13,1980,0,0,0,0,0,1016
549,14,1980,0,0,0,0,0,1037
550,15,1980,0,0,0,0,0,1061
551,16,1980,0,0,0,0,0,1043
552,18,1980,0,0,0,0,0,994
553,19,1980,0,0,0,0,0,1040
554,30,1980,0,0,0,0,0,1061
555,20,1980,0,0,0,0,0,1047
556,22,1980,0,0,0,0,0,1027
557,23,1980,0,0,0,0,0,1045
558,24,1980,0,0,0,0,0,1095
559,11,1980,0,0,0,0,0,1038
560,26,1980,0,0,0,0,0,960
561,27,1980,0,0,0,0,0,1025
562,28,1980,0,0,0,0,0,1035
563,31,1980,0,0,0,0,0,1049
564,0,1980,1,0,0,0,0,1082
565,1,1980,1,0,0,0,0,1001
566,2,1980,1,0,0,0,0,997
567,3,1980,1,0,0,0,0,953
568,4,1980,1,0,0,0,0,1041
569,5,1980,1,0,0,0,0,1053
570,6,1980,1,0,0,0,0,1087
571,7,1980,1,0,0,0,0,1116
572,8,1980,1,0,0,0,0,1059
573,9,1980,1,0,0,0,0,1098
574,10,1980,1,0,0,0,0,1081
575,12,1980,1,0,0,0,0,996
576,13,1980,1,0,0,0,0,1061
577,14,1980,1,0,0,0,0,1033
578,15,1980,1,0,0,0,0,1051
579,16,1980,1,0,0,0,0,1059
580,18,1980,1,0,0,0,0,1080
581,19,1980,1,0,0,0,0,954
582,30,1980,1,0,0,0,0,937
583,20,1980,1,0,0,0,0,1059
584,22,1980,1,0,0,0,0,983
585,23,1980,1,0,0,0,0,1077
586,24,1980,1,0,0,0,0,1011
587,11,1980,1,0,0,0,0,1020
588,26,1980,1,0,0,0,0,1104
589,27,1980,1,0,0,0,0,1032
590,28,1980,1,0,0,0,0,1036
591,31,1980,1,0,0,0,0,1062
592,0,1981,0,0,0,0,0,1106
593,1,1981,0,0,0,0,0,1131
594,2,1981,0,0,0,0,0,1076
595,3,1981,0,0,0,0,0,1043
596,4,1981,0,0,0,0,0,1062
597,5,1981,0,0,0,0,0,1138
598,6,1981,0,0,0,0,0,950
599,7,1981,0,0,0,0,0,1044
600,8,1981,0,0,0,0,0,1129
601,9,1981,0,0,0,0,0,1058
602,10,1981,0,0,0,0,0,956
603,12,1981,0,0,0,0,0,1100
604,13,1981,0,0,0,0,0,1063
605,14,1981,0,0,0,0,0,1051
606,15,1981,0,0,0,0,0,1100
607,16,1981,0,0,0,0,0,1032
608,18,1981,0,0,0,0,0,1107
609,19,1981,0,0,0,0,0,1076
610,30,1981,0,0,0,0,0,949
611,20,1981,0,0,0,0,0,1042
612,22,1981,0,0,0,0,0,1025
613,23,1981,0,0,0,0,0,1091
614,24,1981,0,0,0,0,0,1092
615,11,1981,0,0,0,0,0,1085
616,26,1981,0,0,0,0,0,1028
617,27,1981,0,0,0,0,0,1002
618,28,1981,0,0,0,0,0,1041
619,31,1981,0,0,0,0,0,1129
620,0,1981,1,0,0,0,0,1013
621,1,1981,1,0,0,0,0,1076
622,2,1981,1,0,0,0,0,1061
623,3,1981,1,0,0,0,0,1035
624,4,1981,1,0,0,0,0,1000
625,5,1981,1,0,0,0,0,1014
626,6,1981,1,0,0,0,0,1114
627,7,1981,1,0,0,0,0,1036
628,8,1981,1,0,0,0,0,1110
629,9,1981,1,0,0,0,0,1101
630,10,1981,1,0,0,0,0,1111
631,12,1981,1,0,0,0,0,1021
632,13,1981,1,0,0,0,0,1037
633,14,1981,1,0,0,0,0,1027
634,15,1981,1,0,0,0,0,1050
635,16,1981,1,0,0,0,0,1141
636,18,1981,1,0,0,0,0,1034
637,19,1981,1,0,0,0,0,992
638,30,1981,1,0,0,0,0,1083
639,20,1981,1,0,0,0,0,1088
640,22,1981,1,0,0,0,0,1103
641,23,1981,1,0,0,0,0,1115
642,24,1981,1,0,0,0,0,1066
643,11,1981,1,0,0,0,0,1015
644,26,1981,1,0,0,0,0,1001
645,27,1981,1,0,0,0,0,1128
646,28,1981,1,0,0,0,0,1081
647,31,1981,1,0,0,0,0,1053
648,0,1982,0,0,0,0,0,588
649,1,1982,0,0,0,0,0,571
650,2,1982,0,0,0,0,0,604
651,3,1982,0,0,0,0,0,604
652,4,1982,0,0,0,0,0,591
653,5,1982,0,0,0,0,0,617
654,6,1982,0,0,0,0,0,528
655,7,1982,0,0,0,0,0,580
656,8,1982,0,0,0,0,0,616
657,9,1982,0,0,0,0,0,573
658,10,1982,0,0,0,0,0,595
659,12,1982,0,0,0,0,0,579
660,13,1982,0,0,0,0,0,581
661,14,1982,0,0,0,0,0,530
662,15,1982,0,0,0,0,0,610
663,16,1982,0,0,0,0,0,559
664,18,1982,0,0,0,0,0,606
665,19,1982,0,0,0,0,0,598
666,30,1982,0,0,0,0,0,549
667,20,1982,0,0,0,0,0,582
668,22,1982,0,0,0,0,0,526
669,23,1982,0,0,0,0,0,580
670,24,1982,0,0,0,0,0,563
671,11,1982,0,0,0,0,0,598
672,26,1982,0,0,0,0,0,604
673,27,1982,0,0,0,0,0,588
674,28,1982,0,0,0,0,0,586
675,31,1982,0,0,0,0,0,538
676,0,1982,1,0,0,0,0,596
677,1,1982,1,0,0,0,0,585
678,2,1982,1,0,0,0,0,550
679,3,1982,1,0,0,0,0,535
680,4,1982,1,0,0,0,0,615
681,5,1982,1,0,0,0,0,593
682,6,1982,1,0,0,0,0,501
683,7,1982,1,0,0,0,0,570
684,8,1982,1,0,0,0,0,590
685,9,1982,1,0,0,0,0,556
686,10,1982,1,0,0,0,0,607
687,12,1982,1,0,0,0,0,582
688,13,1982,1,0,0,0,0,548
689,14,1982,1,0,0,0,0,615
690,15,1982,1,0,0,0,0,552
691,16,1982,1,0,0,0,0,576
692,18,1982,1,0,0,0,0,587
693,19,1982,1,0,0,0,0,591
694,30,1982,1,0,0,0,0,615
695,20,1982,1,0,0,0,0,620
696,22,1982,1,0,0,0,0,602
697,23,1982,1,0,0,0,0,646
698,24,1982,1,0,0,0,0,606
699,11,1982,1,0,0,0,0,554
700,26,1982,1,0,0,0,0,532
701,27,1982,1,0,0,0,0,602
702,28,1982,1,0,0,0,0,596
703,31,1982,1,0,0,0,0,522
704,0,1983,0,0,0,0,0,1072
705,1,1983,0,0,0,0,0,1082
706,2,1983,0,0,0,0,0,1039
707,3,1983,0,0,0,0,0,1023
708,4,1983,0,0,0,0,0,1025
709,5,1983,0,0,0,0,0,1064
710,6,1983,0,0,0,0,0,1004
711,7,1983,0,0,0,0,0,1043
712,8,1983,0,0,0,0,0,1087
713,9,1983,0,0,0,0,0,1073
714,10,1983,0,0,0,0,0,1023
715,12,1983,0,0,0,0,0,1112
716,13,1983,0,0,0,0,0,1034
717,14,1983,0,0,0,0,0,945
718,15,1983,0,0,0,0,0,1054
719,16,1983,0,0,0,0,0,1131
720,18,1983,0,0,0,0,0,1074
721,19,1983,0,0,0,0,0,1060
722,30,1983,0,0,0,0,0,1034
723,20,1983,0,0,0,0,0,1008
724,22,1983,0,0,0,0,0,993
725,23,1983,0,0,0,0,0,1101
726,24,1983,0,0,0,0,0,1023
727,11,1983,0,0,0,0,0,1127
728,26,1983,0,0,0,0,0,1057
729,27,1983,0,0,0,0,0,1038
730,28,1983,0,0,0,0,0,1073
731,31,1983,0,0,0,0,0,1069
732,0,1983,1,0,0,0,0,1031
733,1,1983,1,0,0,0,0,1024
734,2,1983,1,0,0,0,0,972
735,3,1983,1,0,0,0,0,1081
736,4,1983,1,0,0,0,0,1094
737,5,1983,1,0,0,0,0,1029
738,6,1983,1,0,0,0,0,1095
739,7,1983,1,0,0,0,0,1021
740,8,1983,1,0,0,0,0,1124
741,9,1983,1,0,0,0,0,1090
742,10,1983,1,0,0,0,0,1046
743,12,1983,1,0,0,0,0,1026
744,13,1983,1,0,0,0,0,987
745,14,1983,1,0,0,0,0,1097
746,15,1983,1,0,0,0,0,1023
747,16,1983,1,0,0,0,0,1040
748,18,1983,1,0,0,0,0,1057
749,19,1983,1,0,0,0,0,1061
750,30,1983,1,0,0,0,0,1031
751,20,1983,1,0,0,0,0,1157
752,22,1983,1,0,0,0,0,1101
753,23,1983,1,0,0,0,0,1024
754,24,1983,1,0,0,0,0,1079
755,11,1983,1,0,0,0,0,971
756,26,1983,1,0,0,0,0,1024
757,27,1983,1,0,0,0,0,1073
758,28,1983,1,0,0,0,0,1006
759,31,1983,1,0,0,0,0,1104
760,0,1984,0,0,0,0,0,1057
761,1,1984,0,0,0,0,0,1100
762,2,1984,0,0,0,0,0,1080
763,3,1984,0,0,0,0,0,1047
764,4,1984,0,0,0,0,0,1019
765,5,1984,0,0,0,0,0,1039
766,6,1984,0,0,0,0,0,1092
767,7,1984,0,0,0,0,0,1103
768,8,1984,0,0,0,0,0,1154
769,9,1984,0,0,0,0,0,1033
770,10,1984,0,0,0,0,0,978
771,12,1984,0,0,0,0,0,1120
772,13,1984,0,0,0,0,0,1070
773,14,1984,0,0,0,0,0,1047
774,15,1984,0,0,0,0,0,1034
775,16,1984,0,0,0,0,0,1084
776,18,1984,0,0,0,0,0,1043
777,19,1984,0,0,0,0,0,1037
778,30,1984,0,0,0,0,0,971
779,20,1984,0,0,0,0,0,1009
780,22,1984,0,0,0,0,0,1048
781,23,1984,0,0,0,0,0,1060
782,24,1984,0,0,0,0,0,931
783,11,1984,0,0,0,0,0,1119
784,26,1984,0,0,0,0,0,1045
785,27,1984,0,0,0,0,0,1034
786,28,1984,0,0,0,0,0,1053
787,31,1984,0,0,0,0,0,1041
788,0,1984,1,0,0,0,0,1030
789,1,1984,1,0,0,0,0,885
790,2,1984,1,0,0,0,0,1034
791,3,1984,1,0,0,0,0,1051
792,4,1984,1,0,0,0,0,1123
793,5,1984,1,0,0,0,0,995
794,6,1984,1,0,0,0,0,1034
795,7,1984,1,0,0,0,0,989
796,8,1984,1,0,0,0,0,1019
797,9,1984,1,0,0,0,0,1158
798,10,1984,1,0,0,0,0,1116
799,12,1984,1,0,0,0,0,1093
800,13,1984,1,0,0,0,0,1051
801,14,1984,1,0,0,0,0,1107
802,15,1984,1,0,0,0,0,1019
803,16,1984,1,0,0,0,0,1049
804,18,1984,1,0,0,0,0,1053
805,19,1984,1,0,0,0,0,1022
806,30,1984,1,0,0,0,0,1073
807,20,1984,1,0,0,0,0,1142
808,22,1984,1,0,0,0,0,1066
809,23,1984,1,0,0,0,0,1092
810,24,1984,1,0,0,0,0,1061
811,11,1984,1,0,0,0,0,1029
812,26,1984,1,0,0,0,0,1025
813,27,1984,1,0,0,0,0,1055
814,28,1984,1,0,0,0,0,1016
815,31,1984,1,0,0,0,0,1061
816,0,1985,0,0,0,0,0,1070
817,1,1985,0,0,0,0,0,1085
818,2,1985,0,0,0,0,0,1062
819,3,1985,0,0,0,0,0,971
820,4,1985,0,0,0,0,0,1151
821,5,1985,0,0,0,0,0,983
822,6,1985,0,0,0,0,0,982
823,7,1985,0,0,0,0,0,1014
824,8,1985,0,0,0,0,0,1112
825,9,1985,0,0,0,0,0,983
826,10,1985,0,0,0,0,0,989
827,12,1985,0,0,0,0,0,1093
828,13,1985,0,0,0,0,0,1038
829,14,1985,0,0,0,0,0,1049
830,15,1985,0,0,0,0,0,1090
831,16,1985,0,0,0,0,0,1130
832,18,1985,0,0,0,0,0,1123
833,19,1985,0,0,0,0,0,967
834,30,1985,0,0,0,0,0,1000
835,20,1985,0,0,0,0,0,1034
836,22,1985,0,0,0,0,0,1061
837,23,1985,0,0,0,0,0,1081
838,24,1985,0,0,0,0,0,963
839,11,1985,0,0,0,0,0,1135
840,26,1985,0,0,0,0,0,997
841,27,1985,0,0,0,0,0,1090
842,28,1985,0,0,0,0,0,1088
843,31,1985,0,0,0,0,0,1026
844,0,1985,1,0,0,0,0,1116
845,1,1985,1,0,0,0,0,945
846,2,1985,1,0,0,0,0,1020
847,3,1985,1,0,0,0,0,1070
848,4,1985,1,0,0,0,0,1069
849,5,1985,1,0,0,0,0,1050
850,6,1985,1,0,0,0,0,1088
851,7,1985,1,0,0,0,0,1045
852,8,1985,1,0,0,0,0,1105
853,9,1985,1,0,0,0,0,1126
854,10,1985,1,0,0,0,0,1079
855,12,1985,1,0,0,0,0,1076
856,13,1985,1,0,0,0,0,1036
857,14,1985,1,0,0,0,0,1057
858,15,1985,1,0,0,0,0,1014
859,16,1985,1,0,0,0,0,1022
860,18,1985,1,0,0,0,0,989
861,19,1985,1,0,0,0,0,1083
862,30,1985,1,0,0,0,0,1091
863,20,1985,1,0,0,0,0,1051
864,22,1985,1,0,0,0,0,1042
865,23,1985,1,0,0,0,0,1036
866,24,1985,1,0,0,0,0,1047
867,11,1985,1,0,0,0,0,940
868,26,1985,1,0,0,0,0,1085
869,27,1985,1,0,0,0,0,1031
870,28,1985,1,0,0,0,0,989
871,31,1985,1,0,0,0,0,1065
872,0,1986,0,0,0,0,0,1118
873,1,1986,0,0,0,0,0,1044
874,2,1986,0,0,0,0,0,1046
875,3,1986,0,0,0,0,0,962
876,4,1986,0,0,0,0,0,1041
877,5,1986,0,0,0,0,0,1046
878,6,1986,0,0,0,0,0,969
879,7,1986,0,0,0,0,0,996
880,8,1986,0,0,0,0,0,1106
881,9,1986,0,0,0,0,0,1002
882,10,1986,0,0,0,0,0,1046
883,12,1986,0,0,0,0,0,1058
884,13,1986,0,0,0,0,0,1012
885,14,1986,0,0,0,0,0,1117
886,15,1986,0,0,0,0,0,1086
887,16,1986,0,0,0,0,0,1076
888,18,1986,0,0,0,0,0,1072
889,19,1986,0,0,0,0,0,1011
890,30,1986,0,0,0,0,0,1093
891,20,1986,0,0,0,0,0,1026
892,22,1986,0,0,0,0,0,1073
893,23,1986,0,0,0,0,0,1071
894,24,1986,0,0,0,0,0,1008
895,11,1986,0,0,0,0,0,1043
896,26,1986,0,0,0,0,0,959
897,27,1986,0,0,0,0,0,1005
898,28,1986,0,0,0,0,0,1077
899,31,1986,0,0,0,0,0,1024
900,0,1986,1,0,0,0,0,1060
901,1,1986,1,0,0,0,0,1004
902,2,1986,1,0,0,0,0,1050
903,3,1986,1,0,0,0,0,1070
904,4,1986,1,0,0,0,0,1024
905,5,1986,1,0,0,0,0,1047
906,6,1986,1,0,0,0,0,1060
907,7,1986,1,0,0,0,0,1038
908,8,1986,1,0,0,0,0,1047
909,9,1986,1,0,0,0,0,1099
910,10,1986,1,0,0,0,0,1052
911,12,1986,1,0,0,0,0,1017
912,13,1986,1,0,0,0,0,1059
913,14,1986,1,0,0,0,0,1043
914,15,1986,1,0,0,0,0,968
915,16,1986,1,0,0,0,0,998
916,18,1986,1,0,0,0,0,1082
917,19,1986,1,0,0,0,0,1028
918,30,1986,1,0,0,0,0,1054
919,20,1986,1,0,0,0,0,1040
920,22,1986,1,0,0,0,0,1031
921,23,1986,1,0,0,0,0,1005
922,24,1986,1,0,0,0,0,1039
923,11,1986,1,0,0,0,0,1046
924,26,1986,1,0,0,0,0,1109
925,27,1986,1,0,0,0,0,1052
926,28,1986,1,0,0,0,0,1051
927,31,1986,1,0,0,0,0,1014
928,0,1987,0,0,0,0,0,1054
929,1,1987,0,0,0,0,0,1025
930,2,1987,0,0,0,0,0,1044
931,3,1987,0,0,0,0,0,1017
932,4,1987,0,0,0,0,0,1071
933,5,1987,0,0,0,0,0,986
934,6,1987,0,0,0,0,0,954
935,7,1987,0,0,0,0,0,1044
936,8,1987,0,0,0,0,0,954
937,9,1987,0,0,0,0,0,898
938,10,1987,0,0,0,0,0,968
939,12,1987,0,0,0,0,0,1016
940,13,1987,0,0,0,0,0,1005
941,14,1987,0,0,0,0,0,1105
942,15,1987,0,0,0,0,0,882
943,16,1987,0,0,0,0,0,998
944,18,1987,0,0,0,0,0,1042
945,19,1987,0,0,0,0,0,933
946,30,1987,0,0,0,0,0,1000
947,20,1987,0,0,0,0,0,964
948,22,1987,0,0,0,0,0,986
949,23,1987,0,0,0,0,0,985
950,24,1987,0,0,0,0,0,957
951,11,1987,0,0,0,0,0,1006
952,26,1987,0,0,0,0,0,1009
953,27,1987,0,0,0,0,0,938
954,28,1987,0,0,0,0,0,973
955,31,1987,0,0,0,0,0,981
956,0,1987,1,0,0,0,0,932
957,1,1987,1,0,0,0,0,989
958,2,1987,1,0,0,0,0,938
959,3,1987,1,0,0,0,0,1023
960,4,1987,1,0,0,0,0,941
961,5,1987,1,0,0,0,0,903
962,6,1987,1,0,0,0,0,996
963,7,1987,1,0,0,0,0,1025
964,8,1987,1,0,0,0,0,1007
965,9,1987,1,0,0,0,0,1045
966,10,1987,1,0,0,0,0,1003
967,12,1987,1,0,0,0,0,1019
968,13,1987,1,0,0,0,0,1013
969,14,1987,1,0,0,0,0,1045
970,15,1987,1,0,0,0,0,1070
971,16,1987,1,0,0,0,0,1054
972,18,1987,1,0,0,0,0,993
973,19,1987,1,0,0,0,0,1006
974,30,1987,1,0,0,0,0,977
975,20,1987,1,0,0,0,0,1024
976,22,1987,1,0,0,0,0,1053
977,23,1987,1,0,0,0,0,939
978,24,1987,1,0,0,0,0,961
979,11,1987,1,0,0,0,0,1020
980,26,1987,1,0,0,0,0,924
981,27,1987,1,0,0,0,0,955
982,28,1987,1,0,0,0,0,962
983,31,1987,1,0,0,0,0,978
984,0,1988,0,0,0,0,0,1077
985,1,1988,0,0,0,0,0,1041
986,2,1988,0,0,0,0,0,986
987,3,1988,0,0,0,0,0,1014
988,4,1988,0,0,0,0,0,1078
989,5,1988,0,0,0,0,0,1013
990,6,1988,0,0,0,0,0,999
991,7,1988,0,0,0,0,0,1102
992,8,1988,0,0,0,0,0,937
993,9,1988,0,0,0,0,0,1019
994,10,1988,0,0,0,0,0,984
995,12,1988,0,0,0,0,0,1059
996,13,1988,0,0,0,0,0,964
997,14,1988,0,0,0,0,0,1102
998,15,1988,0,0,0,0,0,1003
999,16,1988,0,0,0,0,0,1078
1000,18,1988,0,0,0,0,0,1093
1001,19,1988,0,0,0,0,0,920
1002,30,1988,0,0,0,0,0,1010
1003,20,1988,0,0,0,0,0,1021
1004,22,1988,0,0,0,0,0,1000
1005,23,1988,0,0,0,0,0,1036
1006,24,1988,0,0,0,0,0,1057
1007,11,1988,0,0,0,0,0,1056
1008,26,1988,0,0,0,0,0,1034
1009,27,1988,0,0,0,0,0,982
1010,28,1988,0,0,0,0,0,1030
1011,31,1988,0,0,0,0,0,1069
1012,0,1988,1,0,0,0,0,1014
1013,1,1988,1,0,0,0,0,977
1014,2,1988,1,0,0,0,0,1060
1015,3,1988,1,0,0,0,0,972
1016,4,1988,1,0,0,0,0,1055
1017,5,1988,1,0,0,0,0,1008
1018,6,1988,1,0,0,0,0,1025
1019,7,1988,1,0,0,0,0,1015
1020,8,1988,1,0,0,0,0,1075
1021,9,1988,1,0,0,0,0,1041
1022,10,1988,1,0,0,0,0,1017
1023,12,1988,1,0,0,0,0,1028
1024,13,1988,1,0,0,0,0,1071
1025,14,1988,1,0,0,0,0,1086
1026,15,1988,1,0,0,0,0,1052
1027,16,1988,1,0,0,0,0,1072
1028,18,1988,1,0,0,0,0,1040
1029,19,1988,1,0,0,0,0,1071
1030,30,1988,1,0,0,0,0,983
1031,20,1988,1,0,0,0,0,1021
1032,22,1988,1,0,0,0,0,962
1033,23,1988,1,0,0,0,0,1055
1034,24,1988,1,0,0,0,0,1041
1035,11,1988,1,0,0,0,0,981
1036,26,1988,1,0,0,0,0,979
1037,27,1988,1,0,0,0,0,1040
1038,28,1988,1,0,0,0,0,1069
1039,31,1988,1,0,0,0,0,954
1040,0,1989,0,0,0,0,0,1021
1041,1,1989,0,0,0,0,0,1029
1042,2,1989,0,0,0,0,0,1083
1043,3,1989,0,0,0,0,0,1045
1044,4,1989,0,0,0,0,0,1070
1045,5,1989,0,0,0,0,0,1011
1046,6,1989,0,0,0,0,0,1025
1047,7,1989,0,0,0,0,0,986
1048,8,1989,0,0,0,0,0,987
1049,9,1989,0,0,0,0,0,1017
1050,10,1989,0,0,0,0,0,979
1051,12,1989,0,0,0,0,0,898
1052,13,1989,0,0,0,0,0,1011
1053,14,1989,0,0,0,0,0,1123
1054,15,1989,0,0,0,0,0,947
1055,16,1989,0,0,0,0,0,1047
1056,18,1989,0,0,0,0,0,1032
1057,19,1989,0,0,0,0,0,928
1058,30,1989,0,0,0,0,0,1028
1059,20,1989,0,0,0,0,0,1046
1060,22,1989,0,0,0,0,0,1129
1061,23,1989,0,0,0,0,0,912
1062,24,1989,0,0,0,0,0,1027
1063,11,1989,0,0,0,0,0,1119
1064,26,1989,0,0,0,0,0,999
1065,27,1989,0,0,0,0,0,1009
1066,28,1989,0,0,0,0,0,956
1067,31,1989,0,0,0,0,0,1053
1068,0,1989,1,0,0,0,0,981
1069,1,1989,1,0,0,0,0,1039
1070,2,1989,1,0,0,0,0,998
1071,3,1989,1,0,0,0,0,1030
1072,4,1989,1,0,0,0,0,977
1073,5,1989,1,0,0,0,0,1033
1074,6,1989,1,0,0,0,0,1028
1075,7,1989,1,0,0,0,0,1098
1076,8,1989,1,0,0,0,0,1039
1077,9,1989,1,0,0,0,0,952
1078,10,1989,1,0,0,0,0,1109
1079,12,1989,1,0,0,0,0,1062
1080,13,1989,1,0,0,0,0,1045
1081,14,1989,1,0,0,0,0,1018
1082,15,1989,1,0,0,0,0,1040
1083,16,1989,1,0,0,0,0,946
1084,18,1989,1,0,0,0,0,1058
1085,19,1989,1,0,0,0,0,1064
1086,30,1989,1,0,0,0,0,941
1087,20,1989,1,0,0,0,0,970
1088,22,1989,1,0,0,0,0,976
1089,23,1989,1,0,0,0,0,1045
1090,24,1989,1,0,0,0,0,1023
1091,11,1989,1,0,0,0,0,953
1092,26,1989,1,0,0,0,0,997
1093,27,1989,1,0,0,0,0,997
1094,28,1989,1,0,0,0,0,1077
1095,31,1989,1,0,0,0,0,1021
1096,0,1990,0,0,0,0,0,1074
1097,1,1990,0,0,0,0,0,1024
1098,2,1990,0,0,0,0,0,942
1099,3,1990,0,0,0,0,0,932
1100,4,1990,0,0,0,0,0,1035
1101,5,1990,0,0,0,0,0,960
1102,6,1990,0,0,0,0,0,911
1103,7,1990,0,0,0,0,0,935
1104,8,1990,0,0,0,0,0,974
1105,9,1990,0,0,0,0,0,975
1106,10,1990,0,0,0,0,0,874
1107,12,1990,0,0,0,0,0,912
1108,13,1990,0,0,0,0,0,975
1109,14,1990,0,0,0,0,0,1069
1110,15,1990,0,0,0,0,0,995
1111,16,1990,0,0,0,0,0,968
1112,18,1990,0,0,0,0,0,967
1113,19,1990,0,0,0,0,0,869
1114,30,1990,0,0,0,0,0,1007
1115,20,1990,0,0,0,0,0,953
1116,22,1990,0,0,0,0,0,955
1117,23,1990,0,0,0,0,0,861
1118,24,1990,0,0,0,0,0,1013
1119,11,1990,0,0,0,0,0,1073
1120,26,1990,0,0,0,0,0,932
1121,27,1990,0,0,0,0,0,945
1122,28,1990,0,0,0,0,0,897
1123,31,1990,0,0,0,0,0,1001
1124,0,1990,1,0,0,0,0,921
1125,1,1990,1,0,0,0,0,927
1126,2,1990,1,0,0,0,0,1010
1127,3,1990,1,0,0,0,0,981
1128,4,1990,1,0,0,0,0,968
1129,5,1990,1,0,0,0,0,987
1130,6,1990,1,0,0,0,0,1000
1131,7,1990,1,0,0,0,0,959
1132,8,1990,1,0,0,0,0,932
1133,9,1990,1,0,0,0,0,945
1134,10,1990,1,0,0,0,0,1034
1135,12,1990,1,0,0,0,0,991
1136,13,1990,1,0,0,0,0,968
1137,14,1990,1,0,0,0,0,948
1138,15,1990,1,0,0,0,0,981
1139,16,1990,1,0,0,0,0,914
1140,18,1990,1,0,0,0,0,977
1141,19,1990,1,0,0,0,0,1078
1142,30,1990,1,0,0,0,0,891
1143,20,1990,1,0,0,0,0,982
1144,22,1990,1,0,0,0,0,972
1145,23,1990,1,0,0,0,0,924
1146,24,1990,1,0,0,0,0,949
1147,11,1990,1,0,0,0,0,940
1148,26,1990,1,0,0,0,0,986
1149,27,1990,1,0,0,0,0,951
1150,28,1990,1,0,0,0,0,940
1151,31,1990,1,0,0,0,0,972
1152,0,1991,0,0,0,0,0,986
1153,1,1991,0,0,0,0,0,1025
1154,2,1991,0,0,0,0,0,993
1155,3,1991,0,0,0,0,0,1056
1156,4,1991,0,0,0,0,0,1012
1157,5,1991,0,0,0,0,0,934
1158,6,1991,0,0,0,0,0,922
1159,7,1991,0,0,0,0,0,926
1160,8,1991,0,0,0,0,0,1010
1161,9,1991,0,0,0,0,0,1021
1162,10,1991,0,0,0,0,0,923
1163,12,1991,0,0,0,0,0,970
1164,13,1991,0,0,0,0,0,970
1165,14,1991,0,0,0,0,0,1004
1166,15,1991,0,0,0,0,0,940
1167,16,1991,0,0,0,0,0,953
1168,18,1991,0,0,0,0,0,1059
1169,19,1991,0,0,0,0,0,938
1170,30,1991,0,0,0,0,0,1023
1171,20,1991,0,0,0,0,0,940
1172,22,1991,0,0,0,0,0,977
1173,23,1991,0,0,0,0,0,893
1174,24,1991,0,0,0,0,0,935
1175,11,1991,0,0,0,0,0,998
1176,26,1991,0,0,0,0,0,1008
1177,27,1991,0,0,0,0,0,922
1178,28,1991,0,0,0,0,0,915
1179,31,1991,0,0,0,0,0,970
1180,0,1991,1,0,0,0,0,929
1181,1,1991,1,0,0,0,0,942
1182,2,1991,1,0,0,0,0,979
1183,3,1991,1,0,0,0,0,1086
1184,4,1991,1,0,0,0,0,939
1185,5,1991,1,0,0,0,0,1004
1186,6,1991,1,0,0,0,0,989
1187,7,1991,1,0,0,0,0,965
1188,8,1991,1,0,0,0,0,960
1189,9,1991,1,0,0,0,0,927
1190,10,1991,1,0,0,0,0,961
1191,12,1991,1,0,0,0,0,964
1192,13,1991,1,0,0,0,0,1019
1193,14,1991,1,0,0,0,0,906
1194,15,1991,1,0,0,0,0,975
1195,16,1991,1,0,0,0,0,888
1196,18,1991,1,0,0,0,0,954
1197,19,1991,1,0,0,0,0,1008
1198,30,1991,1,0,0,0,0,984
1199,20,1991,1,0,0,0,0,1033
1200,22,1991,1,0,0,0,0,1050
1201,23,1991,1,0,0,0,0,1002
1202,24,1991,1,0,0,0,0,920
1203,11,1991,1,0,0,0,0,948
1204,26,1991,1,0,0,0,0,876
1205,27,1991,1,0,0,0,0,988
1206,28,1991,1,0,0,0,0,1039
1207,31,1991,1,0,0,0,0,988
1208,0,1992,0,2411,1122,167,64,994
1209,1,1992,0,2456,894,197,64,951
1210,2,1992,0,2542,817,312,176,934
1211,3,1992,0,2554,1017,123,50,1087
1212,4,1992,0,2593,842,132,60,928
1213,5,1992,0,2438,830,209,113,883
1214,6,1992,0,2609,970,253,97,994
1215,7,1992,0,2515,979,293,122,948
1216,8,1992,0,2802,1111,163,76,1018
1217,9,1992,0,2616,900,172,62,907
1218,10,1992,0,2644,947,99,63,969
1219,12,1992,0,2667,1118,151,100,1014
1220,13,1992,0,2558,999,198,100,998
1221,14,1992,0,2658,1029,177,89,1009
1222,15,1992,0,2355,912,169,61,910
1223,16,1992,0,2508,872,157,97,936
1224,18,1992,0,2543,806,341,135,958
1225,19,1992,0,2167,747,85,36,843
1226,30,1992,0,2143,911,113,37,958
1227,20,1992,0,2803,1191,146,81,990
1228,22,1992,0,2704,874,231,98,928
1229,23,1992,0,2593,1002,158,62,953
1230,24,1992,0,2320,860,86,12,914
1231,11,1992,0,2843,1239,161,98,991
1232,26,1992,0,2510,959,103,38,895
1233,27,1992,0,2699,715,207,62,945
1234,28,1992,0,2696,936,192,77,989
1235,31,1992,0,2707,1205,142,78,995
1236,0,1992,1,199,75,17,8,943
1237,1,1992,1,194,69,20,9,953
1238,2,1992,1,216,99,18,10,1024
1239,3,1992,1,218,84,14,7,991
1240,4,1992,1,222,81,13,5,1001
1241,5,1992,1,205,76,14,7,963
1242,6,1992,1,212,92,12,7,985
1243,7,1992,1,185,67,5,2,915
1244,8,1992,1,200,73,12,3,907
1245,9,1992,1,205,73,11,6,949
1246,10,1992,1,197,70,15,6,1004
1247,12,1992,1,184,50,15,7,873
1248,13,1992,1,217,88,20,7,976
1249,14,1992,1,222,74,20,13,959
1250,15,1992,1,189,81,6,1,934
1251,16,1992,1,180,76,15,4,923
1252,18,1992,1,201,72,14,7,961
1253,19,1992,1,200,84,9,4,976
1254,30,1992,1,194,68,14,7,907
1255,20,1992,1,189,71,16,7,923
1256,22,1992,1,214,77,15,6,1000
1257,23,1992,1,219,72,22,10,974
1258,24,1992,1,204,91,5,2,1005
1259,11,1992,1,202,72,19,9,911
1260,26,1992,1,209,71,18,8,949
1261,27,1992,1,230,75,9,6,987
1262,28,1992,1,195,65,17,5,949
1263,31,1992,1,207,79,14,4,997
1264,0,1993,0,2349,1131,198,124,1022
1265,1,1993,0,2671,930,179,51,913
1266,2,1993,0,2829,979,313,121,986
1267,3,1993,0,2875,1259,103,65,1078
1268,4,1993,0,2870,1256,140,25,1060
1269,5,1993,0,2503,827,173,137,948
1270,6,1993,0,2665,924,149,39,949
1271,7,1993,0,2750,1277,171,85,1007
1272,8,1993,0,2816,1124,186,74,1050
1273,9,1993,0,2581,1043,114,52,970
1274,10,1993,0,2566,749,266,109,988
1275,12,1993,0,2531,1064,150,89,994
1276,13,1993,0,2747,1261,210,99,1030
1277,14,1993,0,2817,1165,198,89,1054
1278,15,1993,0,2587,993,219,122,1008
1279,16,1993,0,2811,1145,139,65,1024
1280,18,1993,0,2757,1164,259,123,1031
1281,19,1993,0,2696,929,151,64,937
1282,30,1993,0,2692,1199,149,38,1066
1283,20,1993,0,2856,1058,207,117,1006
1284,22,1993,0,2922,1139,333,161,1091
1285,23,1993,0,2568,945,100,12,978
1286,24,1993,0,2504,982,136,61,953
1287,11,1993,0,2606,902,193,61,969
1288,26,1993,0,2536,903,135,87,935
1289,27,1993,0,2786,999,172,74,1019
1290,28,1993,0,2956,1163,195,99,1079
1291,31,1993,0,2689,917,88,51,1008
1292,0,1993,1,214,87,20,9,1012
1293,1,1993,1,214,80,15,6,1026
1294,2,1993,1,212,85,11,7,1000
1295,3,1993,1,235,107,18,6,1119
1296,4,1993,1,215,71,17,8,1005
1297,5,1993,1,231,88,13,6,1040
1298,6,1993,1,224,85,16,5,1011
1299,7,1993,1,206,76,5,1,962
1300,8,1993,1,210,83,8,4,1002
1301,9,1993,1,210,86,13,3,1013
1302,10,1993,1,206,85,12,8,1050
1303,12,1993,1,219,87,17,6,1012
1304,13,1993,1,229,103,10,3,1061
1305,14,1993,1,205,66,20,15,966
1306,15,1993,1,200,73,16,7,951
1307,16,1993,1,196,67,23,12,950
1308,18,1993,1,200,81,19,9,949
1309,19,1993,1,225,92,11,7,990
1310,30,1993,1,208,64,24,12,1003
1311,20,1993,1,217,70,19,3,999
1312,22,1993,1,231,96,13,5,1013
1313,23,1993,1,204,74,9,5,996
1314,24,1993,1,218,102,17,10,1003
1315,11,1993,1,215,92,15,5,1027
1316,26,1993,1,227,92,16,9,1008
1317,27,1993,1,229,91,13,6,1085
1318,28,1993,1,201,68,10,4,962
1319,31,1993,1,207,81,6,3,938
1320,0,1994,0,2576,1318,231,142,1037
1321,1,1994,0,2981,1251,207,117,1014
1322,2,1994,0,2619,813,269,149,993
1323,3,1994,0,2774,1199,197,62,1066
1324,4,1994,0,2925,1103,214,90,1112
1325,5,1994,0,2613,890,154,51,970
1326,6,1994,0,2503,924,185,74,951
1327,7,1994,0,2872,947,177,63,1052
1328,8,1994,0,2856,1136,212,126,1033
1329,9,1994,0,3015,1199,288,150,1099
1330,10,1994,0,2481,882,215,153,899
1331,12,1994,0,2670,1184,87,75,1018
1332,13,1994,0,2788,1290,319,218,1078
1333,14,1994,0,3057,1282,210,74,1046
1334,15,1994,0,2551,951,110,48,996
1335,16,1994,0,2789,966,123,62,976
1336,18,1994,0,2747,958,334,149,983
1337,19,1994,0,2387,957,151,63,891
1338,30,1994,0,2731,952,218,109,1036
1339,20,1994,0,2958,1277,183,80,1059
1340,22,1994,0,3281,1358,442,229,1196
1341,23,1994,0,2626,1039,148,36,966
1342,24,1994,0,2527,988,171,73,944
1343,11,1994,0,2570,930,162,50,974
1344,26,1994,0,2491,887,195,98,965
1345,27,1994,0,2923,1112,233,123,1018
1346,28,1994,0,2925,1138,126,51,1048
1347,31,1994,0,3058,1258,199,88,1123
1348,0,1994,1,221,87,19,11,996
1349,1,1994,1,218,81,17,8,982
1350,2,1994,1,231,92,8,4,1050
1351,3,1994,1,217,91,18,12,1007
1352,4,1994,1,217,86,10,3,1023
1353,5,1994,1,242,83,18,7,1090
1354,6,1994,1,214,94,12,4,986
1355,7,1994,1,187,52,10,4,909
1356,8,1994,1,210,77,25,13,1005
1357,9,1994,1,212,80,14,8,988
1358,10,1994,1,251,115,23,13,1090
1359,12,1994,1,229,91,17,8,1006
1360,13,1994,1,197,76,22,8,1000
1361,14,1994,1,214,78,9,4,981
1362,15,1994,1,205,84,20,9,1038
1363,16,1994,1,209,86,13,5,973
1364,18,1994,1,208,83,24,12,1014
1365,19,1994,1,231,112,20,10,1086
1366,30,1994,1,219,80,10,3,971
1367,20,1994,1,222,79,18,9,1023
1368,22,1994,1,215,72,16,6,1009
1369,23,1994,1,233,90,24,15,1046
1370,24,1994,1,221,101,11,5,1063
1371,11,1994,1,223,87,10,5,1080
1372,26,1994,1,210,91,19,11,1054
1373,27,1994,1,224,83,20,8,1077
1374,28,1994,1,225,72,19,11,1008
1375,31,1994,1,215,78,15,7,988
1376,0,1995,0,223,109,18,11,1092
1377,1,1995,0,2620,1120,236,162,1030
1378,2,1995,0,2562,901,235,122,975
1379,3,1995,0,2854,904,165,90,1059
1380,4,1995,0,2613,1134,221,99,1060
1381,5,1995,0,2601,1048,255,121,985
1382,6,1995,0,2444,854,159,86,961
1383,7,1995,0,205,71,13,2,1002
1384,8,1995,0,2798,1199,262,152,1051
1385,9,1995,0,2966,1054,279,193,1059
1386,10,1995,0,2569,1006,236,149,961
1387,12,1995,0,2367,1061,163,101,1007
1388,13,1995,0,2633,1207,162,126,1034
1389,14,1995,0,2947,1131,212,125,1050
1390,15,1995,0,2491,1005,161,88,983
1391,16,1995,0,2578,1047,172,87,1003
1392,17,1995,0,2509,907,180,72,962
1393,18,1995,0,223,65,22,10,1001
1394,19,1995,0,2632,1201,166,102,1024
1395,30,1995,0,2830,1233,145,85,1046
1396,20,1995,0,2886,1411,106,66,1036
1397,21,1995,0,3040,1163,112,52,1029
1398,22,1995,0,3215,1224,477,209,1187
1399,23,1995,0,2659,1063,172,86,1042
1400,24,1995,0,2991,1093,315,183,1067
1401,11,1995,0,2847,1154,208,123,1026
1402,26,1995,0,2674,1132,137,62,984
1403,27,1995,0,2715,1037,159,111,1033
1404,28,1995,0,2929,1239,251,138,1110
1405,31,1995,0,3000,1433,138,50,1115
1406,0,1995,1,224,85,23,9,999
1407,1,1995,1,217,101,17,10,1035
1408,2,1995,1,243,107,15,8,1127
1409,3,1995,1,244,84,23,13,1084
1410,4,1995,1,212,92,21,10,1010
1411,5,1995,1,226,112,14,7,1082
1412,6,1995,1,211,93,7,4,1031
1413,7,1995,1,203,90,8,3,995
1414,8,1995,1,214,90,11,6,1020
1415,9,1995,1,229,78,18,7,1047
1416,10,1995,1,212,85,14,7,1016
1417,12,1995,1,216,97,19,8,1001
1418,13,1995,1,199,68,32,15,1000
1419,14,1995,1,220,84,17,12,1013
1420,15,1995,1,231,95,28,18,1084
1421,16,1995,1,213,89,21,14,1037
1422,17,1995,1,222,107,16,10,1030
1423,18,1995,1,225,75,14,9,1066
1424,19,1995,1,200,76,16,10,1031
1425,30,1995,1,212,71,15,5,983
1426,20,1995,1,214,75,26,12,1029
1427,21,1995,1,240,98,12,7,1072
1428,22,1995,1,215,80,13,7,1034
1429,23,1995,1,210,69,17,6,1016
1430,24,1995,1,204,85,8,5,980
1431,11,1995,1,220,100,16,12,1059
1432,26,1995,1,222,97,13,8,1056
1433,27,1995,1,218,81,18,10,1078
1434,28,1995,1,202,68,13,8,943
1435,31,1995,1,224,93,11,7,1016
1436,0,1996,0,2917,1029,255,162,1046
1437,1,1996,0,3062,1034,369,268,1045
1438,2,1996,0,3157,1373,159,67,1088
1439,3,1996,0,3222,1133,186,121,1094
1440,4,1996,0,3135,1537,150,82,1092
1441,6,1996,0,2979,1188,315,121,996
1442,7,1996,0,3039,1278,225,146,1050
1443,8,1996,0,3071,1048,211,121,1022
1444,9,1996,0,2939,1029,223,105,1045
1445,10,1996,0,2797,1057,151,64,1000
1446,12,1996,0,2909,1219,110,54,981
1447,13,1996,0,2962,1196,257,108,1000
1448,14,1996,0,2959,1120,202,81,1076
1449,15,1996,0,2506,996,123,49,971
1450,16,1996,0,2933,816,267,122,1000
1451,17,1996,0,2781,1162,106,65,1038
1452,18,1996,0,3015,1241,283,115,1077
1453,19,1996,0,2422,931,250,112,976
1454,30,1996,0,2643,1029,139,88,972
1455,20,1996,0,2972,1328,147,67,1053
1456,21,1996,0,3042,1136,173,81,1025
1457,22,1996,0,3108,1151,459,259,1085
1458,23,1996,0,3003,1222,186,120,1034
1459,24,1996,0,2854,1074,239,113,986
1460,25,1996,0,2641,1152,130,53,1024
1461,11,1996,0,2740,1049,121,95,961
1462,26,1996,0,2598,816,237,75,923
1463,27,1996,0,2739,830,218,93,974
1464,28,1996,0,2810,1145,131,53,1002
1465,31,1996,0,3105,1312,64,37,1030
1466,0,1996,1,232,78,20,9,1021
1467,1,1996,1,206,79,14,8,982
1468,2,1996,1,214,94,13,8,1047
1469,3,1996,1,259,92,17,5,1105
1470,4,1996,1,217,78,16,7,951
1471,6,1996,1,214,87,13,10,976
1472,7,1996,1,218,90,10,5,1062
1473,8,1996,1,243,102,19,9,1100
1474,9,1996,1,218,92,10,3,1008
1475,10,1996,1,221,88,15,11,1022
1476,12,1996,1,212,73,20,12,958
1477,13,1996,1,193,65,24,11,987
1478,14,1996,1,215,84,14,5,961
1479,15,1996,1,206,87,6,2,994
1480,16,1996,1,222,76,18,7,1050
1481,17,1996,1,211,93,8,3,992
1482,18,1996,1,215,86,12,7,1023
1483,19,1996,1,220,95,15,8,1044
1484,30,1996,1,199,70,12,4,956
1485,20,1996,1,226,74,22,14,981
1486,21,1996,1,219,71,22,7,990
1487,22,1996,1,228,82,22,12,1063
1488,23,1996,1,217,74,14,7,1010
1489,24,1996,1,226,95,21,13,1068
1490,25,1996,1,224,108,13,7,1075
1491,11,1996,1,228,100,15,10,1113
1492,26,1996,1,232,85,16,9,1027
1493,27,1996,1,211,80,15,7,1066
1494,28,1996,1,213,77,11,4,1009
1495,31,1996,1,211,70,17,10,1025
1496,0,1997,0,2836,1038,106,52,999
1497,1,1997,0,3317,1198,353,185,1128
1498,2,1997,0,2870,1179,265,134,1002
1499,3,1997,0,2819,706,381,145,1014
1500,4,1997,0,2947,1246,219,96,1068
1501,6,1997,0,2724,1056,190,68,915
1502,7,1997,0,3187,1115,291,149,1075
1503,8,1997,0,3106,1023,273,105,1025
1504,9,1997,0,3081,1278,215,67,1054
1505,10,1997,0,2755,1042,253,126,1035
1506,12,1997,0,3062,1113,172,80,1015
1507,13,1997,0,2929,1112,301,171,1032
1508,14,1997,0,3209,1199,290,183,1116
1509,15,1997,0,2660,942,163,101,980
1510,16,1997,0,3201,1008,120,67,1027
1511,17,1997,0,2863,1125,163,69,998
1512,18,1997,0,3181,1213,280,161,1043
1513,19,1997,0,2848,1002,232,101,1028
1514,30,1997,0,2950,1247,186,120,993
1515,20,1997,0,2763,1099,67,67,1004
1516,21,1997,0,2976,1312,119,39,1019
1517,22,1997,0,2940,1186,174,41,960
1518,23,1997,0,2679,859,235,66,947
1519,24,1997,0,2836,931,139,50,1013
1520,25,1997,0,3025,1091,277,160,1043
1521,11,1997,0,3016,1277,172,66,1034
1522,26,1997,0,2649,696,277,178,925
1523,27,1997,0,2866,1165,198,101,1049
1524,28,1997,0,3010,1351,249,152,1058
1525,31,1997,0,2897,1155,143,65,1022
1526,0,1997,1,219,76,21,12,949
1527,1,1997,1,189,60,9,3,935
1528,2,1997,1,227,102,16,11,1091
1529,3,1997,1,240,85,16,7,1041
1530,4,1997,1,207,65,19,8,951
1531,6,1997,1,220,75,17,11,982
1532,7,1997,1,222,76,11,6,1049
1533,8,1997,1,221,85,18,7,1048
1534,9,1997,1,206,65,13,4,974
1535,10,1997,1,199,83,14,4,928
1536,12,1997,1,233,89,11,5,1022
1537,13,1997,1,215,92,18,7,1000
1538,14,1997,1,217,80,14,8,1009
1539,15,1997,1,213,78,12,10,960
1540,16,1997,1,227,78,20,7,1082
1541,17,1997,1,226,102,23,12,1035
1542,18,1997,1,228,72,21,8,1057
1543,19,1997,1,236,85,11,5,1021
1544,30,1997,1,205,80,20,9,992
1545,20,1997,1,232,77,24,12,1051
1546,21,1997,1,222,82,18,6,1023
1547,22,1997,1,233,90,30,16,1100
1548,23,1997,1,236,92,14,7,1108
1549,24,1997,1,215,76,11,5,1021
1550,25,1997,1,234,94,14,7,1069
1551,11,1997,1,237,79,21,12,1058
1552,26,1997,1,252,102,12,7,1073
1553,27,1997,1,198,66,16,8,959
1554,28,1997,1,228,102,13,7,1005
1555,31,1997,1,212,88,18,9,1028
1556,0,1998,0,2855,1302,119,55,1100
1557,1,1998,0,2820,996,319,140,979
1558,2,1998,0,2913,989,375,144,979
1559,3,1998,0,2957,1312,108,40,1033
1560,4,1998,0,2856,1246,137,54,1041
1561,6,1998,0,3055,1247,191,83,1000
1562,7,1998,0,2917,1024,238,134,1052
1563,8,1998,0,3118,1019,224,107,1063
1564,9,1998,0,2951,941,331,172,1012
1565,10,1998,0,2541,897,127,51,982
1566,12,1998,0,2788,1031,159,107,992
1567,13,1998,0,3058,1092,158,78,1028
1568,14,1998,0,3155,1053,298,91,1017
1569,15,1998,0,2629,1098,39,13,993
1570,16,1998,0,3094,956,241,108,1016
1571,17,1998,0,2996,1285,108,54,989
1572,18,1998,0,3060,1418,215,122,1057
1573,19,1998,0,2677,906,254,127,975
1574,30,1998,0,2826,1134,147,52,1016
1575,20,1998,0,2964,1346,175,65,1061
1576,21,1998,0,2812,1042,270,131,966
1577,22,1998,0,3173,1210,278,136,999
1578,23,1998,0,3034,953,174,80,1035
1579,24,1998,0,2795,976,202,112,998
1580,25,1998,0,2764,864,198,81,926
1581,11,1998,0,2854,907,195,66,1027
1582,26,1998,0,2716,970,213,75,966
1583,27,1998,0,2523,698,220,76,940
1584,28,1998,0,3005,1174,195,38,1014
1585,31,1998,0,2773,1426,40,40,1008
1586,0,1998,1,213,73,17,7,1012
1587,1,1998,1,196,80,6,3,963
1588,2,1998,1,200,89,9,4,992
1589,3,1998,1,207,80,18,10,950
1590,4,1998,1,225,88,19,10,999
1591,6,1998,1,202,64,14,3,925
1592,7,1998,1,210,78,18,11,1049
1593,8,1998,1,227,68,13,6,991
1594,9,1998,1,204,69,12,6,1010
1595,10,1998,1,208,89,9,3,1043
1596,12,1998,1,210,71,20,5,988
1597,13,1998,1,213,70,11,6,944
1598,14,1998,1,230,85,12,7,1019
1599,15,1998,1,201,72,19,9,950
1600,16,1998,1,234,88,18,7,1051
1601,17,1998,1,222,81,20,10,1057
1602,18,1998,1,222,79,22,12,980
1603,19,1998,1,217,89,7,5,1004
1604,30,1998,1,201,76,16,3,955
1605,20,1998,1,233,92,17,5,980
1606,21,1998,1,211,88,9,5,1029
1607,22,1998,1,230,98,14,4,1053
1608,23,1998,1,224,59,20,9,1020
1609,24,1998,1,221,83,9,3,1004
1610,25,1998,1,237,93,11,4,1050
1611,11,1998,1,231,88,15,6,1057
1612,26,1998,1,226,99,9,4,1053
1613,27,1998,1,236,92,20,8,1137
1614,28,1998,1,236,89,18,8,1002
1615,31,1998,1,203,69,32,17,997
1616,0,1999,0,2685,910,302,104,1012
1617,1,1999,0,3263,1210,354,147,1118
1618,2,1999,0,3087,1229,300,91,1039
1619,3,1999,0,3094,1271,284,149,1059
1620,4,1999,0,3043,1119,181,78,1053
1621,5,1999,0,2637,766,166,114,865
1622,6,1999,0,3092,1088,197,93,991
1623,7,1999,0,2948,960,225,55,999
1624,8,1999,0,3220,1179,185,80,1039
1625,9,1999,0,3258,1290,141,77,1049
1626,10,1999,0,2485,974,79,26,979
1627,12,1999,0,2919,1030,224,80,1024
1628,13,1999,0,3188,1084,187,108,1071
1629,14,1999,0,3174,982,120,79,947
1630,15,1999,0,2481,859,174,62,931
1631,16,1999,0,3113,1132,248,157,1075
1632,17,1999,0,3176,1271,138,70,1085
1633,18,1999,0,3045,1057,331,144,999
1634,19,1999,0,2851,1038,216,76,978
1635,20,1999,0,2783,1030,118,26,1027
1636,21,1999,0,2671,1025,266,136,982
1637,22,1999,0,2998,1071,171,53,1021
1638,23,1999,0,2890,1142,107,94,1057
1639,24,1999,0,2546,1196,107,67,994
1640,25,1999,0,3062,873,143,39,1033
1641,11,1999,0,2739,1043,238,119,1031
1642,26,1999,0,2762,926,278,99,1055
1643,27,1999,0,2748,896,102,26,971
1644,28,1999,0,3138,1211,319,94,1067
1645,30,1999,0,2973,1139,162,95,1011
1646,31,1999,0,2653,1157,142,77,995
1647,0,1999,1,202,81,11,7,979
1648,1,1999,1,229,93,11,2,1058
1649,2,1999,1,209,85,13,5,1011
1650,3,1999,1,220,69,18,6,950
1651,4,1999,1,203,64,11,5,961
1652,5,1999,1,235,110,13,8,1158
1653,6,1999,1,232,75,13,4,977
1654,7,1999,1,232,94,15,4,1068
1655,8,1999,1,229,84,11,6,1022
1656,9,1999,1,215,65,13,6,1033
1657,10,1999,1,208,73,16,7,1008
1658,12,1999,1,221,71,9,4,997
1659,13,1999,1,208,60,16,8,936
1660,14,1999,1,233,88,15,9,1124
1661,15,1999,1,220,86,18,8,995
1662,16,1999,1,219,74,17,5,990
1663,17,1999,1,215,72,20,5,951
1664,18,1999,1,221,90,13,6,1030
1665,19,1999,1,213,84,13,4,1017
1666,20,1999,1,223,87,20,8,1040
1667,21,1999,1,214,89,20,11,1042
1668,22,1999,1,231,81,18,5,1048
1669,23,1999,1,212,70,14,7,981
1670,24,1999,1,228,77,25,12,991
1671,25,1999,1,252,86,15,7,1040
1672,11,1999,1,232,91,21,11,1068
1673,26,1999,1,204,79,11,8,966
1674,27,1999,1,239,89,18,8,1104
1675,28,1999,1,203,64,16,8,953
1676,30,1999,1,200,70,14,4,994
1677,31,1999,1,227,89,15,8,1065
1678,0,2000,0,202,84,20,10,1024
1679,1,2000,0,222,67,25,11,993
1680,2,2000,0,227,77,25,10,1001
1681,3,2000,0,247,92,12,9,1080
1682,4,2000,0,218,97,17,9,1115
1683,5,2000,0,210,58,19,6,859
1684,6,2000,0,198,66,12,5,961
1685,7,2000,0,199,75,27,8,932
1686,8,2000,0,219,72,14,3,982
1687,9,2000,0,204,75,13,4,999
1688,10,2000,0,201,94,10,9,1026
1689,12,2000,0,195,70,18,10,943
1690,13,2000,0,214,75,6,4,945
1691,14,2000,0,224,90,11,7,1017
1692,15,2000,0,197,57,13,6,925
1693,16,2000,0,229,92,15,7,1064
1694,17,2000,0,235,100,14,5,1080
1695,18,2000,0,233,89,17,11,1075
1696,19,2000,0,224,72,13,6,951
1697,20,2000,0,218,85,12,7,1038
1698,21,2000,0,198,78,14,8,998
1699,22,2000,0,234,82,26,13,1037
1700,23,2000,0,206,89,8,3,1023
1701,24,2000,0,181,86,13,8,1014
1702,25,2000,0,236,95,6,1,1058
1703,11,2000,0,213,84,10,4,1038
1704,26,2000,0,227,97,17,10,1041
1705,27,2000,0,205,83,14,7,956
1706,28,2000,0,229,86,10,5,1009
1707,30,2000,0,228,97,11,4,1036
1708,31,2000,0,188,86,13,8,958
1709,0,2000,1,204,80,18,12,1031
1710,1,2000,1,223,82,17,12,1035
1711,2,2000,1,239,102,13,4,1068
1712,3,2000,1,219,81,11,7,966
1713,4,2000,1,191,66,18,6,962
1714,5,2000,1,227,98,17,11,1122
1715,6,2000,1,225,74,20,12,1047
1716,7,2000,1,222,105,15,10,1062
1717,8,2000,1,242,91,9,5,1061
1718,9,2000,1,207,84,11,8,1041
1719,10,2000,1,217,84,14,10,1018
1720,12,2000,1,208,84,18,8,1021
1721,13,2000,1,211,70,15,8,995
1722,14,2000,1,221,72,24,14,1055
1723,15,2000,1,198,71,18,11,999
1724,16,2000,1,219,78,18,2,988
1725,17,2000,1,203,74,8,4,934
1726,18,2000,1,238,93,16,7,1033
1727,19,2000,1,215,80,16,9,993
1728,20,2000,1,224,82,11,7,1012
1729,21,2000,1,208,90,19,6,1005
1730,22,2000,1,237,103,10,9,1068
1731,23,2000,1,205,81,14,4,1014
1732,24,2000,1,192,74,12,6,968
1733,25,2000,1,211,72,19,4,924
1734,11,2000,1,205,72,10,4,937
1735,26,2000,1,204,80,14,4,949
1736,27,2000,1,201,89,7,1,1019
1737,28,2000,1,222,78,17,8,985
1738,30,2000,1,221,68,12,1,908
1739,31,2000,1,202,92,14,4,1011
1740,0,2001,0,213,95,17,9,1041
1741,1,2001,0,225,74,21,10,1020
1742,2,2001,0,243,93,23,6,1071
1743,3,2001,0,217,75,24,12,1009
1744,4,2001,0,219,83,10,4,1034
1745,5,2001,0,210,68,12,6,934
1746,6,2001,0,228,80,17,11,1046
1747,7,2001,0,196,57,20,10,955
1748,8,2001,0,221,79,4,3,1010
1749,9,2001,0,195,70,16,5,1015
1750,10,2001,0,205,85,8,5,1025
1751,12,2001,0,215,71,16,4,952
1752,13,2001,0,215,89,14,9,953
1753,14,2001,0,220,68,13,9,974
1754,15,2001,0,217,89,17,5,988
1755,16,2001,0,220,78,13,6,1028
1756,17,2001,0,198,70,12,3,969
1757,18,2001,0,200,76,12,6,928
1758,19,2001,0,222,76,25,12,1026
1759,20,2001,0,197,72,6,3,942
1760,21,2001,0,219,67,21,5,965
1761,22,2001,0,221,91,17,7,1001
1762,23,2001,0,209,81,13,8,1030
1763,24,2001,0,192,96,11,8,1007
1764,25,2001,0,230,82,13,3,1080
1765,11,2001,0,223,79,13,4,960
1766,26,2001,0,227,89,18,6,1031
1767,27,2001,0,213,77,17,8,980
1768,28,2001,0,232,106,12,6,1065
1769,30,2001,0,233,98,15,2,1026
1770,31,2001,0,210,88,18,8,978
1771,0,2001,1,210,78,19,11,988
1772,1,2001,1,223,80,17,4,1023
1773,2,2001,1,225,86,13,5,1013
1774,3,2001,1,205,86,9,4,969
1775,4,2001,1,191,63,10,4,960
1776,5,2001,1,235,88,23,8,1089
1777,6,2001,1,216,78,13,4,950
1778,7,2001,1,220,84,24,12,1071
1779,8,2001,1,224,84,12,7,1025
1780,9,2001,1,218,86,8,5,1003
1781,10,2001,1,207,90,15,7,1004
1782,12,2001,1,214,76,15,8,985
1783,13,2001,1,201,70,15,6,957
1784,14,2001,1,232,71,13,7,1017
1785,15,2001,1,201,93,8,2,957
1786,16,2001,1,218,66,19,11,995
1787,17,2001,1,227,87,18,5,1056
1788,18,2001,1,227,101,18,9,1030
1789,19,2001,1,210,87,13,6,1015
1790,20,2001,1,238,93,22,9,1041
1791,21,2001,1,233,97,10,7,1057
1792,22,2001,1,215,80,15,5,1016
1793,23,2001,1,210,67,20,9,1002
1794,24,2001,1,209,69,23,11,952
1795,25,2001,1,227,70,15,6,1010
1796,11,2001,1,210,76,17,5,982
1797,26,2001,1,201,80,12,3,948
1798,27,2001,1,223,92,11,6,1028
1799,28,2001,1,199,68,17,4,919
1800,30,2001,1,212,74,14,7,996
1801,31,2001,1,204,82,10,6,985
1802,0,2002,0,243,127,13,8,1082
1803,1,2002,0,210,71,21,10,969
1804,2,2002,0,223,87,30,11,1054
1805,3,2002,0,212,90,12,7,1054
1806,4,2002,0,202,77,23,16,1057
1807,5,2002,0,222,90,10,8,993
1808,6,2002,0,222,79,9,6,1022
1809,7,2002,0,230,99,13,4,1003
1810,8,2002,0,210,78,12,4,1028
1811,9,2002,0,185,77,10,6,965
1812,10,2002,0,227,102,17,13,1048
1813,12,2002,0,208,50,12,4,948
1814,13,2002,0,199,76,10,3,1010
1815,14,2002,0,231,90,16,8,1073
1816,15,2002,0,215,90,10,6,1038
1817,16,2002,0,213,84,14,5,1059
1818,17,2002,0,207,71,26,18,959
1819,18,2002,0,188,76,12,4,917
1820,19,2002,0,216,64,20,8,955
1821,20,2002,0,225,87,13,7,1058
1822,21,2002,0,224,64,12,4,960
1823,22,2002,0,220,94,20,9,1031
1824,23,2002,0,203,92,10,7,1069
1825,24,2002,0,206,81,10,6,1024
1826,25,2002,0,215,81,13,7,947
1827,11,2002,0,221,88,25,13,1039
1828,26,2002,0,224,92,13,8,1001
1829,27,2002,0,216,93,21,6,1050
1830,28,2002,0,223,94,23,14,1097
1831,29,2002,0,229,59,14,5,947
1832,30,2002,0,216,94,16,9,1032
1833,31,2002,0,209,92,17,8,1080
1834,0,2002,1,211,99,11,8,978
1835,1,2002,1,230,85,15,9,1086
1836,2,2002,1,199,83,14,7,976
1837,3,2002,1,207,76,23,10,999
1838,4,2002,1,220,97,6,3,985
1839,5,2002,1,226,91,14,7,1024
1840,6,2002,1,223,75,13,8,963
1841,7,2002,1,212,90,15,7,1046
1842,8,2002,1,218,83,11,7,1056
1843,9,2002,1,205,87,17,10,1081
1844,10,2002,1,198,74,21,10,963
1845,12,2002,1,246,92,11,9,1079
1846,13,2002,1,201,68,13,4,974
1847,14,2002,1,213,66,23,9,1009
1848,15,2002,1,214,85,21,9,1002
1849,16,2002,1,222,81,21,8,985
1850,17,2002,1,212,83,20,11,1042
1851,18,2002,1,211,93,16,9,1008
1852,19,2002,1,233,105,11,8,1119
1853,20,2002,1,192,65,16,6,987
1854,21,2002,1,234,77,13,5,1022
1855,22,2002,1,221,95,16,10,1032
1856,23,2002,1,196,75,20,9,997
1857,24,2002,1,197,71,13,5,944
1858,25,2002,1,236,95,21,15,1077
1859,11,2002,1,225,79,11,4,1006
1860,26,2002,1,223,87,20,12,1071
1861,27,2002,1,215,100,13,6,1083
1862,28,2002,1,225,98,13,7,982
1863,29,2002,1,234,83,12,6,1056
1864,30,2002,1,202,76,18,9,974
1865,31,2002,1,193,75,15,5,963
1866,0,2003,0,215,86,19,5,1038
1867,1,2003,0,228,77,23,15,1001
1868,2,2003,0,228,102,11,5,1038
1869,3,2003,0,212,67,25,13,980
1870,4,2003,0,211,82,13,3,1047
1871,5,2003,0,202,74,18,6,961
1872,6,2003,0,220,78,15,8,1036
1873,7,2003,0,222,83,22,10,981
1874,8,2003,0,197,62,19,10,971
1875,9,2003,0,201,84,10,6,1003
1876,10,2003,0,217,91,17,11,1041
1877,12,2003,0,241,88,12,4,1062
1878,13,2003,0,205,67,10,5,968
1879,14,2003,0,190,69,7,3,944
1880,15,2003,0,194,58,11,6,930
1881,16,2003,0,218,73,17,2,1047
1882,17,2003,0,216,80,26,13,1024
1883,18,2003,0,206,82,13,6,936
1884,19,2003,0,228,80,20,8,975
1885,20,2003,0,207,85,7,4,999
1886,21,2003,0,219,78,11,6,1008
1887,22,2003,0,227,84,14,6,1042
1888,23,2003,0,217,66,25,14,987
1889,24,2003,0,216,92,15,7,1054
1890,25,2003,0,226,72,11,7,1009
1891,11,2003,0,215,73,14,8,991
1892,26,2003,0,229,106,19,5,1019
1893,27,2003,0,205,96,7,2,1017
1894,28,2003,0,227,82,22,11,1020
1895,29,2003,0,204,63,14,9,896
1896,30,2003,0,211,86,14,6,1013
1897,31,2003,0,219,102,20,8,1055
1898,0,2003,1,209,85,12,7,976
1899,1,2003,1,213,84,15,6,992
1900,2,2003,1,206,85,14,9,999
1901,3,2003,1,225,86,13,7,1010
1902,4,2003,1,207,61,25,12,910
1903,5,2003,1,222,87,13,8,994
1904,6,2003,1,214,68,18,7,962
1905,7,2003,1,199,92,8,3,993
1906,8,2003,1,231,97,18,10,1072
1907,9,2003,1,213,78,23,10,1054
1908,10,2003,1,188,72,11,6,913
1909,12,2003,1,227,69,15,7,937
1910,13,2003,1,222,81,12,2,1014
1911,14,2003,1,221,78,22,8,1058
1912,15,2003,1,216,86,14,5,1043
1913,16,2003,1,225,85,11,5,1060
1914,17,2003,1,218,92,14,7,976
1915,18,2003,1,207,84,22,10,1032
1916,19,2003,1,214,87,13,8,997
1917,20,2003,1,228,85,17,4,1036
1918,21,2003,1,225,78,16,5,996
1919,22,2003,1,235,81,16,6,1060
1920,23,2003,1,215,80,14,8,1036
1921,24,2003,1,209,75,21,9,964
1922,25,2003,1,235,69,17,5,1026
1923,11,2003,1,209,84,11,8,1014
1924,26,2003,1,208,79,16,9,997
1925,27,2003,1,235,99,18,7,1069
1926,28,2003,1,209,71,16,7,968
1927,29,2003,1,222,89,14,10,1054
1928,30,2003,1,184,51,18,11,926
1929,31,2003,1,182,70,14,6,955
1930,0,2004,0,222,72,19,14,1026
1931,1,2004,0,223,56,19,6,967
1932,2,2004,0,219,88,12,6,1004
1933,3,2004,0,215,77,21,10,982
1934,4,2004,0,206,78,14,7,1070
1935,5,2004,0,203,59,16,7,921
1936,6,2004,0,199,75,6,4,949
1937,7,2004,0,241,84,12,5,1047
1938,8,2004,0,208,97,8,5,996
1939,9,2004,0,193,91,14,4,1089
1940,10,2004,0,164,70,7,4,968
1941,12,2004,0,214,78,17,9,1004
1942,13,2004,0,232,80,16,8,1022
1943,14,2004,0,195,72,4,0,960
1944,15,2004,0,201,73,18,10,969
1945,16,2004,0,190,56,19,4,951
1946,17,2004,0,217,80,18,10,991
1947,18,2004,0,214,91,8,4,996
1948,19,2004,0,210,66,16,6,949
1949,20,2004,0,207,98,14,8,1053
1950,21,2004,0,206,83,8,3,991
1951,22,2004,0,206,93,10,4,1035
1952,23,2004,0,200,71,14,7,939
1953,24,2004,0,211,89,19,13,1011
1954,25,2004,0,231,81,15,4,991
1955,11,2004,0,221,70,11,4,1023
1956,26,2004,0,210,70,18,9,989
1957,27,2004,0,210,76,11,6,1034
1958,28,2004,0,219,94,12,7,1012
1959,29,2004,0,211,81,21,13,1001
1960,30,2004,0,217,74,27,12,1053
1961,31,2004,0,195,102,10,6,985
1962,0,2004,1,206,83,9,6,1014
1963,1,2004,1,220,67,15,4,1046
1964,2,2004,1,218,80,15,5,1031
1965,3,2004,1,214,77,15,11,978
1966,4,2004,1,209,65,14,5,918
1967,5,2004,1,216,78,16,7,1024
1968,6,2004,1,218,77,8,3,961
1969,7,2004,1,209,66,14,8,993
1970,8,2004,1,196,69,24,13,991
1971,9,2004,1,185,71,16,5,960
1972,10,2004,1,217,91,28,9,1042
1973,12,2004,1,192,75,7,2,960
1974,13,2004,1,223,72,11,8,1009
1975,14,2004,1,229,82,19,9,1039
1976,15,2004,1,200,72,16,10,999
1977,16,2004,1,208,87,14,6,1005
1978,17,2004,1,205,84,10,5,972
1979,18,2004,1,208,79,13,5,966
1980,19,2004,1,231,98,19,7,1071
1981,20,2004,1,197,69,9,5,967
1982,21,2004,1,215,99,12,6,1021
1983,22,2004,1,209,81,30,13,988
1984,23,2004,1,213,101,15,7,1072
1985,24,2004,1,209,76,17,12,1006
1986,25,2004,1,218,75,8,2,1009
1987,11,2004,1,226,70,17,7,974
1988,26,2004,1,210,80,7,6,1067
1989,27,2004,1,229,97,9,6,1047
1990,28,2004,1,193,63,13,7,882
1991,29,2004,1,205,89,6,1,971
1992,30,2004,1,186,62,12,9,977
1993,31,2004,1,196,90,16,10,1018
1994,0,2005,0,204,49,8,5,865
1995,1,2005,0,215,62,16,7,937
1996,2,2005,0,196,84,10,3,1018
1997,3,2005,0,201,74,16,6,930
1998,4,2005,0,210,76,19,14,1030
1999,5,2005,0,203,67,18,7,938
2000,6,2005,0,221,87,7,4,985
2001,7,2005,0,239,91,16,5,1075
2002,8,2005,0,208,88,17,11,1022
2003,9,2005,0,213,91,16,10,1059
2004,10,2005,0,187,91,13,8,1000
2005,12,2005,0,232,94,13,7,1071
2006,13,2005,0,225,79,15,6,1026
2007,14,2005,0,220,72,12,3,1027
2008,15,2005,0,219,94,14,5,1021
2009,16,2005,0,227,90,13,6,1055
2010,17,2005,0,225,93,10,4,1020
2011,18,2005,0,204,72,19,8,907
2012,19,2005,0,224,87,17,7,955
2013,20,2005,0,221,91,19,9,1051
2014,21,2005,0,218,92,6,2,964
2015,22,2005,0,221,93,17,13,1031
2016,23,2005,0,214,85,14,7,997
2017,24,2005,0,211,77,21,14,1025
2018,25,2005,0,243,95,19,11,1056
2019,11,2005,0,230,97,11,6,1037
2020,26,2005,0,211,82,12,2,1017
2021,27,2005,0,192,76,8,7,1020
2022,28,2005,0,192,68,12,5,960
2023,29,2005,0,219,75,17,8,955
2024,30,2005,0,218,75,31,9,1022
2025,31,2005,0,196,64,9,4,945
2026,0,2005,1,226,87,19,11,1090
2027,1,2005,1,238,76,20,6,1034
2028,2,2005,1,190,81,14,6,976
2029,3,2005,1,200,93,12,7,1030
2030,4,2005,1,207,76,19,10,985
2031,5,2005,1,215,87,18,8,1021
2032,6,2005,1,214,75,18,7,950
2033,7,2005,1,196,67,11,4,936
2034,8,2005,1,212,79,20,10,999
2035,9,2005,1,206,78,19,7,971
2036,10,2005,1,207,76,24,14,953
2037,12,2005,1,211,73,11,7,946
2038,13,2005,1,236,95,19,8,1078
2039,14,2005,1,233,80,11,7,1038
2040,15,2005,1,192,58,16,10,1001
2041,16,2005,1,236,94,12,6,1049
2042,17,2005,1,205,67,14,4,964
2043,18,2005,1,212,88,17,14,1047
2044,19,2005,1,208,82,11,6,1006
2045,20,2005,1,206,74,8,3,969
2046,21,2005,1,221,90,16,5,981
2047,22,2005,1,219,92,9,3,997
2048,23,2005,1,226,92,9,3,1029
2049,24,2005,1,199,80,9,2,1007
2050,25,2005,1,219,79,12,4,998
2051,11,2005,1,222,81,13,5,981
2052,26,2005,1,220,89,4,3,946
2053,27,2005,1,234,89,19,12,1041
2054,28,2005,1,232,92,17,6,998
2055,29,2005,1,196,75,20,13,1011
2056,30,2005,1,200,71,11,7,960
2057,31,2005,1,221,95,13,5,1029
2058,0,2006,0,209,72,11,6,918
2059,1,2006,0,231,85,13,9,1042
2060,2,2006,0,201,72,9,6,994
2061,3,2006,0,199,63,11,5,898
2062,4,2006,0,211,78,13,7,973
2063,5,2006,0,209,70,15,6,938
2064,6,2006,0,222,82,16,4,972
2065,7,2006,0,212,83,15,10,999
2066,8,2006,0,213,92,11,6,1016
2067,9,2006,0,219,89,15,9,1004
2068,10,2006,0,187,105,4,0,1011
2069,12,2006,0,205,100,19,9,1015
2070,13,2006,0,234,88,14,7,1034
2071,14,2006,0,209,88,11,5,988
2072,15,2006,0,220,79,20,8,1000
2073,16,2006,0,203,77,15,7,1003
2074,17,2006,0,217,85,14,7,989
2075,18,2006,0,226,99,16,5,1013
2076,19,2006,0,190,62,22,9,963
2077,20,2006,0,240,94,17,7,1085
2078,21,2006,0,209,65,9,3,994
2079,22,2006,0,226,96,20,16,1055
2080,23,2006,0,212,77,21,7,949
2081,24,2006,0,222,83,18,12,1065
2082,25,2006,0,233,96,11,8,1017
2083,11,2006,0,211,79,13,6,979
2084,26,2006,0,234,105,20,12,1075
2085,27,2006,0,224,85,8,2,1045
2086,28,2006,0,217,93,21,10,1041
2087,29,2006,0,198,77,13,9,955
2088,30,2006,0,205,67,17,7,945
2089,31,2006,0,233,77,21,15,1025
2090,0,2006,1,216,96,14,7,1025
2091,1,2006,1,239,74,16,10,1023
2092,2,2006,1,211,88,21,11,1038
2093,3,2006,1,216,79,17,11,1029
2094,4,2006,1,221,81,14,5,1020
2095,5,2006,1,228,100,10,4,1041
2096,6,2006,1,217,82,12,5,1015
2097,7,2006,1,201,83,15,7,1018
2098,8,2006,1,213,78,17,6,985
2099,9,2006,1,212,83,13,8,999
2100,10,2006,1,191,90,14,11,959
2101,12,2006,1,212,93,16,8,974
2102,13,2006,1,234,89,16,9,1005
2103,14,2006,1,222,83,21,10,1054
2104,15,2006,1,207,87,10,4,994
2105,16,2006,1,226,97,24,9,1057
2106,17,2006,1,227,83,14,4,978
2107,18,2006,1,208,76,23,12,1020
2108,19,2006,1,207,90,5,4,1033
2109,20,2006,1,215,70,21,13,1002
2110,21,2006,1,222,70,14,11,990
2111,22,2006,1,209,75,11,3,950
2112,23,2006,1,221,79,19,10,986
2113,24,2006,1,205,93,6,2,962
2114,25,2006,1,208,60,23,9,936
2115,11,2006,1,222,97,9,6,997
2116,26,2006,1,199,69,13,6,930
2117,27,2006,1,219,80,12,6,986
2118,28,2006,1,219,86,12,6,976
2119,29,2006,1,198,88,11,5,979
2120,30,2006,1,221,90,17,10,1062
2121,31,2006,1,215,74,13,7,977
2122,1,2007,0,238,81,16,7,1035
2123,2,2007,0,208,96,12,4,1008
2124,3,2007,0,195,65,18,8,919
2125,4,2007,0,198,80,22,7,976
2126,5,2007,0,204,86,15,6,1004
2127,6,2007,0,213,82,13,5,975
2128,7,2007,0,203,75,14,12,1016
2129,8,2007,0,214,84,10,6,980
2130,9,2007,0,232,79,18,13,1001
2131,10,2007,0,203,100,10,6,1020
2132,12,2007,0,199,84,14,10,975
2133,13,2007,0,218,81,22,13,989
2134,14,2007,0,229,97,15,9,1047
2135,15,2007,0,237,86,19,7,987
2136,16,2007,0,219,91,17,6,1041
2137,17,2007,0,219,100,33,19,1022
2138,18,2007,0,226,85,21,10,1011
2139,19,2007,0,190,62,10,4,965
2140,0,2007,0,220,69,17,5,925
2141,20,2007,0,202,86,11,5,985
2142,21,2007,0,235,85,14,6,989
2143,22,2007,0,191,92,21,15,1058
2144,23,2007,0,229,82,24,10,1000
2145,24,2007,0,223,81,20,7,1026
2146,25,2007,0,234,90,21,11,1042
2147,11,2007,0,226,92,15,6,1052
2148,26,2007,0,214,99,25,11,1060
2149,27,2007,0,215,75,14,6,1056
2150,28,2007,0,220,103,13,7,1000
2151,29,2007,0,193,86,15,11,968
2152,30,2007,0,217,89,11,2,1037
2153,31,2007,0,200,69,13,7,964
2154,1,2007,1,223,73,13,8,1036
2155,2,2007,1,201,86,17,9,1011
2156,3,2007,1,224,101,22,10,1047
2157,4,2007,1,213,91,13,10,992
2158,5,2007,1,215,79,25,11,1066
2159,6,2007,1,224,92,16,9,977
2160,7,2007,1,218,87,15,7,1013
2161,8,2007,1,211,83,26,9,1013
2162,9,2007,1,208,65,11,2,980
2163,10,2007,1,208,94,25,14,980
2164,12,2007,1,216,85,18,10,1008
2165,13,2007,1,208,98,10,6,983
2166,14,2007,1,218,81,13,3,979
2167,15,2007,1,210,78,21,11,1042
2168,16,2007,1,211,73,16,10,984
2169,17,2007,1,201,80,23,11,970
2170,18,2007,1,211,89,10,8,1016
2171,19,2007,1,213,97,12,9,1087
2172,0,2007,1,241,97,13,7,1078
2173,20,2007,1,209,69,24,9,994
2174,21,2007,1,226,96,14,7,1032
2175,22,2007,1,187,63,20,11,933
2176,23,2007,1,210,82,11,6,952
2177,24,2007,1,201,78,10,6,999
2178,25,2007,1,224,82,13,7,968
2179,11,2007,1,218,78,17,10,1026
2180,26,2007,1,206,86,19,7,964
2181,27,2007,1,232,88,17,5,1035
2182,28,2007,1,215,87,19,6,933
2183,29,2007,1,198,83,16,8,994
2184,30,2007,1,230,97,16,8,978
2185,31,2007,1,234,94,18,7,1063
2186,1,2008,0,219,78,14,6,991
2187,2,2008,0,236,82,14,7,984
2188,3,2008,0,203,81,16,7,956
2189,4,2008,0,200,95,10,4,1019
2190,5,2008,0,212,72,14,6,921
2191,6,2008,0,229,88,18,10,1045
2192,7,2008,0,198,83,16,8,998
2193,8,2008,0,194,89,11,8,924
2194,9,2008,0,214,82,18,7,957
2195,10,2008,0,201,101,16,11,969
2196,12,2008,0,212,91,12,7,979
2197,13,2008,0,192,71,15,10,965
2198,14,2008,0,225,93,9,4,1056
2199,15,2008,0,219,95,13,6,1011
2200,16,2008,0,204,88,11,5,1021
2201,17,2008,0,213,87,24,14,1005
2202,18,2008,0,197,81,16,9,981
2203,19,2008,0,205,59,20,10,913
2204,0,2008,0,198,75,11,5,961
2205,20,2008,0,224,99,18,8,1012
2206,21,2008,0,196,77,8,3,938
2207,22,2008,0,222,96,22,17,1095
2208,23,2008,0,214,61,21,9,919
2209,24,2008,0,216,69,23,11,982
2210,25,2008,0,232,95,11,7,1058
2211,11,2008,0,216,76,16,10,1026
2212,26,2008,0,200,97,18,10,1047
2213,27,2008,0,198,62,12,10,927
2214,28,2008,0,224,92,12,3,1015
2215,29,2008,0,197,83,23,14,1019
2216,30,2008,0,216,78,11,5,973
2217,31,2008,0,218,86,18,9,1014
2218,1,2008,1,232,81,21,10,1087
2219,2,2008,1,218,93,11,5,1013
2220,3,2008,1,202,73,16,8,971
2221,4,2008,1,202,89,18,10,990
2222,5,2008,1,207,95,17,11,1004
2223,6,2008,1,214,81,13,5,945
2224,7,2008,1,207,92,17,13,993
2225,8,2008,1,207,84,24,13,1041
2226,9,2008,1,211,100,14,6,1041
2227,10,2008,1,211,100,7,3,983
2228,12,2008,1,216,77,14,8,969
2229,13,2008,1,209,79,19,11,979
2230,14,2008,1,227,73,14,5,994
2231,15,2008,1,208,79,20,10,998
2232,16,2008,1,204,83,16,5,931
2233,17,2008,1,200,82,11,5,922
2234,18,2008,1,210,81,18,13,1020
2235,19,2008,1,196,89,10,6,1009
2236,0,2008,1,219,83,19,12,1027
2237,20,2008,1,210,80,23,17,1003
2238,21,2008,1,219,87,20,9,1026
2239,22,2008,1,205,91,10,2,920
2240,23,2008,1,232,103,13,9,1045
2241,24,2008,1,187,74,6,4,975
2242,25,2008,1,212,71,16,3,928
2243,11,2008,1,208,74,12,8,933
2244,26,2008,1,206,82,14,8,999
2245,27,2008,1,222,94,13,8,1058
2246,28,2008,1,226,71,21,10,974
2247,29,2008,1,188,74,13,10,935
2248,30,2008,1,226,79,18,8,1022
2249,31,2008,1,203,68,13,5,946
2250,1,2009,0,217,81,18,7,971
2251,2,2009,0,229,93,14,10,1011
2252,3,2009,0,198,51,15,7,911
2253,4,2009,0,215,78,18,7,1032
2254,5,2009,0,233,76,15,10,971
2255,6,2009,0,218,71,22,9,961
2256,7,2009,0,190,69,9,5,985
2257,8,2009,0,187,83,10,5,972
2258,9,2009,0,227,62,29,14,1019
2259,10,2009,0,193,95,11,5,980
2260,12,2009,0,202,82,11,4,1020
2261,13,2009,0,245,120,18,13,1088
2262,14,2009,0,207,75,14,6,975
2263,15,2009,0,216,91,23,16,1048
2264,16,2009,0,210,90,15,9,1017
2265,17,2009,0,226,102,21,12,1010
2266,18,2009,0,232,86,20,15,1030
2267,19,2009,0,234,84,26,7,1037
2268,0,2009,0,218,65,21,12,939
2269,20,2009,0,219,103,9,3,1042
2270,21,2009,0,220,82,20,9,1023
2271,22,2009,0,206,90,22,11,1076
2272,23,2009,0,213,63,21,10,944
2273,24,2009,0,226,73,28,10,998
2274,25,2009,0,214,89,13,6,1014
2275,11,2009,0,216,86,22,7,970
2276,26,2009,0,197,88,15,6,1032
2277,27,2009,0,225,75,19,8,1045
2278,28,2009,0,203,80,12,8,1014
2279,29,2009,0,204,82,12,8,1043
2280,30,2009,0,214,89,22,12,990
2281,31,2009,0,223,100,12,8,1054
2282,1,2009,1,226,93,13,6,1033
2283,2,2009,1,210,81,15,7,980
2284,3,2009,1,240,97,26,14,1086
2285,4,2009,1,218,81,16,8,1007
2286,5,2009,1,221,86,20,10,1072
2287,6,2009,1,214,86,15,9,1039
2288,7,2009,1,232,82,24,12,1038
2289,8,2009,1,203,82,20,10,991
2290,9,2009,1,223,85,11,6,1062
2291,10,2009,1,231,104,19,6,1084
2292,12,2009,1,200,70,12,6,979
2293,13,2009,1,198,69,15,8,968
2294,14,2009,1,221,73,30,17,1037
2295,15,2009,1,214,97,17,8,997
2296,16,2009,1,199,77,19,12,953
2297,17,2009,1,209,94,17,12,982
2298,18,2009,1,219,69,19,7,953
2299,19,2009,1,210,85,15,10,1029
2300,0,2009,1,240,88,15,6,1050
2301,20,2009,1,211,76,25,10,948
2302,21,2009,1,197,70,17,9,976
2303,22,2009,1,194,72,21,10,941
2304,23,2009,1,216,77,14,9,1023
2305,24,2009,1,209,91,12,6,1016
2306,25,2009,1,218,80,17,7,991
2307,11,2009,1,219,87,17,4,1000
2308,26,2009,1,216,82,24,11,1044
2309,27,2009,1,223,87,12,6,1024
2310,28,2009,1,227,96,10,7,967
2311,29,2009,1,201,79,21,9,974
2312,30,2009,1,218,89,17,12,1038
2313,31,2009,1,200,69,12,5,940
2314,1,2010,0,195,64,7,2,936
2315,2,2010,0,224,87,19,13,1046
2316,3,2010,0,211,80,24,11,954
2317,4,2010,0,207,67,19,6,1018
2318,5,2010,0,202,75,7,5,927
2319,6,2010,0,211,89,14,10,955
2320,7,2010,0,209,58,18,7,931
2321,8,2010,0,205,92,13,5,1039
2322,9,2010,0,226,83,23,10,1063
2323,10,2010,0,204,91,8,5,1088
2324,12,2010,0,211,86,22,13,1035
2325,13,2010,0,230,92,10,3,1040
2326,14,2010,0,214,85,13,9,1038
2327,15,2010,0,240,112,15,11,1097
2328,16,2010,0,206,74,11,3,1035
2329,17,2010,0,203,81,25,16,1019
2330,18,2010,0,235,93,14,5,1087
2331,19,2010,0,242,97,16,10,1064
2332,0,2010,0,213,68,16,8,945
2333,20,2010,0,205,85,13,5,1000
2334,21,2010,0,227,69,23,10,962
2335,22,2010,0,197,95,14,7,986
2336,23,2010,0,220,75,20,8,1039
2337,24,2010,0,235,78,15,8,1053
2338,25,2010,0,210,82,10,4,1018
2339,11,2010,0,208,61,12,6,1002
2340,26,2010,0,217,106,11,5,1067
2341,27,2010,0,214,76,17,6,964
2342,28,2010,0,218,94,5,2,993
2343,29,2010,0,192,79,19,9,1029
2344,30,2010,0,204,71,14,8,907
2345,31,2010,0,205,71,17,8,982
2346,1,2010,1,216,75,13,6,1002
2347,2,2010,1,198,75,7,2,957
2348,3,2010,1,227,98,10,7,1071
2349,4,2010,1,209,80,16,10,1056
2350,5,2010,1,224,96,15,11,1041
2351,6,2010,1,213,92,17,9,991
2352,7,2010,1,233,87,17,9,1092
2353,8,2010,1,208,70,28,12,939
2354,9,2010,1,223,84,20,7,1028
2355,10,2010,1,200,78,18,8,1010
2356,12,2010,1,204,81,9,4,977
2357,13,2010,1,226,84,22,8,988
2358,14,2010,1,209,80,12,5,998
2359,15,2010,1,201,79,17,9,957
2360,16,2010,1,208,66,17,9,974
2361,17,2010,1,189,78,18,8,948
2362,18,2010,1,219,81,6,4,979
2363,19,2010,1,198,77,12,5,1005
2364,0,2010,1,217,84,13,3,1033
2365,20,2010,1,213,77,20,6,969
2366,21,2010,1,213,81,9,4,1060
2367,22,2010,1,210,99,20,12,1056
2368,23,2010,1,218,76,11,3,991
2369,24,2010,1,221,74,12,6,1017
2370,25,2010,1,229,87,12,6,1007
2371,11,2010,1,214,75,10,7,1051
2372,26,2010,1,203,70,23,15,948
2373,27,2010,1,238,94,19,8,1074
2374,28,2010,1,209,70,16,10,974
2375,29,2010,1,195,77,13,11,1010
2376,30,2010,1,242,104,22,9,1139
2377,31,2010,1,213,87,10,5,977
2378,1,2011,0,203,66,8,2,978
2379,2,2011,0,219,80,10,4,1015
2380,3,2011,0,191,62,22,9,992
2381,4,2011,0,214,66,13,3,1017
2382,5,2011,0,238,92,18,10,1024
2383,6,2011,0,206,76,21,8,966
2384,7,2011,0,205,66,15,9,993
2385,8,2011,0,211,103,11,4,1048
2386,9,2011,0,225,81,17,7,1021
2387,10,2011,0,214,74,11,4,951
2388,12,2011,0,198,78,10,5,1017
2389,13,2011,0,207,69,16,6,990
2390,14,2011,0,205,85,15,7,1036
2391,15,2011,0,224,99,13,4,1073
2392,16,2011,0,206,77,13,4,1028
2393,17,2011,0,241,81,17,6,1002
2394,18,2011,0,213,74,11,4,1030
2395,19,2011,0,212,76,14,8,1058
2396,0,2011,0,221,65,14,9,993
2397,20,2011,0,189,91,8,4,988
2398,21,2011,0,185,75,10,6,999
2399,22,2011,0,194,89,11,7,1082
2400,23,2011,0,199,71,13,7,1015
2401,24,2011,0,228,64,23,8,1013
2402,25,2011,0,229,97,7,4,1036
2403,11,2011,0,219,81,13,4,1032
2404,26,2011,0,208,118,10,3,1117
2405,27,2011,0,228,77,15,7,1003
2406,28,2011,0,196,90,8,3,1015
2407,29,2011,0,224,93,11,3,1046
2408,30,2011,0,218,80,14,10,984
2409,31,2011,0,216,83,18,7,1007
2410,1,2011,1,229,80,17,7,1048
2411,2,2011,1,220,78,11,4,1009
2412,3,2011,1,189,75,13,9,1003
2413,4,2011,1,218,73,9,3,1063
2414,5,2011,1,230,95,14,6,1035
2415,6,2011,1,185,73,13,9,1002
2416,7,2011,1,226,71,8,4,1095
2417,8,2011,1,195,96,9,1,958
2418,9,2011,1,210,72,16,7,991
2419,10,2011,1,216,98,6,3,1062
2420,12,2011,1,204,81,11,4,972
2421,13,2011,1,219,74,14,7,1043
2422,14,2011,1,211,75,17,7,982
2423,15,2011,1,211,93,11,6,965
2424,16,2011,1,220,84,18,10,1072
2425,17,2011,1,218,79,9,4,979
2426,18,2011,1,211,69,10,1,993
2427,19,2011,1,205,67,19,8,1055
2428,0,2011,1,216,76,17,7,974
2429,20,2011,1,195,83,16,4,1049
2430,21,2011,1,194,83,12,4,972
2431,22,2011,1,202,87,19,8,1064
2432,23,2011,1,219,92,14,4,1070
2433,24,2011,1,216,83,8,5,1033
2434,25,2011,1,221,71,21,10,1002
2435,11,2011,1,206,77,10,4,988
2436,26,2011,1,202,67,22,6,1010
2437,27,2011,1,221,77,11,7,1049
2438,28,2011,1,221,86,13,8,964
2439,29,2011,1,212,76,13,6,960
2440,30,2011,1,236,96,20,8,1080
2441,31,2011,1,208,92,9,5,1027
2442,1,2012,0,219,80,13,5,999
2443,2,2012,0,217,74,16,11,1016
2444,3,2012,0,198,77,8,5,983
2445,4,2012,0,213,96,5,3,1090
2446,5,2012,0,218,67,16,7,998
2447,6,2012,0,212,76,17,7,1008
2448,7,2012,0,230,58,24,10,1018
2449,8,2012,0,217,82,11,6,988
2450,9,2012,0,212,70,15,7,1015
2451,10,2012,0,229,98,8,7,1109
2452,12,2012,0,212,93,11,8,1049
2453,13,2012,0,207,78,15,5,981
2454,14,2012,0,222,83,24,14,1079
2455,15,2012,0,204,92,8,2,1021
2456,16,2012,0,192,78,10,5,968
2457,17,2012,0,216,64,26,8,994
2458,18,2012,0,217,80,14,7,1034
2459,19,2012,0,228,97,15,6,1160
2460,0,2012,0,194,68,12,8,969
2461,20,2012,0,213,90,13,7,1042
2462,21,2012,0,204,88,9,3,988
2463,22,2012,0,226,110,12,8,1191
2464,23,2012,0,220,77,16,4,1032
2465,24,2012,0,209,67,24,13,1002
2466,25,2012,0,217,80,14,6,1042
2467,11,2012,0,190,68,17,12,994
2468,26,2012,0,207,91,14,8,1067
2469,27,2012,0,199,80,18,11,974
2470,28,2012,0,224,94,13,6,1023
2471,29,2012,0,221,83,7,4,1090
2472,30,2012,0,217,83,15,5,957
2473,31,2012,0,210,78,11,7,1001
2474,1,2012,1,220,78,16,10,1021
2475,2,2012,1,219,79,12,5,1034
2476,3,2012,1,209,92,12,6,1042
2477,4,2012,1,216,66,18,7,1015
2478,5,2012,1,223,85,11,7,1095
2479,6,2012,1,219,88,14,6,1031
2480,7,2012,1,222,73,9,4,1041
2481,8,2012,1,214,90,10,4,1012
2482,9,2012,1,202,79,4,3,973
2483,10,2012,1,197,75,7,3,995
2484,12,2012,1,202,81,11,6,986
2485,13,2012,1,238,87,17,12,1073
2486,14,2012,1,203,83,10,2,994
2487,15,2012,1,200,81,13,6,991
2488,16,2012,1,198,84,21,10,1016
2489,17,2012,1,215,89,9,4,1100
2490,18,2012,1,226,84,15,12,1019
2491,19,2012,1,208,76,6,5,998
2492,0,2012,1,215,71,25,14,1012
2493,20,2012,1,218,83,23,9,1033
2494,21,2012,1,202,73,19,10,1010
2495,22,2012,1,205,82,23,9,1046
2496,23,2012,1,212,83,14,8,995
2497,24,2012,1,213,80,16,6,1041
2498,25,2012,1,232,83,12,6,1086
2499,11,2012,1,215,95,14,8,1031
2500,26,2012,1,208,80,19,10,1089
2501,27,2012,1,198,76,10,3,968
2502,28,2012,1,206,73,11,8,951
2503,29,2012,1,215,71,16,5,1015
2504,30,2012,1,214,85,14,6,1086
2505,31,2012,1,230,95,20,11,1083
2506,1,2013,0,197,83,13,8,1013
2507,2,2013,0,225,92,21,12,1097
2508,3,2013,0,244,83,14,4,1116
2509,4,2013,0,205,95,9,8,1156
2510,5,2013,0,237,83,31,14,1078
2511,6,2013,0,221,69,22,8,981
2512,7,2013,0,210,74,9,5,1037
2513,8,2013,0,206,101,6,5,1060
2514,9,2013,0,202,72,9,3,968
2515,10,2013,0,213,80,10,3,1023
2516,12,2013,0,180,63,6,4,957
2517,13,2013,0,217,76,12,3,1001
2518,14,2013,0,213,83,14,7,1054
2519,15,2013,0,207,89,14,6,1024
2520,16,2013,0,211,69,12,6,988
2521,17,2013,0,225,70,30,13,1020
2522,18,2013,0,231,90,8,1,1020
2523,19,2013,0,221,95,14,5,1102
2524,0,2013,0,211,77,11,7,961
2525,20,2013,0,216,89,13,9,1074
2526,21,2013,0,208,91,13,10,999
2527,22,2013,0,221,83,15,7,1138
2528,23,2013,0,223,78,12,7,1000
2529,24,2013,0,212,73,18,6,968
2530,25,2013,0,253,92,16,6,1090
2531,11,2013,0,235,95,20,6,1107
2532,26,2013,0,221,97,19,9,1079
2533,27,2013,0,204,76,11,6,973
2534,28,2013,0,216,82,15,9,1023
2535,29,2013,0,231,83,17,6,1089
2536,30,2013,0,227,94,17,11,1032
2537,31,2013,0,214,78,19,10,1013
2538,1,2013,1,200,83,16,12,1021
2539,2,2013,1,225,74,16,5,1042
2540,3,2013,1,245,91,10,4,1089
2541,4,2013,1,218,83,15,4,1074
2542,5,2013,1,244,109,9,4,1107
2543,6,2013,1,204,80,14,8,1020
2544,7,2013,1,221,78,16,6,1042
2545,8,2013,1,180,70,13,6,959
2546,9,2013,1,229,78,18,9,1067
2547,10,2013,1,210,79,19,10,1026
2548,12,2013,1,210,91,18,9,1094
2549,13,2013,1,238,91,15,8,1106
2550,14,2013,1,231,93,20,8,1150
2551,15,2013,1,209,96,11,7,1003
2552,16,2013,1,232,93,15,4,1089
2553,17,2013,1,226,96,12,9,1089
2554,18,2013,1,231,85,18,7,1048
2555,19,2013,1,211,64,12,9,982
2556,0,2013,1,223,76,23,10,1020
2557,20,2013,1,204,78,17,10,1015
2558,21,2013,1,212,76,11,3,975
2559,22,2013,1,232,98,21,4,1118
2560,23,2013,1,211,91,6,2,1029
2561,24,2013,1,201,78,16,9,1014
2562,25,2013,1,233,78,14,8,1032
2563,11,2013,1,194,66,17,12,993
2564,26,2013,1,199,69,12,4,943
2565,27,2013,1,216,76,11,4,990
2566,28,2013,1,230,91,20,9,1036
2567,29,2013,1,217,75,8,3,970
2568,30,2013,1,201,69,11,7,1027
2569,31,2013,1,231,102,18,11,1132
2570,1,2014,0,207,78,28,13,1005
2571,2,2014,0,211,84,13,7,1018
2572,3,2014,0,229,84,14,6,1020
2573,4,2014,0,213,94,13,6,1067
2574,5,2014,0,207,61,14,5,1010
2575,6,2014,0,203,76,12,4,936
2576,7,2014,0,224,90,4,3,993
2577,8,2014,0,215,97,11,5,1009
2578,9,2014,0,201,80,12,5,962
2579,10,2014,0,217,89,15,6,1105
2580,12,2014,0,201,95,6,3,1014
2581,13,2014,0,200,80,19,7,1040
2582,14,2014,0,237,103,11,7,1127
2583,15,2014,0,210,93,16,8,1035
2584,16,2014,0,235,101,16,5,1086
2585,17,2014,0,216,69,19,7,988
2586,18,2014,0,234,91,16,9,1052
2587,19,2014,0,223,86,20,10,1045
2588,0,2014,0,213,86,18,10,1009
2589,20,2014,0,197,93,10,4,1001
2590,21,2014,0,222,93,10,6,1060
2591,22,2014,0,221,98,13,7,1073
2592,23,2014,0,236,80,15,9,994
2593,24,2014,0,192,68,10,4,957
2594,25,2014,0,205,84,18,9,1021
2595,11,2014,0,197,62,16,4,1006
2596,26,2014,0,203,98,15,8,1095
2597,27,2014,0,212,90,11,3,1021
2598,28,2014,0,208,93,10,5,1068
2599,29,2014,0,235,91,17,10,1062
2600,30,2014,0,196,59,17,6,919
2601,31,2014,0,211,82,12,6,981
2602,1,2014,1,201,85,19,12,1008
2603,2,2014,1,215,79,19,10,1067
2604,3,2014,1,220,73,11,5,1027
2605,4,2014,1,222,81,17,10,1031
2606,5,2014,1,239,90,18,11,1118
2607,6,2014,1,213,93,9,5,1067
2608,7,2014,1,215,81,13,5,1010
2609,8,2014,1,207,89,10,2,988
2610,9,2014,1,216,79,21,8,1024
2611,10,2014,1,201,67,17,4,1007
2612,12,2014,1,204,89,20,10,978
2613,13,2014,1,223,98,22,13,1029
2614,14,2014,1,232,88,12,3,1113
2615,15,2014,1,203,95,8,4,1038
2616,16,2014,1,200,72,10,4,1007
2617,17,2014,1,236,101,10,4,1085
2618,18,2014,1,219,99,4,0,976
2619,19,2014,1,207,77,15,6,984
2620,0,2014,1,203,88,14,7,989
2621,20,2014,1,206,83,28,15,1054
2622,21,2014,1,210,89,11,5,999
2623,22,2014,1,209,84,23,8,1033
2624,23,2014,1,221,85,9,4,1041
2625,24,2014,1,213,82,10,0,1005
2626,25,2014,1,221,89,14,5,1034
2627,11,2014,1,207,89,9,5,976
2628,26,2014,1,215,99,8,4,1022
2629,27,2014,1,202,75,14,8,924
2630,28,2014,1,189,71,14,10,944
2631,29,2014,1,218,74,17,6,1077
2632,30,2014,1,227,94,11,5,1099
2633,31,2014,1,217,90,14,9,1025
2634,1,2015,0,219,93,10,6,1025
2635,2,2015,0,201,81,12,7,1004
2636,3,2015,0,227,86,16,7,1016
2637,4,2015,0,224,79,14,7,1056
2638,5,2015,0,227,95,24,10,1042
2639,6,2015,0,202,84,13,7,1017
2640,7,2015,0,198,93,9,4,1041
2641,8,2015,0,231,97,15,5,1100
2642,9,2015,0,199,76,9,6,955
2643,10,2015,0,235,94,13,7,1052
2644,12,2015,0,191,66,16,8,969
2645,13,2015,0,205,63,22,8,977
2646,14,2015,0,230,91,16,8,1102
2647,15,2015,0,227,107,19,10,1073
2648,16,2015,0,217,82,16,9,1053
2649,17,2015,0,205,72,15,8,1012
2650,18,2015,0,229,93,14,6,1074
2651,19,2015,0,203,75,14,7,1030
2652,0,2015,0,213,65,19,9,969
2653,20,2015,0,208,70,21,11,1056
2654,21,2015,0,203,86,10,6,1060
2655,22,2015,0,215,88,15,9,1050
2656,23,2015,0,220,86,13,5,1008
2657,24,2015,0,201,52,13,4,920
2658,25,2015,0,226,85,24,12,1083
2659,11,2015,0,216,94,12,7,1011
2660,26,2015,0,218,104,16,10,1096
2661,27,2015,0,213,99,9,8,1035
2662,28,2015,0,193,75,12,4,1011
2663,29,2015,0,249,96,19,6,1127
2664,30,2015,0,201,64,15,7,976
2665,31,2015,0,199,76,11,5,973
2666,1,2015,1,201,89,12,5,980
2667,2,2015,1,218,86,20,9,1032
2668,3,2015,1,210,85,13,3,1017
2669,4,2015,1,227,80,14,5,1033
2670,5,2015,1,203,81,15,10,998
2671,6,2015,1,211,97,6,4,1044
2672,7,2015,1,210,75,17,8,982
2673,8,2015,1,195,74,8,7,959
2674,9,2015,1,217,72,27,13,1037
2675,10,2015,1,227,89,14,10,1072
2676,12,2015,1,208,81,10,5,998
2677,13,2015,1,221,96,12,4,1075
2678,14,2015,1,231,99,9,6,1148
2679,15,2015,1,191,82,15,5,996
2680,16,2015,1,230,108,14,8,1105
2681,17,2015,1,227,105,12,6,1102
2682,18,2015,1,232,77,23,13,1013
2683,19,2015,1,200,82,8,5,999
2684,0,2015,1,210,82,11,6,1081
2685,20,2015,1,220,79,21,10,1014
2686,21,2015,1,227,86,26,15,1058
2687,22,2015,1,225,84,18,8,1042
2688,23,2015,1,224,84,17,9,1085
2689,24,2015,1,225,78,15,4,1091
2690,25,2015,1,216,86,9,4,1000
2691,11,2015,1,207,78,20,11,1010
2692,26,2015,1,176,71,13,10,996
2693,27,2015,1,195,67,7,1,947
2694,28,2015,1,225,90,24,7,1055
2695,29,2015,1,214,61,12,7,986
2696,30,2015,1,216,92,12,4,1003
2697,31,2015,1,206,71,22,11,1015
2698,0,2016,0,222,78,19,10,996
2699,1,2016,0,185,70,14,4,967
2700,2,2016,0,210,82,9,7,1050
2701,3,2016,0,210,86,15,8,1012
2702,4,2016,0,219,75,17,9,1020
2703,5,2016,0,212,77,18,13,983
2704,6,2016,0,214,94,9,4,1066
2705,7,2016,0,214,87,10,5,1085
2706,8,2016,0,200,85,12,6,1014
2707,9,2016,0,213,81,14,10,990
2708,10,2016,0,202,87,18,8,1037
2709,12,2016,0,189,80,9,8,1010
2710,13,2016,0,188,69,4,0,912
2711,14,2016,0,224,85,27,13,1080
2712,15,2016,0,178,75,14,8,995
2713,16,2016,0,219,78,19,9,1018
2714,17,2016,0,221,78,16,7,1052
2715,18,2016,0,210,76,19,8,1003
2716,19,2016,0,195,83,10,7,981
2717,20,2016,0,210,98,17,7,1029
2718,21,2016,0,223,83,17,11,1052
2719,22,2016,0,227,104,12,8,1056
2720,23,2016,0,218,83,13,6,1048
2721,24,2016,0,213,67,20,8,960
2722,25,2016,0,233,86,19,8,1079
2723,11,2016,0,199,90,14,7,1009
2724,26,2016,0,220,107,15,13,1105
2725,27,2016,0,207,79,11,4,1012
2726,28,2016,0,202,83,16,9,1026
2727,29,2016,0,233,87,23,9,1071
2728,30,2016,0,217,100,11,4,1008
2729,31,2016,0,213,81,18,8,1006
2730,0,2016,1,226,102,7,4,1102
2731,1,2016,1,210,85,14,10,1012
2732,2,2016,1,217,86,19,9,1038
2733,3,2016,1,205,82,14,4,1017
2734,4,2016,1,236,86,16,6,1076
2735,5,2016,1,206,93,12,9,1067
2736,6,2016,1,195,67,10,8,1013
2737,7,2016,1,219,85,15,7,1019
2738,8,2016,1,208,83,16,11,1025
2739,9,2016,1,222,96,20,10,1063
2740,10,2016,1,193,80,8,3,1024
2741,12,2016,1,197,77,14,9,1009
2742,13,2016,1,213,77,16,9,1088
2743,14,2016,1,205,82,18,8,978
2744,15,2016,1,213,89,25,18,1059
2745,16,2016,1,238,84,14,7,1062
2746,17,2016,1,224,83,13,6,1030
2747,18,2016,1,210,84,10,2,1000
2748,19,2016,1,198,90,8,3,964
2749,20,2016,1,199,82,18,12,987
2750,21,2016,1,211,80,13,9,1035
2751,22,2016,1,206,76,18,7,998
2752,23,2016,1,198,78,15,4,987
2753,24,2016,1,220,82,14,12,1037
2754,25,2016,1,214,75,16,11,993
2755,11,2016,1,208,97,16,9,1050
2756,26,2016,1,194,84,10,4,1008
2757,27,2016,1,212,82,20,6,1020
2758,28,2016,1,214,88,21,11,997
2759,29,2016,1,213,82,13,3,950
2760,30,2016,1,210,77,22,12,1031
2761,31,2016,1,206,80,14,3,993
2762,0,2017,0,234,91,18,8,1058
2763,1,2017,0,205,71,18,7,934
2764,2,2017,0,199,67,12,5,927
2765,3,2017,0,241,101,15,2,1010
2766,4,2017,0,241,94,20,7,1075
2767,5,2017,0,216,73,23,12,1008
2768,6,2017,0,196,85,8,4,1034
2769,7,2017,0,233,82,16,7,1059
2770,8,2017,0,209,84,11,5,1020
2771,9,2017,0,199,78,10,3,985
2772,10,2017,0,228,87,17,8,994
2773,12,2017,0,203,87,19,10,1005
2774,13,2017,0,202,64,24,7,995
2775,14,2017,0,230,96,26,17,1073
2776,15,2017,0,197,88,13,4,984
2777,16,2017,0,227,74,21,8,1036
2778,17,2017,0,227,85,13,10,1078
2779,18,2017,0,228,81,13,7,984
2780,19,2017,0,209,81,9,1,980
2781,20,2017,0,211,83,28,15,999
2782,21,2017,0,222,93,11,5,1026
2783,22,2017,0,202,82,13,8,1070
2784,23,2017,0,204,82,24,8,952
2785,24,2017,0,214,88,12,5,1000
2786,25,2017,0,223,76,16,10,1054
2787,11,2017,0,204,66,16,9,982
2788,26,2017,0,194,73,15,12,1000
2789,27,2017,0,212,79,9,5,1007
2790,28,2017,0,209,92,8,3,1051
2791,29,2017,0,209,76,10,5,1027
2792,30,2017,0,202,71,10,5,974
2793,31,2017,0,216,94,7,1,1055
2794,0,2017,1,221,95,12,10,1065
2795,1,2017,1,219,86,11,6,1003
2796,2,2017,1,241,98,19,9,1091
2797,3,2017,1,214,82,20,11,1066
2798,4,2017,1,209,66,21,7,952
2799,5,2017,1,224,91,10,5,1026
2800,6,2017,1,216,104,9,2,1011
2801,7,2017,1,224,80,16,7,1007
2802,8,2017,1,221,86,20,6,997
2803,9,2017,1,207,83,17,9,1044
2804,10,2017,1,217,97,14,7,1026
2805,12,2017,1,210,90,13,4,1000
2806,13,2017,1,203,75,8,2,989
2807,14,2017,1,205,66,18,4,976
2808,15,2017,1,196,75,19,13,994
2809,16,2017,1,222,88,17,5,1052
2810,17,2017,1,220,74,13,6,993
2811,18,2017,1,221,82,11,5,1052
2812,19,2017,1,194,74,15,8,1037
2813,20,2017,1,208,89,10,8,1014
2814,21,2017,1,206,78,20,7,953
2815,22,2017,1,208,82,23,10,1022
2816,23,2017,1,215,88,10,7,994
2817,24,2017,1,227,86,15,9,1020
2818,25,2017,1,222,82,16,6,1045
2819,11,2017,1,226,83,15,9,1045
2820,26,2017,1,212,87,12,4,1002
2821,27,2017,1,222,85,15,7,1045
2822,28,2017,1,199,72,19,6,940
2823,29,2017,1,201,71,8,5,973
2824,30,2017,1,214,78,16,10,1046
2825,31,2017,1,202,51,23,9,956
2826,0,2018,0,193,73,10,5,1003
2827,1,2018,0,200,82,15,9,1013
2828,2,2018,0,187,69,17,9,938
2829,3,2018,0,215,68,18,7,1008
2830,4,2018,0,207,69,25,15,1015
2831,5,2018,0,208,73,21,9,1023
2832,6,2018,0,187,86,13,9,1055
2833,7,2018,0,199,58,16,6,902
2834,8,2018,0,177,70,8,7,945
2835,9,2018,0,176,83,15,12,996
2836,10,2018,0,214,104,15,7,1070
2837,12,2018,0,215,89,21,12,1022
2838,13,2018,0,186,56,13,8,878
2839,14,2018,0,205,84,23,14,1037
2840,15,2018,0,203,92,19,10,1010
2841,16,2018,0,206,76,20,12,984
2842,17,2018,0,230,93,17,8,1005
2843,18,2018,0,214,69,22,11,971
2844,19,2018,0,208,75,18,11,1019
2845,20,2018,0,204,75,20,10,1026
2846,21,2018,0,185,77,19,9,1011
2847,22,2018,0,201,82,14,7,1073
2848,23,2018,0,197,73,16,7,995
2849,24,2018,0,191,86,15,6,1060
2850,25,2018,0,231,104,22,13,1135
2851,11,2018,0,206,75,18,10,967
2852,26,2018,0,184,82,16,13,1010
2853,27,2018,0,208,81,14,11,1012
2854,28,2018,0,198,88,14,9,1058
2855,29,2018,0,208,77,12,8,1040
2856,30,2018,0,205,82,12,7,938
2857,31,2018,0,204,73,21,9,1003
2858,0,2018,1,216,87,17,10,1023
2859,1,2018,1,219,75,28,16,1004
2860,2,2018,1,223,109,17,11,1084
2861,3,2018,1,203,74,11,6,968
2862,4,2018,1,211,82,11,6,1022
2863,5,2018,1,210,75,20,13,1122
2864,6,2018,1,181,73,14,7,998
2865,7,2018,1,205,78,13,8,1065
2866,8,2018,1,202,79,20,11,981
2867,9,2018,1,193,80,27,18,1109
2868,10,2018,1,200,82,15,7,995
2869,12,2018,1,201,85,14,6,981
2870,13,2018,1,196,84,15,6,1024
2871,14,2018,1,201,71,19,11,1002
2872,15,2018,1,195,95,13,10,1031
2873,16,2018,1,206,87,17,14,1034
2874,17,2018,1,212,80,12,3,970
2875,18,2018,1,213,72,14,9,1061
2876,19,2018,1,186,69,17,9,942
2877,20,2018,1,212,79,18,12,1017
2878,21,2018,1,183,73,17,10,948
2879,22,2018,1,197,76,16,6,1002
2880,23,2018,1,201,93,12,8,973
2881,24,2018,1,188,70,15,9,960
2882,25,2018,1,211,72,20,10,974
2883,11,2018,1,196,86,13,5,996
2884,26,2018,1,189,78,29,14,978
2885,27,2018,1,183,64,13,6,955
2886,28,2018,1,197,72,13,7,987
2887,29,2018,1,227,91,20,12,1022
2888,30,2018,1,205,75,20,11,1001
2889,31,2018,1,190,58,19,9,993
2890,0,2019,0,200,90,12,7,1012
2891,1,2019,0,216,77,21,7,1020
2892,2,2019,0,222,80,26,13,1049
2893,3,2019,0,212,76,18,8,1018
2894,4,2019,0,202,64,16,11,954
2895,5,2019,0,196,71,17,7,973
2896,6,2019,0,217,90,17,9,1086
2897,7,2019,0,197,71,20,13,1000
2898,8,2019,0,194,86,18,10,997
2899,9,2019,0,187,89,10,6,976
2900,10,2019,0,207,86,24,14,1016
2901,12,2019,0,204,96,16,7,1069
2902,13,2019,0,207,71,28,13,1022
2903,14,2019,0,229,104,24,8,1104
2904,15,2019,0,207,87,21,13,1096
2905,16,2019,0,212,79,31,14,1012
2906,17,2019,0,220,76,25,12,1020
2907,18,2019,0,212,65,19,7,956
2908,19,2019,0,220,90,13,5,1021
2909,20,2019,0,203,73,14,7,1020
2910,21,2019,0,207,66,24,12,1077
2911,22,2019,0,227,87,15,6,1095
2912,23,2019,0,201,88,19,11,989
2913,24,2019,0,208,83,13,3,1055
2914,25,2019,0,187,88,24,17,1064
2915,11,2019,0,179,52,14,6,885
2916,26,2019,0,192,81,13,5,1011
2917,27,2019,0,200,79,14,7,1046
2918,28,2019,0,195,67,15,2,937
2919,29,2019,0,193,84,25,13,1017
2920,30,2019,0,185,70,14,4,949
2921,31,2019,0,194,83,15,8,970
2922,0,2019,1,192,64,25,8,968
2923,1,2019,1,209,76,23,13,1017
2924,2,2019,1,209,89,10,5,1034
2925,3,2019,1,212,76,21,8,985
2926,4,2019,1,211,79,19,9,1003
2927,5,2019,1,195,74,17,6,1014
2928,6,2019,1,218,75,27,13,1073
2929,7,2019,1,214,100,14,3,1080
2930,8,2019,1,195,88,13,8,923
2931,9,2019,1,202,75,31,16,1043
2932,10,2019,1,199,85,19,8,986
2933,12,2019,1,201,67,22,10,1015
2934,13,2019,1,194,81,13,8,1053
2935,14,2019,1,205,70,18,11,967
2936,15,2019,1,193,77,20,12,985
2937,16,2019,1,216,86,14,8,1061
2938,17,2019,1,190,79,11,5,999
2939,18,2019,1,225,88,12,3,1037
2940,19,2019,1,214,94,15,7,1094
2941,20,2019,1,197,75,18,8,998
2942,21,2019,1,193,77,9,6,1042
2943,22,2019,1,195,47,22,8,948
2944,23,2019,1,190,81,13,9,963
2945,24,2019,1,218,86,24,14,1056
2946,25,2019,1,194,72,18,6,921
2947,11,2019,1,227,111,19,12,1079
2948,26,2019,1,210,73,25,11,999
2949,27,2019,1,185,71,12,7,1014
2950,28,2019,1,209,76,21,10,1030
2951,29,2019,1,202,98,16,7,1020
2952,30,2019,1,204,74,25,10,1056
2953,31,2019,1,214,85,29,16,1053
2954,0,2020,0,197,77,15,6,1046
2955,1,2020,0,205,71,28,17,1043
2956,2,2020,0,213,77,27,19,1040
2957,3,2020,0,187,93,10,8,1034
2958,4,2020,0,212,82,15,4,1030
2959,5,2020,0,196,88,24,8,1022
2960,6,2020,0,191,83,14,8,1017
2961,7,2020,0,202,80,25,17,1083
2962,8,2020,0,224,99,25,12,1127
2963,9,2020,0,194,95,16,9,1057
2964,10,2020,0,197,78,26,16,1032
2965,12,2020,0,215,87,31,17,1113
2966,13,2020,0,202,78,10,8,1021
2967,14,2020,0,220,82,35,15,1066
2968,15,2020,0,221,97,26,15,1078
2969,11,2020,0,225,88,19,11,1051
2970,16,2020,0,198,72,22,14,966
2971,17,2020,0,207,84,26,7,997
2972,18,2020,0,206,70,18,7,948
2973,19,2020,0,192,79,20,10,986
2974,20,2020,0,180,89,21,13,990
2975,21,2020,0,195,76,27,15,993
2976,22,2020,0,186,76,17,9,979
2977,23,2020,0,198,91,21,16,1036
2978,24,2020,0,226,98,17,8,1088
2979,25,2020,0,207,101,19,12,993
2980,26,2020,0,208,93,16,11,1045
2981,27,2020,0,189,76,14,8,1022
2982,28,2020,0,230,97,19,10,1043
2983,29,2020,0,193,83,16,9,940
2984,30,2020,0,182,84,16,10,1031
2985,31,2020,0,181,74,23,13,1028
2986,0,2020,1,200,71,20,13,997
2987,1,2020,1,210,80,22,13,1020
2988,2,2020,1,210,91,16,10,1021
2989,3,2020,1,191,76,19,11,1025
2990,4,2020,1,219,88,14,7,1043
2991,5,2020,1,205,90,27,22,1035
2992,6,2020,1,205,82,25,14,1023
2993,7,2020,1,202,80,21,14,1054
2994,8,2020,1,204,89,15,10,997
2995,9,2020,1,188,77,20,13,1022
2996,10,2020,1,203,86,14,6,992
2997,12,2020,1,209,98,21,10,1054
2998,13,2020,1,186,58,26,12,998
2999,14,2020,1,211,80,18,7,1060
3000,15,2020,1,195,80,23,10,1034
3001,11,2020,1,216,81,24,9,1004
3002,16,2020,1,204,91,18,11,1046
3003,17,2020,1,198,86,18,12,1068
3004,18,2020,1,202,90,12,5,1081
3005,19,2020,1,193,91,18,11,1073
3006,20,2020,1,185,73,24,14,974
3007,21,2020,1,199,98,10,6,1022
3008,22,2020,1,186,76,16,9,982
3009,23,2020,1,205,100,17,14,1039
3010,24,2020,1,209,74,21,9,989
3011,25,2020,1,191,65,35,16,1017
3012,26,2020,1,207,79,30,16,992
3013,27,2020,1,223,105,23,10,1112
3014,28,2020,1,222,83,20,5,996
3015,29,2020,1,202,96,21,11,1068
3016,30,2020,1,214,111,26,15,1076
3017,31,2020,1,185,73,24,17,1031
3018,0,2021,0,199,80,20,10,1035
3019,1,2021,0,216,75,36,15,1075
3020,2,2021,0,207,82,20,13,1046
3021,3,2021,0,222,103,22,11,1143
3022,4,2021,0,213,82,28,16,1036
3023,5,2021,0,212,83,29,12,1054
3024,6,2021,0,223,105,16,9,1139
3025,7,2021,0,221,100,29,17,1126
3026,8,2021,0,221,100,34,22,1128
3027,9,2021,0,205,107,15,10,1134
3028,10,2021,0,210,86,29,18,1052
3029,12,2021,0,228,99,24,14,1153
3030,13,2021,0,233,95,22,12,1097
3031,14,2021,0,221,101,24,11,1086
3032,15,2021,0,211,82,24,10,1006
3033,11,2021,0,224,87,32,16,1070
3034,16,2021,0,230,84,30,13,1050
3035,17,2021,0,212,76,31,18,1028
3036,18,2021,0,212,77,29,14,1036
3037,19,2021,0,213,74,41,21,1056
3038,20,2021,0,202,88,22,13,1072
3039,21,2021,0,235,84,34,14,1106
3040,22,2021,0,209,91,17,11,1052
3041,23,2021,0,206,77,19,12,1082
3042,24,2021,0,205,90,19,10,1058
3043,25,2021,0,225,82,27,18,1185
3044,26,2021,0,220,78,21,11,1051
3045,27,2021,0,193,72,11,4,954
3046,28,2021,0,239,93,21,10,1113
3047,29,2021,0,239,95,21,9,1010
3048,30,2021,0,236,103,24,15,1133
3049,31,2021,0,228,83,22,12,1083
3050,0,2021,1,220,88,25,11,1043
3051,1,2021,1,211,81,24,12,1009
3052,2,2021,1,221,92,18,7,1075
3053,3,2021,1,214,66,35,16,1014
3054,4,2021,1,225,101,26,11,1039
3055,5,2021,1,219,86,25,16,1056
3056,6,2021,1,226,87,28,13,1093
3057,7,2021,1,207,79,30,14,1028
3058,8,2021,1,216,107,22,7,1103
3059,9,2021,1,199,80,31,19,1060
3060,10,2021,1,210,85,21,12,1050
3061,12,2021,1,223,76,26,16,1082
3062,13,2021,1,231,95,18,11,1081
3063,14,2021,1,217,93,29,14,1065
3064,15,2021,1,217,105,22,11,1114
3065,11,2021,1,229,111,20,12,1065
3066,16,2021,1,226,90,23,15,1137
3067,17,2021,1,221,95,21,14,1068
3068,18,2021,1,223,99,21,13,1145
3069,19,2021,1,204,92,14,9,1092
3070,20,2021,1,203,87,33,15,1037
3071,21,2021,1,217,82,21,12,1028
3072,22,2021,1,211,77,32,17,1038
3073,23,2021,1,230,91,29,21,1103
3074,24,2021,1,223,92,32,17,1118
3075,25,2021,1,201,70,18,11,1033
3076,26,2021,1,240,89,21,9,1064
3077,27,2021,1,224,88,31,13,1201
3078,28,2021,1,232,86,24,13,1116
3079,29,2021,1,206,89,19,11,1101
3080,30,2021,1,210,77,24,14,1039
3081,31,2021,1,214,78,30,15,1152
3082,0,2022,0,211,95,17,7,1047
3083,1,2022,0,220,90,25,8,993
3084,2,2022,0,206,95,12,3,1053
3085,3,2022,0,193,97,13,7,1037
3086,4,2022,0,230,67,24,12,1078
3087,5,2022,0,231,88,42,23,1116
3088,6,2022,0,246,92,27,15,1159
3089,7,2022,0,233,82,41,18,1144
3090,8,2022,0,257,112,29,15,1154
3091,9,2022,0,193,94,12,9,1094
3092,10,2022,0,228,75,26,12,1103
3093,11,2022,0,230,81,25,12,1140
3094,12,2022,0,231,105,19,10,1114
3095,13,2022,0,196,71,24,13,1009
3096,14,2022,0,222,102,32,22,1124
3097,15,2022,0,196,82,18,9,1011
3098,16,2022,0,212,78,21,10,1089
3099,17,2022,0,215,90,27,14,1072
3100,18,2022,0,240,83,28,11,1074
3101,19,2022,0,211,86,37,20,1092
3102,20,2022,0,200,79,31,12,1051
3103,21,2022,0,202,64,21,12,976
3104,22,2022,0,215,75,13,5,1006
3105,23,2022,0,208,83,24,13,1049
3106,24,2022,0,211,83,19,15,1001
3107,25,2022,0,218,91,20,8,1052
3108,26,2022,0,219,88,11,4,1015
3109,27,2022,0,201,76,21,12,1044
3110,28,2022,0,236,106,15,11,1109
3111,29,2022,0,221,67,26,13,1015
3112,30,2022,0,219,80,17,9,992
3113,31,2022,0,226,93,19,9,1123
3114,0,2022,1,218,85,25,10,1026
3115,1,2022,1,204,100,15,6,1043
3116,2,2022,1,212,84,23,9,996
3117,3,2022,1,208,78,33,19,997
3118,4,2022,1,220,75,14,9,1079
3119,5,2022,1,215,85,18,8,1041
3120,6,2022,1,236,87,24,14,1073
3121,7,2022,1,203,87,16,8,1075
3122,8,2022,1,199,78,15,6,1002
3123,9,2022,1,222,85,35,20,1093
3124,10,2022,1,224,85,25,13,1092
3125,11,2022,1,210,67,25,12,998
3126,12,2022,1,231,87,22,12,1101
3127,13,2022,1,233,97,31,15,1086
3128,14,2022,1,223,86,25,15,1072
3129,15,2022,1,220,101,17,7,1082
3130,16,2022,1,205,72,17,11,1078
3131,17,2022,1,220,95,31,10,1106
3132,18,2022,1,244,93,26,11,1093
3133,19,2022,1,204,92,27,15,1076
3134,20,2022,1,194,73,19,11,991
3135,21,2022,1,231,95,18,8,1103
3136,22,2022,1,241,97,27,10,1091
3137,23,2022,1,206,86,20,11,1077
3138,24,2022,1,208,84,20,13,1049
3139,25,2022,1,209,73,24,15,1047
3140,26,2022,1,233,97,19,8,1076
3141,27,2022,1,227,96,28,11,1117
3142,28,2022,1,216,85,21,13,1024
3143,29,2022,1,221,86,21,13,1134
3144,30,2022,1,225,77,26,19,1100
3145,31,2022,1,215,82,29,11,1118
