id,team_id,year,ko,yds,tb,ret,ret_avg,osk,osk_rec,oob,td
0,0,1970,76,0,18,0,0,0,0,0,0
1,1,1970,62,0,15,0,0,0,0,0,0
2,2,1970,74,0,41,0,0,0,0,0,0
3,3,1970,50,0,3,0,0,0,0,0,0
4,4,1970,60,0,36,0,0,0,0,0,0
5,5,1970,60,0,21,0,0,0,0,0,0
6,7,1970,71,0,17,0,0,0,0,0,0
7,8,1970,61,0,9,0,0,0,0,0,0
8,9,1970,70,0,25,0,0,0,0,0,0
9,10,1970,70,0,12,0,0,0,0,0,0
10,12,1970,68,0,8,0,0,0,0,0,0
11,13,1970,69,0,14,0,0,0,0,0,0
12,14,1970,57,0,6,0,0,0,0,0,0
13,15,1970,49,0,8,0,0,0,0,0,0
14,16,1970,69,0,10,0,0,0,0,0,0
15,18,1970,62,0,4,0,0,0,0,0,0
16,19,1970,74,0,6,0,0,0,0,0,0
17,30,1970,56,0,24,0,0,0,0,0,0
18,20,1970,51,0,15,0,0,0,0,0,0
19,22,1970,42,0,1,0,0,0,0,0,0
20,23,1970,66,0,12,0,0,0,0,0,0
21,24,1970,76,0,5,0,0,0,0,0,0
22,11,1970,67,0,18,0,0,0,0,0,0
23,26,1970,47,0,12,0,0,0,0,0,0
24,28,1970,53,0,4,0,0,0,0,0,0
25,31,1970,78,0,9,0,0,0,0,0,0
26,0,1971,70,0,9,0,0,0,0,0,0
27,1,1971,48,0,16,0,0,0,0,0,0
28,2,1971,65,0,26,0,0,0,0,0,0
29,3,1971,49,0,7,0,0,0,0,0,0
30,4,1971,57,0,14,0,0,0,0,0,0
31,5,1971,62,0,7,0,0,0,0,0,0
32,7,1971,59,0,4,0,0,0,0,0,0
33,8,1971,67,0,11,0,0,0,0,0,0
34,9,1971,71,0,24,0,0,0,0,0,0
35,10,1971,69,0,7,0,0,0,0,0,0
36,12,1971,82,0,12,0,0,0,0,0,0
37,13,1971,75,0,16,0,0,0,0,0,0
38,14,1971,56,0,8,0,0,0,0,0,0
39,15,1971,61,0,9,0,0,0,0,0,0
40,16,1971,50,0,5,0,0,0,0,0,0
41,18,1971,50,0,15,0,0,0,0,0,0
42,19,1971,74,0,4,0,0,0,0,0,0
43,30,1971,60,0,18,0,0,0,0,0,0
44,20,1971,61,0,5,0,0,0,0,0,0
45,22,1971,54,0,5,0,0,0,0,0,0
46,23,1971,72,0,17,0,0,0,0,0,0
47,24,1971,66,0,8,0,0,0,0,0,0
48,11,1971,70,0,9,0,0,0,0,0,0
49,26,1971,61,0,7,0,0,0,0,0,0
50,28,1971,61,0,16,0,0,0,0,0,0
51,31,1971,61,0,11,0,0,0,0,0,0
52,0,1972,75,0,9,0,0,0,0,0,0
53,1,1972,54,0,12,0,0,0,0,0,0
54,2,1972,72,0,28,0,0,0,0,0,0
55,3,1972,60,0,31,0,0,0,0,0,0
56,4,1972,71,0,17,0,0,0,0,0,0
57,5,1972,63,0,13,0,0,0,0,0,0
58,7,1972,50,0,9,0,0,0,0,0,0
59,8,1972,61,0,8,0,0,0,0,0,0
60,9,1972,67,0,24,0,0,0,0,0,0
61,10,1972,54,0,4,0,0,0,0,0,0
62,12,1972,71,0,19,0,0,0,0,0,0
63,13,1972,83,0,27,0,0,0,0,0,0
64,14,1972,46,0,5,0,0,0,0,0,0
65,15,1972,61,0,13,0,0,0,0,0,0
66,16,1972,74,0,11,0,0,0,0,0,0
67,18,1972,80,0,32,0,0,0,0,0,0
68,19,1972,74,0,6,0,0,0,0,0,0
69,30,1972,46,0,17,0,0,0,0,0,0
70,20,1972,74,0,28,0,0,0,0,0,0
71,22,1972,48,0,16,0,0,0,0,0,0
72,23,1972,76,0,16,0,0,0,0,0,0
73,24,1972,66,0,11,0,0,0,0,0,0
74,11,1972,70,0,17,0,0,0,0,0,0
75,26,1972,52,0,2,0,0,0,0,0,0
76,28,1972,80,0,26,0,0,0,0,0,0
77,31,1972,69,0,7,0,0,0,0,0,0
78,0,1973,66,0,13,0,0,0,0,0,0
79,1,1973,51,0,18,0,0,0,0,0,0
80,2,1973,69,0,27,0,0,0,0,0,0
81,3,1973,64,0,20,0,0,0,0,0,0
82,4,1973,77,0,15,0,0,0,0,0,0
83,5,1973,58,0,10,0,0,0,0,0,0
84,7,1973,66,0,9,0,0,0,0,0,0
85,8,1973,48,0,13,0,0,0,0,0,0
86,9,1973,61,0,21,0,0,0,0,0,0
87,10,1973,56,0,13,0,0,0,0,0,0
88,12,1973,75,0,22,0,0,0,0,0,0
89,13,1973,78,0,22,0,0,0,0,0,0
90,14,1973,71,0,16,0,0,0,0,0,0
91,15,1973,74,0,16,0,0,0,0,0,0
92,16,1973,56,0,12,0,0,0,0,0,0
93,18,1973,58,0,14,0,0,0,0,0,0
94,19,1973,64,0,6,0,0,0,0,0,0
95,30,1973,52,0,15,0,0,0,0,0,0
96,20,1973,56,0,16,0,0,0,0,0,0
97,22,1973,59,0,18,0,0,0,0,0,0
98,23,1973,67,0,21,0,0,0,0,0,0
99,24,1973,86,0,18,0,0,0,0,0,0
100,11,1973,73,0,11,0,0,0,0,0,0
101,26,1973,48,0,15,0,0,0,0,0,0
102,28,1973,80,0,21,0,0,0,0,0,0
103,31,1973,68,0,9,0,0,0,0,0,0
104,0,1974,53,0,2,0,0,0,0,0,0
105,1,1974,43,0,8,0,0,0,0,0,0
106,2,1974,59,0,3,0,0,0,0,0,0
107,3,1974,62,0,3,0,0,0,0,0,0
108,4,1974,65,0,6,0,0,0,0,0,0
109,5,1974,61,0,6,0,0,0,0,0,0
110,7,1974,62,0,8,0,0,0,0,0,0
111,8,1974,48,0,8,0,0,0,0,0,0
112,9,1974,57,0,3,0,0,0,0,0,0
113,10,1974,47,0,2,0,0,0,0,0,0
114,12,1974,62,0,1,0,0,0,0,0,0
115,13,1974,64,0,0,0,0,0,0,0,0
116,14,1974,55,0,9,0,0,0,0,0,0
117,15,1974,35,0,2,0,0,0,0,0,0
118,16,1974,48,0,3,0,0,0,0,0,0
119,18,1974,63,0,6,0,0,0,0,0,0
120,19,1974,63,0,3,0,0,0,0,0,0
121,30,1974,53,0,2,0,0,0,0,0,0
122,20,1974,58,0,3,0,0,0,0,0,0
123,22,1974,75,0,11,0,0,0,0,0,0
124,23,1974,72,0,3,0,0,0,0,0,0
125,24,1974,58,0,0,0,0,0,0,0,0
126,11,1974,71,0,7,0,0,0,0,0,0
127,26,1974,42,0,2,0,0,0,0,0,0
128,28,1974,67,0,11,0,0,0,0,0,0
129,31,1974,66,0,2,0,0,0,0,0,0
130,0,1975,59,0,7,0,0,0,0,0,0
131,1,1975,48,0,1,0,0,0,0,0,0
132,2,1975,69,0,1,0,0,0,0,0,0
133,3,1975,80,0,16,0,0,0,0,0,0
134,4,1975,60,0,2,0,0,0,0,0,0
135,5,1975,54,0,4,0,0,0,0,0,0
136,7,1975,72,0,1,0,0,0,0,0,0
137,8,1975,51,0,8,0,0,0,0,0,0
138,9,1975,69,0,8,0,0,0,0,0,0
139,10,1975,75,0,4,0,0,0,0,0,0
140,12,1975,75,0,8,0,0,0,0,0,0
141,13,1975,74,0,8,0,0,0,0,0,0
142,14,1975,58,0,6,0,0,0,0,0,0
143,15,1975,51,0,3,0,0,0,0,0,0
144,16,1975,50,0,4,0,0,0,0,0,0
145,18,1975,58,0,5,0,0,0,0,0,0
146,19,1975,57,0,0,0,0,0,0,0,0
147,30,1975,67,0,5,0,0,0,0,0,0
148,20,1975,53,0,4,0,0,0,0,0,0
149,22,1975,56,0,7,0,0,0,0,0,0
150,23,1975,75,0,7,0,0,0,0,0,0
151,24,1975,72,0,8,0,0,0,0,0,0
152,11,1975,71,0,7,0,0,0,0,0,0
153,26,1975,45,0,3,0,0,0,0,0,0
154,28,1975,76,0,12,0,0,0,0,0,0
155,31,1975,75,0,4,0,0,0,0,0,0
156,0,1976,65,0,18,0,0,0,0,0,0
157,1,1976,58,0,3,0,0,0,0,0,0
158,2,1976,70,0,4,0,0,0,0,0,0
159,3,1976,56,0,4,0,0,0,0,0,0
160,4,1976,68,0,18,0,0,0,0,0,0
161,5,1976,61,0,4,0,0,0,0,0,0
162,6,1976,39,0,0,0,0,0,0,0,0
163,7,1976,70,0,2,0,0,0,0,0,0
164,8,1976,54,0,3,0,0,0,0,0,0
165,9,1976,66,0,7,0,0,0,0,0,0
166,10,1976,84,0,7,0,0,0,0,0,0
167,12,1976,65,0,2,0,0,0,0,0,0
168,13,1976,62,0,3,0,0,0,0,0,0
169,14,1976,46,0,1,0,0,0,0,0,0
170,15,1976,45,0,6,0,0,0,0,0,0
171,16,1976,44,0,3,0,0,0,0,0,0
172,18,1976,46,0,4,0,0,0,0,0,0
173,19,1976,60,0,2,0,0,0,0,0,0
174,30,1976,56,0,2,0,0,0,0,0,0
175,20,1976,51,0,6,0,0,0,0,0,0
176,22,1976,76,0,5,0,0,0,0,0,0
177,23,1976,68,0,7,0,0,0,0,0,0
178,24,1976,77,0,6,0,0,0,0,0,0
179,11,1976,68,0,4,0,0,0,0,0,0
180,26,1976,62,0,6,0,0,0,0,0,0
181,27,1976,51,0,2,0,0,0,0,0,0
182,28,1976,71,0,10,0,0,0,0,0,0
183,31,1976,68,0,0,0,0,0,0,0,0
184,0,1977,51,0,3,0,0,0,0,0,0
185,1,1977,59,0,5,0,0,0,0,0,0
186,2,1977,59,0,9,0,0,0,0,0,0
187,3,1977,41,0,0,0,0,0,0,0,0
188,4,1977,61,0,11,0,0,0,0,0,0
189,5,1977,59,0,7,0,0,0,0,0,0
190,6,1977,35,0,1,0,0,0,0,0,0
191,7,1977,57,0,2,0,0,0,0,0,0
192,8,1977,54,0,5,0,0,0,0,0,0
193,9,1977,51,0,5,0,0,0,0,0,0
194,10,1977,67,0,7,0,0,0,0,0,0
195,12,1977,74,0,3,0,0,0,0,0,0
196,13,1977,63,0,4,0,0,0,0,0,0
197,14,1977,49,0,0,0,0,0,0,0,0
198,15,1977,47,0,3,0,0,0,0,0,0
199,16,1977,48,0,12,0,0,0,0,0,0
200,18,1977,51,0,3,0,0,0,0,0,0
201,19,1977,44,0,9,0,0,0,0,0,0
202,30,1977,68,0,4,0,0,0,0,0,0
203,20,1977,42,0,3,0,0,0,0,0,0
204,22,1977,63,0,11,0,0,0,0,0,0
205,23,1977,76,0,13,0,0,0,0,0,0
206,24,1977,66,0,12,0,0,0,0,0,0
207,11,1977,54,0,0,0,0,0,0,0,0
208,26,1977,51,0,4,0,0,0,0,0,0
209,27,1977,60,0,9,0,0,0,0,0,0
210,28,1977,60,0,9,0,0,0,0,0,0
211,31,1977,52,0,1,0,0,0,0,0,0
212,0,1978,54,0,5,0,0,0,0,0,0
213,1,1978,62,0,7,0,0,0,0,0,0
214,2,1978,62,0,10,0,0,0,0,0,0
215,3,1978,65,0,3,0,0,0,0,0,0
216,4,1978,61,0,8,0,0,0,0,0,0
217,5,1978,74,0,1,0,0,0,0,0,0
218,6,1978,60,0,9,0,0,0,0,0,0
219,7,1978,58,0,5,0,0,0,0,0,0
220,8,1978,78,0,8,0,0,0,0,0,0
221,9,1978,62,0,4,0,0,0,0,0,0
222,10,1978,56,0,4,0,0,0,0,0,0
223,12,1978,80,0,7,0,0,0,0,0,0
224,13,1978,79,0,5,0,0,0,0,0,0
225,14,1978,59,0,2,0,0,0,0,0,0
226,15,1978,58,0,6,0,0,0,0,0,0
227,16,1978,68,0,10,0,0,0,0,0,0
228,18,1978,79,0,13,0,0,0,0,0,0
229,19,1978,70,0,1,0,0,0,0,0,0
230,30,1978,67,0,3,0,0,0,0,0,0
231,20,1978,59,0,5,0,0,0,0,0,0
232,22,1978,74,0,4,0,0,0,0,0,0
233,23,1978,67,0,16,0,0,0,0,0,0
234,24,1978,77,0,10,0,0,0,0,0,0
235,11,1978,63,0,6,0,0,0,0,0,0
236,26,1978,62,0,7,0,0,0,0,0,0
237,27,1978,74,0,3,0,0,0,0,0,0
238,28,1978,73,0,11,0,0,0,0,0,0
239,31,1978,65,0,3,0,0,0,0,0,0
240,0,1979,72,0,3,0,0,0,0,0,0
241,1,1979,69,0,9,0,0,0,0,0,0
242,2,1979,73,0,9,0,0,0,0,0,0
243,3,1979,65,0,10,0,0,0,0,0,0
244,4,1979,63,0,6,0,0,0,0,0,0
245,5,1979,77,0,5,0,0,0,0,0,0
246,6,1979,63,0,6,0,0,0,0,0,0
247,7,1979,69,0,11,0,0,0,0,0,0
248,8,1979,84,0,11,0,0,0,0,0,0
249,9,1979,57,0,5,0,0,0,0,0,0
250,10,1979,64,0,6,0,0,0,0,0,0
251,12,1979,80,0,10,0,0,0,0,0,0
252,13,1979,76,0,7,0,0,0,0,0,0
253,14,1979,78,0,9,0,0,0,0,0,0
254,15,1979,67,0,3,0,0,0,0,0,0
255,16,1979,55,0,9,0,0,0,0,0,0
256,18,1979,73,0,3,0,0,0,0,0,0
257,19,1979,53,0,0,0,0,0,0,0,0
258,30,1979,77,0,7,0,0,0,0,0,0
259,20,1979,61,0,8,0,0,0,0,0,0
260,22,1979,88,0,8,0,0,0,0,0,0
261,23,1979,80,0,10,0,0,0,0,0,0
262,24,1979,71,0,13,0,0,0,0,0,0
263,11,1979,80,0,4,0,0,0,0,0,0
264,26,1979,77,0,1,0,0,0,0,0,0
265,27,1979,79,0,3,0,0,0,0,0,0
266,28,1979,86,0,3,0,0,0,0,0,0
267,31,1979,61,0,1,0,0,0,0,0,0
268,0,1980,71,0,12,0,0,0,0,0,0
269,1,1980,64,0,5,0,0,0,0,0,0
270,2,1980,58,0,1,0,0,0,0,0,0
271,3,1980,67,0,12,0,0,0,0,0,0
272,4,1980,75,0,20,0,0,0,0,0,0
273,5,1980,77,0,5,0,0,0,0,0,0
274,6,1980,64,0,0,0,0,0,0,0,0
275,7,1980,68,0,10,0,0,0,0,0,0
276,8,1980,88,0,10,0,0,0,0,0,0
277,9,1980,73,0,11,0,0,0,0,0,0
278,10,1980,72,0,15,0,0,0,0,0,0
279,12,1980,87,0,12,0,0,0,0,0,0
280,13,1980,63,0,8,0,0,0,0,0,0
281,14,1980,80,0,10,0,0,0,0,0,0
282,15,1980,86,0,13,0,0,0,0,0,0
283,16,1980,61,0,9,0,0,0,0,0,0
284,18,1980,64,0,9,0,0,0,0,0,0
285,19,1980,77,0,11,0,0,0,0,0,0
286,30,1980,69,0,0,0,0,0,0,0,0
287,20,1980,56,0,3,0,0,0,0,0,0
288,22,1980,97,0,6,0,0,0,0,0,0
289,23,1980,78,0,12,0,0,0,0,0,0
290,24,1980,85,0,7,0,0,0,0,0,0
291,11,1980,65,0,4,0,0,0,0,0,0
292,26,1980,65,0,2,0,0,0,0,0,0
293,27,1980,71,0,3,0,0,0,0,0,0
294,28,1980,74,0,6,0,0,0,0,0,0
295,31,1980,70,0,5,0,0,0,0,0,0
296,0,1981,75,4308,8,67,20,0,0,0,0
297,1,1981,58,3371,13,44,21,0,0,0,0
298,2,1981,87,4889,6,80,20,0,0,0,1
299,3,1981,67,3829,5,61,20,0,1,0,1
300,4,1981,71,4319,22,47,21,0,1,0,0
301,5,1981,66,3981,19,45,25,0,1,0,0
302,6,1981,73,4350,9,63,20,0,0,0,0
303,7,1981,72,4413,16,55,21,0,0,0,0
304,8,1981,96,5412,6,88,17,0,0,0,0
305,9,1981,79,4761,10,68,18,0,0,0,0
306,10,1981,59,3453,16,42,20,0,0,0,0
307,12,1981,83,5018,12,71,21,0,0,0,0
308,13,1981,80,4863,18,60,20,0,0,0,0
309,14,1981,80,4917,19,60,22,0,0,0,0
310,15,1981,90,5442,20,68,19,0,2,0,0
311,16,1981,72,4303,21,49,19,0,0,0,0
312,18,1981,83,5141,19,63,22,0,0,0,0
313,19,1981,84,4911,13,70,18,0,0,0,0
314,30,1981,66,3582,3,59,20,0,0,0,0
315,20,1981,75,4193,5,70,16,0,0,0,0
316,22,1981,73,4111,4,67,19,0,0,0,0
317,23,1981,61,3710,12,49,21,0,0,0,1
318,24,1981,70,4252,10,60,24,0,0,0,2
319,11,1981,76,4162,4,69,18,0,0,0,0
320,26,1981,53,2990,1,49,19,0,0,0,0
321,27,1981,72,3977,2,67,17,0,0,0,0
322,28,1981,75,4655,22,51,24,0,0,0,0
323,31,1981,70,3688,3,62,20,0,1,0,0
324,0,1982,46,2632,5,40,21,0,0,0,0
325,1,1982,34,1962,4,30,17,0,0,0,0
326,2,1982,50,2768,5,44,18,0,0,0,0
327,3,1982,37,2023,1,34,17,0,0,0,0
328,4,1982,35,2041,7,26,20,0,1,0,0
329,5,1982,33,1320,8,14,19,0,1,0,0
330,6,1982,41,2346,0,40,21,0,0,0,0
331,7,1982,33,1887,4,27,20,0,0,0,0
332,8,1982,58,3357,6,51,19,0,0,0,0
333,9,1982,44,2555,2,42,18,0,0,0,0
334,10,1982,32,1940,7,24,21,0,0,0,0
335,12,1982,47,2890,6,41,22,0,0,0,0
336,13,1982,45,2752,11,33,21,0,1,0,0
337,14,1982,41,2419,1,39,22,0,0,0,0
338,15,1982,41,2546,11,30,22,0,0,0,0
339,16,1982,39,2323,5,34,18,0,0,0,0
340,18,1982,50,3046,13,35,21,0,0,0,1
341,19,1982,44,2519,4,38,19,0,1,0,0
342,30,1982,32,1716,3,26,21,0,0,0,0
343,20,1982,50,2861,4,45,19,0,0,0,1
344,22,1982,35,1803,3,30,18,0,0,0,0
345,23,1982,52,2970,8,43,19,0,1,0,0
346,24,1982,42,2554,6,36,23,0,0,0,0
347,11,1982,46,2614,4,40,17,0,0,0,0
348,26,1982,31,1854,10,20,19,0,0,0,0
349,27,1982,35,2153,11,24,15,0,0,0,0
350,28,1982,43,2739,7,36,22,0,0,0,0
351,31,1982,39,2183,1,38,17,0,0,0,0
352,0,1983,91,5546,13,78,21,0,0,0,0
353,1,1983,70,3909,3,66,18,0,0,0,0
354,2,1983,74,4361,5,68,19,0,0,0,0
355,3,1983,63,3666,9,53,17,0,0,0,0
356,4,1983,73,4330,23,46,17,0,1,0,0
357,5,1983,79,4433,15,59,19,0,1,0,1
358,6,1983,63,3548,10,49,20,0,1,0,0
359,7,1983,79,4357,8,66,19,0,2,0,1
360,8,1983,77,4367,5,68,20,0,0,0,0
361,9,1983,85,4923,9,75,20,0,0,0,0
362,10,1983,68,3906,6,61,18,0,0,0,0
363,12,1983,94,5802,16,78,23,0,0,0,0
364,13,1983,82,5065,26,54,19,0,1,0,0
365,14,1983,57,3379,10,45,17,0,0,0,0
366,15,1983,76,4417,13,60,20,0,0,0,0
367,16,1983,74,4346,5,67,19,0,0,0,0
368,18,1983,70,4241,20,50,21,0,0,0,0
369,19,1983,79,4507,8,71,16,0,0,0,0
370,30,1983,67,3774,5,60,21,0,0,0,0
371,20,1983,87,4506,6,70,18,0,0,0,0
372,22,1983,62,3545,5,54,20,0,0,0,0
373,23,1983,89,5470,20,68,18,0,1,0,0
374,24,1983,75,4322,3,71,18,0,0,0,0
375,11,1983,111,6141,17,83,19,0,1,0,0
376,26,1983,74,4779,30,44,21,0,0,0,0
377,27,1983,85,5060,22,59,16,0,0,0,0
378,28,1983,81,5058,15,65,23,0,0,0,1
379,31,1983,73,4048,0,70,20,0,0,0,0
380,0,1984,99,6083,21,78,19,0,0,0,0
381,1,1984,72,4153,4,65,20,0,0,0,1
382,2,1984,76,4392,6,69,21,0,0,0,1
383,3,1984,59,3391,14,44,21,0,0,0,0
384,4,1984,80,4774,25,53,21,0,0,0,0
385,5,1984,66,4038,13,52,22,0,0,0,0
386,6,1984,75,4211,5,67,19,0,0,0,0
387,7,1984,90,5075,3,85,18,0,0,0,1
388,8,1984,83,4772,7,72,19,0,1,0,0
389,9,1984,75,4491,9,64,21,0,1,0,0
390,10,1984,60,3523,17,39,21,0,0,0,0
391,12,1984,72,4404,7,65,20,0,0,0,0
392,13,1984,96,6157,30,66,20,0,0,0,0
393,14,1984,73,3910,2,69,18,0,0,0,0
394,15,1984,64,3930,16,48,21,0,0,0,0
395,16,1984,72,4197,15,51,19,0,0,0,0
396,18,1984,74,4613,23,48,21,0,1,0,0
397,19,1984,67,3989,5,60,20,0,0,0,0
398,30,1984,58,3347,6,51,19,0,0,0,0
399,20,1984,77,4276,3,73,16,0,0,0,0
400,22,1984,78,4387,4,73,18,0,0,0,0
401,23,1984,78,4897,16,61,17,0,1,0,0
402,24,1984,79,4674,4,74,17,0,0,0,0
403,11,1984,89,4858,16,69,19,0,0,0,1
404,26,1984,67,4153,21,45,20,0,0,0,0
405,27,1984,88,5357,19,67,16,0,0,0,0
406,28,1984,85,5287,23,61,21,0,0,0,1
407,31,1984,66,3671,1,59,21,0,0,0,0
408,0,1985,81,4805,9,71,20,0,0,0,1
409,1,1985,97,5854,18,78,23,0,0,0,0
410,2,1985,92,5166,6,81,21,0,4,0,0
411,3,1985,52,2918,10,40,19,0,0,0,0
412,4,1985,81,4786,16,64,21,0,0,0,1
413,5,1985,66,3763,14,51,17,0,0,0,0
414,6,1985,70,4413,18,51,23,0,0,0,0
415,7,1985,62,3373,1,55,20,0,0,0,0
416,8,1985,92,5364,20,68,20,0,1,0,0
417,9,1985,75,4527,5,69,23,0,0,0,0
418,10,1985,71,4183,10,59,20,0,0,0,0
419,12,1985,79,4598,9,68,19,0,0,0,0
420,13,1985,90,5410,26,63,21,0,1,0,0
421,14,1985,71,4063,5,65,19,0,0,0,0
422,15,1985,71,4137,6,62,18,0,1,0,0
423,16,1985,86,5052,7,79,21,0,0,0,0
424,18,1985,87,5385,28,58,19,0,0,0,0
425,19,1985,76,4694,16,60,22,0,0,0,1
426,30,1985,68,4252,27,39,24,0,0,0,0
427,20,1985,78,4222,2,71,22,0,2,0,2
428,22,1985,83,4757,6,76,18,0,0,0,0
429,23,1985,78,4642,16,59,19,0,1,0,0
430,24,1985,77,4577,11,66,19,0,0,0,0
431,11,1985,72,3374,16,40,23,0,2,0,2
432,26,1985,76,4557,28,43,22,0,1,0,1
433,27,1985,75,4646,27,47,19,0,0,0,0
434,28,1985,89,5455,22,65,24,0,1,0,0
435,31,1985,73,4083,1,69,21,0,0,0,0
436,0,1986,85,5065,13,72,22,0,0,0,1
437,1,1986,81,4967,16,64,21,0,0,0,0
438,2,1986,85,4898,4,80,20,0,0,0,1
439,3,1986,69,3941,11,56,20,0,0,0,0
440,4,1986,84,5049,19,65,21,0,0,0,0
441,5,1986,84,4842,5,78,18,0,0,0,1
442,6,1986,61,3549,12,45,22,0,0,0,1
443,7,1986,54,2905,3,49,17,0,1,0,0
444,8,1986,74,4289,13,59,18,0,0,0,0
445,9,1986,78,4389,7,71,18,0,0,0,0
446,10,1986,54,2995,8,43,19,0,1,0,0
447,12,1986,74,4366,6,66,20,0,1,0,0
448,13,1986,83,5084,28,53,18,0,0,0,0
449,14,1986,65,3660,2,62,20,0,0,0,0
450,15,1986,67,3947,7,59,20,0,0,0,0
451,16,1986,81,4817,11,70,19,0,0,0,0
452,18,1986,77,4508,13,62,21,0,0,0,0
453,19,1986,67,3935,10,56,19,0,0,0,0
454,30,1986,68,4216,36,32,21,0,0,0,0
455,20,1986,64,3538,1,62,19,0,0,0,0
456,22,1986,87,4796,6,81,18,0,0,0,0
457,23,1986,74,4465,11,63,16,0,0,0,0
458,24,1986,70,3967,5,64,20,0,0,0,0
459,11,1986,78,4610,27,50,20,0,0,0,0
460,26,1986,70,4351,32,34,19,0,0,0,0
461,27,1986,81,4917,21,59,17,0,0,0,0
462,28,1986,72,4384,15,56,24,0,0,0,3
463,31,1986,85,4969,6,79,19,0,0,0,0
464,0,1987,90,4970,10,76,21,0,0,0,1
465,1,1987,75,4483,17,58,18,0,0,0,0
466,2,1987,67,3627,2,62,18,0,0,2,0
467,3,1987,57,3220,12,43,15,0,0,0,0
468,4,1987,84,4864,19,61,19,0,0,3,0
469,5,1987,85,4979,10,72,18,0,0,1,0
470,6,1987,67,3741,3,61,20,0,1,2,0
471,7,1987,76,4513,16,59,18,0,0,0,0
472,8,1987,60,3443,7,49,19,0,0,3,1
473,9,1987,66,3825,9,55,23,0,0,0,1
474,10,1987,72,4137,10,60,17,0,0,1,0
475,12,1987,76,4311,5,65,19,0,1,4,0
476,13,1987,75,4244,6,67,18,0,0,2,0
477,14,1987,74,4222,11,59,21,0,1,3,0
478,15,1987,52,3005,5,44,20,0,0,1,1
479,16,1987,68,4005,0,68,21,0,0,0,0
480,18,1987,75,4142,14,54,18,0,0,3,0
481,19,1987,66,3717,5,56,19,0,0,5,0
482,30,1987,78,4735,19,57,20,0,0,1,0
483,20,1987,65,3562,2,61,18,0,1,1,0
484,22,1987,72,3879,5,63,17,0,0,3,0
485,23,1987,69,4118,9,59,19,0,0,1,0
486,24,1987,70,3866,9,57,19,0,1,1,0
487,11,1987,79,4668,16,63,21,0,0,0,1
488,26,1987,94,6046,38,55,20,0,0,1,0
489,27,1987,76,4643,9,67,20,0,0,0,1
490,28,1987,70,4014,4,65,16,0,0,0,0
491,31,1987,76,4015,6,64,18,0,0,1,0
492,0,1988,83,4860,7,73,18,0,0,3,0
493,1,1988,68,3923,9,56,20,0,0,2,0
494,2,1988,88,5228,23,61,21,0,0,4,0
495,3,1988,80,4352,5,69,16,0,0,5,0
496,4,1988,78,4443,19,52,19,0,1,2,0
497,5,1988,72,4170,12,58,16,0,0,2,0
498,6,1988,64,3588,8,52,21,0,0,1,0
499,7,1988,74,4143,6,64,21,0,1,0,1
500,8,1988,58,3433,9,47,22,0,0,1,1
501,9,1988,66,3874,7,57,24,0,0,1,2
502,10,1988,79,4654,11,67,22,0,0,1,1
503,12,1988,63,3514,3,56,18,0,1,1,0
504,13,1988,68,3999,10,53,20,0,0,2,0
505,14,1988,83,4830,14,63,19,0,0,6,0
506,15,1988,60,3511,8,48,20,0,0,3,0
507,16,1988,82,4535,4,73,17,0,0,3,0
508,18,1988,83,4914,10,70,21,0,0,2,0
509,19,1988,60,3404,1,56,19,0,0,2,0
510,30,1988,92,5545,22,69,19,0,0,1,1
511,20,1988,59,3264,4,49,19,0,1,1,0
512,22,1988,59,3589,13,45,20,0,0,1,0
513,23,1988,74,4298,10,61,21,0,1,0,0
514,24,1988,88,4922,3,81,19,0,0,2,1
515,11,1988,78,4536,15,61,18,0,0,0,0
516,26,1988,73,4641,29,43,19,0,0,0,0
517,27,1988,78,4702,11,65,18,0,0,1,0
518,28,1988,81,4818,15,63,21,0,2,0,1
519,31,1988,86,4967,2,81,20,0,0,3,0
520,0,1989,94,5520,15,76,18,0,0,3,0
521,1,1989,76,4286,5,68,20,0,0,1,0
522,2,1989,85,4756,24,55,21,0,1,2,0
523,3,1989,87,4728,8,75,15,0,0,1,0
524,4,1989,81,4702,9,72,17,0,0,0,0
525,5,1989,72,4034,10,58,20,0,0,0,0
526,6,1989,72,4059,12,55,20,0,1,1,0
527,7,1989,64,3531,0,57,21,0,1,3,0
528,8,1989,64,3500,3,57,22,0,0,1,1
529,9,1989,75,4183,13,55,21,0,0,5,2
530,10,1989,72,4354,9,63,19,0,0,0,0
531,12,1989,53,2970,5,46,18,0,0,2,0
532,13,1989,74,4235,8,63,19,0,0,1,0
533,14,1989,78,4555,15,60,21,0,0,3,1
534,15,1989,70,3916,3,60,19,0,1,4,0
535,16,1989,78,4376,4,73,17,0,0,1,0
536,18,1989,58,3230,8,47,21,0,1,1,0
537,19,1989,72,3736,2,65,16,0,0,3,1
538,30,1989,79,4361,15,59,17,0,1,4,1
539,20,1989,79,4607,14,63,22,0,0,0,0
540,22,1989,73,4152,9,61,19,0,2,0,0
541,23,1989,74,4395,14,59,17,0,0,1,2
542,24,1989,89,4928,2,84,19,0,0,1,0
543,11,1989,86,5129,10,74,20,0,1,0,1
544,26,1989,82,5092,27,55,17,0,0,0,0
545,27,1989,61,3689,15,44,18,0,1,0,0
546,28,1989,66,3986,13,53,20,0,0,0,0
547,31,1989,83,4738,7,68,18,0,0,7,0
548,0,1990,77,0,9,0,0,0,0,1,0
549,1,1990,79,0,5,0,0,0,0,1,0
550,2,1990,78,0,33,0,0,0,0,2,0
551,3,1990,87,4723,12,73,15,0,0,1,0
552,4,1990,76,0,6,0,0,0,0,0,0
553,5,1990,55,0,7,0,0,0,0,1,0
554,6,1990,66,0,20,0,0,0,0,0,0
555,7,1990,64,0,2,0,0,0,0,3,0
556,8,1990,73,0,10,0,0,0,0,1,0
557,9,1990,86,0,4,0,0,0,0,1,0
558,10,1990,68,0,14,0,0,0,0,3,0
559,12,1990,61,0,0,0,0,0,0,4,0
560,13,1990,75,4656,20,53,20,0,0,1,0
561,14,1990,86,0,5,0,0,0,0,4,0
562,15,1990,78,0,24,0,0,0,0,1,0
563,16,1990,75,0,8,0,0,0,0,1,0
564,18,1990,72,0,7,0,0,0,0,1,0
565,19,1990,81,0,4,0,0,0,0,5,0
566,30,1990,86,0,8,0,0,0,0,6,0
567,20,1990,69,0,12,0,0,0,0,0,0
568,22,1990,52,0,11,0,0,0,0,2,0
569,23,1990,70,0,14,0,0,0,0,7,0
570,24,1990,72,0,3,0,0,0,0,1,0
571,11,1990,85,0,21,0,0,0,0,4,0
572,26,1990,67,0,30,0,0,0,0,1,0
573,27,1990,70,0,18,0,0,0,0,0,0
574,28,1990,71,0,13,0,0,0,0,2,0
575,31,1990,78,0,10,0,0,0,0,2,0
576,0,1991,80,4878,13,66,19,0,0,1,1
577,1,1991,67,3772,6,58,19,0,0,2,0
578,2,1991,68,4143,27,38,19,0,0,1,0
579,3,1991,93,5560,28,62,20,0,0,2,0
580,4,1991,75,4202,8,62,17,0,0,2,0
581,5,1991,67,3977,15,50,20,0,0,2,0
582,6,1991,53,3223,18,32,22,0,0,0,0
583,7,1991,56,3352,11,42,22,0,0,1,1
584,8,1991,66,3936,12,52,19,0,0,2,0
585,9,1991,75,4517,13,57,20,0,0,4,0
586,10,1991,46,2543,8,33,17,0,0,3,0
587,12,1991,80,4546,3,69,16,0,1,5,1
588,13,1991,81,4865,12,66,19,0,0,0,0
589,14,1991,74,4541,14,60,19,0,0,0,0
590,15,1991,78,4772,10,67,21,0,0,0,1
591,16,1991,69,3895,12,55,17,0,0,1,0
592,18,1991,78,3878,6,60,15,0,1,2,1
593,19,1991,71,3729,2,63,17,0,1,3,0
594,30,1991,84,5005,15,63,16,0,0,5,0
595,20,1991,63,3773,15,46,20,0,0,1,0
596,22,1991,63,3299,8,51,16,0,0,0,0
597,23,1991,74,4300,15,58,18,0,0,0,1
598,24,1991,59,3509,13,39,17,0,0,5,0
599,11,1991,102,6359,34,66,17,0,0,1,0
600,26,1991,79,5152,43,35,24,0,0,1,2
601,27,1991,70,4158,15,51,16,0,1,1,0
602,28,1991,69,4379,25,43,19,0,0,1,0
603,31,1991,70,4167,21,43,19,0,1,4,0
604,0,1992,87,5367,20,66,19,0,0,1,0
605,1,1992,69,3867,11,50,20,3,0,5,0
606,2,1992,66,4074,15,46,23,1,1,4,2
607,3,1992,84,5180,24,60,20,0,0,0,1
608,4,1992,66,4414,52,13,19,1,1,0,0
609,5,1992,67,3895,14,51,17,2,0,0,0
610,6,1992,63,3594,5,49,25,1,1,8,1
611,7,1992,57,3400,12,42,18,1,1,2,0
612,8,1992,78,4899,23,54,17,0,0,1,0
613,9,1992,78,4574,12,64,18,1,0,1,0
614,10,1992,54,3231,15,36,17,1,0,1,0
615,12,1992,88,5599,27,60,20,0,0,1,0
616,13,1992,83,5165,17,65,21,0,0,1,0
617,14,1992,74,4389,17,53,19,1,0,3,1
618,15,1992,71,4278,11,55,19,3,1,1,0
619,16,1992,70,3983,5,64,18,1,0,0,0
620,18,1992,58,3174,12,33,16,2,1,4,0
621,19,1992,64,3929,14,45,21,0,0,5,0
622,30,1992,76,4418,10,63,15,2,0,1,0
623,20,1992,68,3822,6,57,15,0,0,3,0
624,22,1992,52,2889,5,45,16,2,0,0,0
625,23,1992,60,3576,20,35,19,2,0,3,0
626,24,1992,69,4044,11,55,20,1,0,2,0
627,11,1992,75,4646,21,54,19,0,0,0,1
628,26,1992,81,5178,38,40,23,0,0,3,0
629,27,1992,45,2709,9,36,19,0,0,0,0
630,28,1992,72,4410,15,52,20,0,0,5,0
631,31,1992,78,4883,26,50,18,0,0,2,0
632,0,1993,94,5975,31,61,19,0,0,2,0
633,1,1993,64,3755,9,53,17,1,1,1,0
634,2,1993,54,3345,16,38,21,0,0,0,0
635,3,1993,75,4532,28,43,19,1,0,2,0
636,4,1993,85,5106,20,63,17,0,0,2,0
637,5,1993,70,4123,21,46,17,3,1,0,0
638,6,1993,58,3378,25,28,17,5,1,0,0
639,7,1993,72,4444,15,51,19,1,0,5,0
640,8,1993,79,4718,12,64,16,0,0,3,0
641,9,1993,73,4409,21,49,20,1,0,2,0
642,10,1993,59,3244,16,37,14,3,1,3,0
643,12,1993,86,5023,13,66,18,4,2,3,1
644,13,1993,78,4754,13,62,20,1,0,2,0
645,14,1993,67,4033,11,53,21,0,0,2,0
646,15,1993,77,4435,9,55,19,3,0,2,0
647,16,1993,70,4530,39,29,22,1,1,1,0
648,18,1993,63,3665,10,47,19,1,0,5,0
649,19,1993,78,4934,46,30,20,1,0,1,0
650,30,1993,85,5283,22,60,17,1,1,2,0
651,20,1993,82,4675,7,70,20,0,0,4,0
652,22,1993,62,3646,13,44,20,2,1,2,0
653,23,1993,79,4843,31,45,17,1,1,2,0
654,24,1993,58,3425,10,47,20,1,1,0,0
655,11,1993,57,3550,20,36,20,1,0,0,0
656,26,1993,77,4863,35,40,19,2,0,0,0
657,27,1993,71,4336,15,52,18,0,0,3,1
658,28,1993,76,4703,19,54,21,1,1,2,1
659,31,1993,70,4097,9,58,24,1,0,2,1
660,0,1994,97,5965,6,89,21,0,0,2,0
661,1,1994,67,3786,0,65,19,4,1,0,1
662,2,1994,68,4123,6,61,23,1,0,1,2
663,3,1994,77,4534,3,72,20,1,0,1,0
664,4,1994,81,5053,7,70,19,2,0,2,0
665,5,1994,78,4831,5,71,19,1,1,1,0
666,6,1994,61,3948,14,44,21,2,0,1,0
667,7,1994,64,3831,4,53,22,2,1,4,1
668,8,1994,87,5323,6,79,22,2,1,0,1
669,9,1994,75,4715,5,66,21,0,0,3,0
670,10,1994,70,4314,4,65,20,1,0,0,0
671,12,1994,86,5145,2,82,20,1,0,1,0
672,13,1994,83,5011,7,74,20,1,0,1,2
673,14,1994,71,4045,3,64,22,2,1,2,0
674,15,1994,72,4353,1,66,20,1,0,4,0
675,16,1994,68,4367,19,44,21,2,1,3,0
676,18,1994,63,3581,0,61,19,1,0,1,0
677,19,1994,76,4818,10,65,24,1,1,0,1
678,30,1994,56,2965,1,48,17,6,3,0,0
679,20,1994,84,4535,1,75,18,4,1,3,1
680,22,1994,80,5004,13,63,21,3,1,1,1
681,23,1994,73,4470,4,65,21,1,0,3,0
682,24,1994,67,3936,1,63,23,2,0,1,2
683,11,1994,72,4444,5,62,22,2,1,3,1
684,26,1994,82,5087,14,63,23,5,1,0,0
685,27,1994,69,4148,3,61,20,5,0,1,0
686,28,1994,71,4210,1,68,22,1,0,1,2
687,31,1994,86,5068,1,83,22,0,0,2,1
688,0,1995,93,5896,9,82,22,0,0,2,0
689,1,1995,85,5276,7,72,21,0,0,6,0
690,2,1995,81,4958,9,65,22,3,1,4,0
691,3,1995,85,5313,9,73,22,1,0,1,0
692,4,1995,87,5338,8,77,21,2,0,1,2
693,5,1995,71,4449,7,63,18,0,0,1,0
694,6,1995,58,3728,8,46,18,1,0,3,0
695,7,1995,70,4168,1,65,24,4,0,0,2
696,8,1995,74,4809,9,63,23,0,0,2,0
697,9,1995,79,4853,6,71,20,1,0,1,0
698,10,1995,76,4856,8,68,22,0,0,0,1
699,12,1995,92,5692,4,85,19,2,0,1,0
700,13,1995,90,5549,3,85,21,1,0,1,0
701,14,1995,73,4511,10,61,25,0,0,2,0
702,15,1995,87,5952,27,59,22,0,0,1,0
703,16,1995,69,4427,13,54,20,1,0,1,0
704,17,1995,66,3615,3,54,23,9,4,0,1
705,18,1995,58,3704,14,42,23,1,0,1,0
706,19,1995,93,6221,13,80,22,0,0,0,0
707,30,1995,83,4616,0,78,18,5,1,1,0
708,20,1995,86,5479,10,74,21,1,0,1,0
709,21,1995,71,4015,3,62,18,4,0,2,0
710,22,1995,70,4183,1,67,21,1,0,1,0
711,23,1995,80,4768,7,68,21,2,1,3,0
712,24,1995,69,3962,2,59,21,3,1,4,0
713,11,1995,77,4590,2,70,20,1,0,4,1
714,26,1995,73,4323,2,68,19,3,0,0,0
715,27,1995,80,5076,8,70,23,1,0,1,2
716,28,1995,93,5411,3,88,17,0,0,2,0
717,31,1995,85,5254,8,74,21,2,0,1,0
718,0,1996,87,5444,9,77,18,0,0,1,0
719,1,1996,70,4237,11,52,21,4,1,3,1
720,2,1996,80,4972,7,69,23,1,0,3,1
721,3,1996,74,4580,6,65,19,3,2,0,0
722,4,1996,84,5518,8,76,21,0,0,0,1
723,6,1996,59,3921,8,51,19,0,0,0,0
724,7,1996,69,4147,3,61,21,4,1,1,1
725,8,1996,75,5094,15,59,25,0,0,1,0
726,9,1996,68,4027,1,64,20,3,1,1,0
727,10,1996,82,5540,14,67,24,1,0,0,0
728,12,1996,74,4565,2,70,20,1,0,1,0
729,13,1996,73,4799,20,48,22,3,1,2,0
730,14,1996,83,4982,4,73,23,3,1,3,0
731,15,1996,73,4794,16,53,24,3,1,1,1
732,16,1996,65,4339,20,42,22,1,0,2,0
733,17,1996,76,4781,2,71,23,1,1,2,0
734,18,1996,67,4356,9,58,25,0,0,0,1
735,19,1996,67,4416,12,52,25,3,1,1,0
736,30,1996,82,5058,2,78,21,2,0,0,0
737,20,1996,91,5861,9,76,21,2,0,3,0
738,21,1996,88,5698,12,71,20,2,0,3,0
739,22,1996,90,5749,9,81,20,0,0,0,0
740,23,1996,79,5053,19,55,20,2,1,1,0
741,24,1996,73,4583,10,58,22,2,1,3,2
742,25,1996,80,4879,6,70,20,2,1,2,0
743,11,1996,82,5063,3,76,21,1,0,2,0
744,26,1996,61,3837,6,52,22,2,0,1,0
745,27,1996,77,4922,2,72,22,2,1,1,0
746,28,1996,79,4973,7,69,21,1,1,2,1
747,31,1996,72,4898,17,53,24,1,0,2,0
748,0,1997,85,5243,2,82,21,0,0,1,0
749,1,1997,65,3890,7,52,23,6,0,4,0
750,2,1997,74,4268,2,67,21,2,0,3,0
751,3,1997,63,3803,5,55,25,3,0,1,3
752,4,1997,98,6444,9,89,20,0,0,0,0
753,6,1997,68,4632,24,44,21,0,0,0,1
754,7,1997,65,4210,19,42,22,3,1,2,1
755,8,1997,69,4244,3,63,24,2,1,1,1
756,9,1997,83,5094,3,80,20,0,0,0,0
757,10,1997,78,4850,8,64,24,6,3,1,1
758,12,1997,78,5051,12,65,18,1,1,0,0
759,13,1997,78,4968,21,53,19,4,2,1,0
760,14,1997,73,4244,2,66,23,5,0,1,0
761,15,1997,74,4804,17,52,22,4,2,1,0
762,16,1997,72,4859,23,49,23,0,0,0,1
763,17,1997,88,5492,10,77,22,2,0,0,0
764,18,1997,85,5663,29,54,21,2,0,0,0
765,19,1997,84,5563,21,61,20,2,0,0,0
766,30,1997,78,4720,4,71,21,2,1,1,0
767,20,1997,89,5846,11,78,20,0,0,0,0
768,21,1997,65,4106,7,55,23,2,0,1,1
769,22,1997,81,5057,4,75,22,2,0,0,1
770,23,1997,68,4605,19,48,23,0,0,1,0
771,24,1997,73,4890,17,54,23,1,0,1,1
772,25,1997,76,4917,15,58,22,2,0,1,1
773,11,1997,71,4393,2,67,22,0,0,2,0
774,26,1997,62,3992,8,51,22,1,0,2,0
775,27,1997,82,5155,2,77,23,0,0,3,1
776,28,1997,81,4951,4,74,21,2,1,1,1
777,31,1997,76,4782,6,67,20,2,0,1,0
778,0,1998,95,6272,27,67,19,1,0,0,0
779,1,1998,65,3953,4,55,20,3,2,2,0
780,2,1998,63,4046,13,46,26,3,0,2,0
781,3,1998,91,5786,12,77,21,0,0,2,0
782,4,1998,101,6554,11,89,22,0,0,1,0
783,6,1998,72,4733,8,62,21,2,0,0,1
784,7,1998,72,4733,13,56,21,1,0,3,0
785,8,1998,64,4185,10,54,27,1,0,0,1
786,9,1998,78,4811,8,69,19,2,0,0,0
787,10,1998,74,4753,7,65,26,3,0,0,1
788,12,1998,87,5699,17,69,18,1,0,0,0
789,13,1998,72,4617,13,56,21,3,2,0,1
790,14,1998,48,2945,5,40,19,1,0,2,0
791,15,1998,91,6200,20,69,23,1,1,0,1
792,16,1998,68,4350,15,51,24,1,0,1,0
793,17,1998,82,5316,5,76,24,0,0,1,1
794,18,1998,84,5692,24,60,22,0,0,0,0
795,19,1998,76,5250,24,49,24,1,0,2,1
796,30,1998,85,5672,29,55,20,1,0,0,0
797,20,1998,88,5440,7,74,24,5,3,2,2
798,21,1998,77,4801,5,65,22,3,1,3,1
799,22,1998,79,4937,6,71,18,2,0,0,0
800,23,1998,69,4141,4,60,23,3,0,1,0
801,24,1998,69,4580,18,47,21,3,1,1,0
802,25,1998,65,4004,5,57,20,1,0,2,2
803,11,1998,70,4290,5,61,25,4,2,1,2
804,26,1998,66,4199,11,52,21,4,2,1,0
805,27,1998,79,5058,9,68,19,1,0,1,0
806,28,1998,68,3964,1,64,18,3,2,0,0
807,31,1998,114,7966,40,73,27,0,0,1,4
808,0,1999,72,4443,17,47,23,2,0,5,1
809,1,1999,66,3726,5,57,16,5,2,1,0
810,2,1999,66,3530,2,57,18,3,0,4,0
811,3,1999,74,4537,5,68,22,1,1,0,0
812,4,1999,74,4588,3,70,20,1,0,0,0
813,5,1999,51,2747,3,42,18,4,1,2,0
814,6,1999,70,4308,8,61,17,0,0,1,0
815,7,1999,61,3645,2,59,20,1,0,0,2
816,8,1999,70,4407,2,67,23,1,0,0,0
817,9,1999,83,4761,2,78,19,0,0,3,1
818,10,1999,95,5991,9,83,22,0,0,3,0
819,12,1999,75,4908,12,62,20,1,1,0,0
820,13,1999,84,5284,20,58,22,5,1,1,1
821,14,1999,67,4253,8,57,22,1,1,1,0
822,15,1999,64,4110,7,55,22,2,0,0,2
823,16,1999,71,4059,12,53,21,5,0,3,1
824,17,1999,86,5745,22,64,23,0,0,0,0
825,18,1999,77,5079,12,63,25,1,0,1,0
826,19,1999,79,5075,15,60,20,3,0,1,1
827,20,1999,80,4955,5,72,21,1,1,2,0
828,21,1999,89,5419,9,76,18,1,0,3,0
829,22,1999,73,4532,5,64,22,2,0,2,0
830,23,1999,87,5558,8,77,21,0,0,2,0
831,24,1999,101,6631,13,85,24,2,1,1,0
832,25,1999,76,4646,3,70,21,1,0,2,0
833,11,1999,90,5570,7,77,23,3,2,3,1
834,26,1999,67,4028,4,60,24,3,0,1,1
835,27,1999,85,5162,1,81,18,1,1,2,0
836,28,1999,78,4376,3,67,18,6,2,2,0
837,30,1999,84,5150,4,76,21,1,0,2,2
838,31,1999,83,5545,13,69,20,1,0,0,0
839,0,2000,81,5071,13,63,21,3,0,2,0
840,1,2000,58,3472,4,51,21,2,1,1,0
841,2,2000,48,2867,4,42,21,2,0,0,0
842,3,2000,75,4036,1,70,21,2,0,2,2
843,4,2000,99,6319,8,90,21,1,0,0,1
844,5,2000,49,2966,6,42,24,1,0,0,0
845,6,2000,87,5633,11,74,22,2,0,0,0
846,7,2000,55,2923,2,46,18,6,2,2,0
847,8,2000,65,4000,2,61,24,0,0,2,1
848,9,2000,78,4883,6,70,24,2,0,1,0
849,10,2000,89,5729,14,73,23,2,1,0,1
850,12,2000,70,4369,10,56,21,4,2,1,0
851,13,2000,77,4644,7,68,18,3,1,0,0
852,14,2000,80,4874,4,72,21,4,2,2,0
853,15,2000,64,4171,12,50,24,2,1,0,3
854,16,2000,73,4335,4,67,22,2,0,1,0
855,17,2000,84,4922,5,73,20,4,0,3,1
856,18,2000,73,4680,9,62,23,0,0,2,0
857,19,2000,73,4737,10,59,22,4,1,1,0
858,20,2000,83,5088,5,76,21,2,0,1,0
859,21,2000,79,4696,8,64,17,2,0,5,0
860,22,2000,69,4352,7,62,21,0,0,0,1
861,23,2000,96,6189,15,80,21,0,0,1,0
862,24,2000,106,6635,16,87,23,0,0,3,1
863,25,2000,82,5077,7,73,21,0,0,1,0
864,11,2000,66,4126,4,60,25,2,1,0,1
865,26,2000,77,4909,3,71,24,2,1,1,2
866,27,2000,71,4347,4,64,19,2,1,1,0
867,28,2000,77,4431,4,69,21,2,1,2,0
868,30,2000,78,4764,1,76,20,0,0,0,0
869,31,2000,82,5221,11,69,22,1,0,2,1
870,0,2001,79,4686,7,68,20,2,0,2,0
871,1,2001,73,4419,4,66,20,1,1,2,0
872,2,2001,58,3469,8,46,25,2,2,1,1
873,3,2001,63,3364,2,52,19,7,1,2,0
874,4,2001,82,5165,10,69,22,2,0,1,1
875,5,2001,71,4068,2,65,18,2,0,1,0
876,6,2001,77,4779,10,63,21,1,0,2,0
877,7,2001,68,3920,8,53,18,3,0,4,1
878,8,2001,82,5432,18,64,26,0,0,0,0
879,9,2001,74,4436,7,65,22,2,0,1,1
880,10,2001,88,5361,0,87,23,0,0,1,0
881,12,2001,64,3760,4,54,21,6,1,1,0
882,13,2001,73,4579,12,59,20,1,0,1,0
883,14,2001,79,4927,7,67,21,2,1,3,0
884,15,2001,75,4648,7,64,20,3,2,2,0
885,16,2001,71,4246,2,66,24,1,0,2,0
886,17,2001,67,4056,1,64,19,1,0,1,0
887,18,2001,75,4738,9,63,21,2,0,2,0
888,19,2001,67,4278,11,53,21,2,0,1,0
889,20,2001,82,4878,4,76,20,1,0,2,0
890,21,2001,66,4151,4,60,22,2,0,0,0
891,22,2001,82,4992,6,75,22,0,0,0,0
892,23,2001,88,5562,12,75,22,0,0,1,1
893,24,2001,98,6320,10,86,25,1,1,1,2
894,25,2001,74,4438,7,64,21,3,1,1,0
895,11,2001,64,3863,7,54,17,1,0,2,0
896,26,2001,78,4609,5,66,22,6,2,1,0
897,27,2001,68,4216,4,64,19,0,0,0,1
898,28,2001,85,5113,9,73,21,1,1,2,1
899,30,2001,72,4503,12,57,24,1,1,2,0
900,31,2001,65,4036,4,59,21,0,0,2,1
901,0,2002,82,5017,6,73,22,1,0,2,1
902,1,2002,68,4088,2,61,22,3,0,2,0
903,2,2002,65,3562,3,57,20,3,1,0,1
904,3,2002,84,4932,2,76,21,2,1,4,2
905,4,2002,86,5453,4,81,22,0,0,1,0
906,5,2002,77,4597,7,67,20,1,1,1,0
907,6,2002,81,5224,6,72,21,1,0,2,0
908,7,2002,61,3648,0,58,24,0,0,3,0
909,8,2002,74,4617,16,53,20,1,0,3,0
910,9,2002,96,5775,7,88,21,1,0,0,0
911,10,2002,77,4545,1,74,20,1,0,1,0
912,12,2002,55,3429,5,48,22,2,1,0,0
913,13,2002,84,5365,12,69,22,1,1,2,0
914,14,2002,89,5530,10,76,21,2,1,2,1
915,15,2002,92,5905,16,73,22,1,1,2,0
916,16,2002,77,4648,2,74,22,0,0,1,0
917,17,2002,71,3968,7,59,19,4,0,1,0
918,18,2002,79,4926,5,74,21,0,0,0,1
919,19,2002,74,4775,5,68,22,1,0,0,0
920,20,2002,85,5187,2,83,21,1,0,0,0
921,21,2002,61,3759,7,50,18,0,0,4,0
922,22,2002,83,5010,6,73,20,1,0,3,0
923,23,2002,97,6460,22,74,24,0,0,1,1
924,24,2002,71,4390,9,57,23,3,2,2,2
925,25,2002,73,4362,4,67,22,1,0,1,1
926,11,2002,67,4152,5,62,22,0,0,0,1
927,26,2002,95,6196,8,85,21,1,0,1,0
928,27,2002,79,4582,0,73,21,4,1,2,2
929,28,2002,84,4758,2,78,21,3,0,2,1
930,29,2002,57,3455,2,52,22,2,0,1,1
931,30,2002,84,5375,9,74,20,1,1,0,0
932,31,2002,85,5122,5,76,23,4,1,1,2
933,0,2003,85,5075,3,77,21,1,0,4,0
934,1,2003,69,3979,1,64,21,3,1,1,1
935,2,2003,77,4792,4,71,20,0,0,2,0
936,3,2003,60,3632,3,55,19,1,0,1,0
937,4,2003,86,5583,13,73,23,0,0,0,0
938,5,2003,65,3964,3,60,20,1,0,2,0
939,6,2003,67,4116,5,59,23,2,1,2,0
940,7,2003,61,3633,8,48,21,4,1,1,0
941,8,2003,69,4041,0,67,21,1,0,1,1
942,9,2003,93,5840,6,87,23,0,0,0,0
943,10,2003,99,5955,4,93,21,2,1,0,2
944,12,2003,68,4275,2,66,21,0,0,0,0
945,13,2003,74,4829,24,47,21,2,0,2,0
946,14,2003,83,5251,8,74,21,1,0,1,1
947,15,2003,74,4598,7,62,19,4,0,2,0
948,16,2003,61,3687,2,56,20,1,0,2,0
949,17,2003,66,3742,3,58,21,3,0,1,0
950,18,2003,72,4312,1,71,21,0,0,0,0
951,19,2003,66,4240,10,53,24,2,0,1,1
952,20,2003,92,5393,4,82,20,3,1,5,1
953,21,2003,78,4755,4,70,20,2,0,1,0
954,22,2003,80,5030,2,77,21,0,0,0,0
955,23,2003,66,4150,7,57,25,0,0,2,0
956,24,2003,97,6316,12,83,23,1,1,1,2
957,25,2003,88,5598,15,70,21,2,0,2,1
958,11,2003,72,4426,11,60,20,2,1,0,0
959,26,2003,73,4538,3,67,23,3,1,1,2
960,27,2003,84,5059,3,79,20,0,0,2,0
961,28,2003,72,4524,5,66,20,0,0,1,1
962,29,2003,62,3946,8,53,21,1,0,0,0
963,30,2003,94,5452,6,81,18,2,0,4,0
964,31,2003,82,4956,2,75,21,2,1,3,0
965,0,2004,61,3441,1,56,20,3,0,1,0
966,1,2004,57,3337,0,54,21,2,0,1,0
967,2,2004,83,5014,2,80,19,1,0,0,0
968,3,2004,83,4835,3,77,18,3,1,1,0
969,4,2004,86,5459,16,68,24,2,1,1,1
970,5,2004,69,4172,5,59,22,4,1,1,1
971,6,2004,67,4051,6,58,22,2,0,1,1
972,7,2004,70,4722,23,46,22,0,0,1,1
973,8,2004,91,5507,2,83,22,1,0,5,2
974,9,2004,94,5688,7,85,22,2,1,0,0
975,10,2004,101,5988,4,92,21,0,0,5,0
976,12,2004,67,4134,3,62,17,1,1,1,0
977,13,2004,65,4164,12,51,21,0,0,1,1
978,14,2004,86,5579,12,73,23,0,0,0,0
979,15,2004,74,4709,13,56,20,3,2,3,1
980,16,2004,71,4094,2,66,19,2,1,1,0
981,17,2004,62,4042,11,50,19,0,0,1,0
982,18,2004,79,4989,7,72,21,0,0,0,1
983,19,2004,72,4632,14,54,19,2,0,2,0
984,20,2004,83,4862,2,79,20,3,0,0,0
985,21,2004,77,4501,3,69,21,3,0,2,0
986,22,2004,94,5921,6,86,23,0,0,1,1
987,23,2004,76,4871,12,62,23,1,0,0,0
988,24,2004,70,4449,3,66,25,0,0,1,1
989,25,2004,77,4838,9,65,23,0,0,3,2
990,11,2004,62,3647,1,57,21,2,0,2,1
991,26,2004,79,5042,1,74,23,2,0,2,0
992,27,2004,83,5091,5,77,21,1,0,1,0
993,28,2004,84,5218,7,74,21,0,0,3,1
994,29,2004,71,4506,9,60,23,1,0,1,1
995,30,2004,77,4454,3,69,20,4,3,0,0
996,31,2004,82,5159,4,75,24,2,0,1,1
997,0,2005,62,3672,8,48,20,5,3,1,0
998,1,2005,65,4016,2,63,19,0,0,0,0
999,2,2005,91,5476,2,85,21,2,0,2,1
1000,3,2005,70,4263,2,64,20,3,1,1,1
1001,4,2005,83,5372,14,67,25,0,0,2,0
1002,5,2005,61,3653,3,56,21,3,0,0,0
1003,6,2005,69,4328,5,63,21,0,0,1,1
1004,7,2005,86,5642,23,60,28,2,0,1,3
1005,8,2005,88,5365,4,83,22,1,0,0,0
1006,9,2005,88,5363,2,83,24,4,0,1,1
1007,10,2005,90,5539,1,89,22,0,0,0,1
1008,12,2005,74,4694,6,66,21,1,0,1,0
1009,13,2005,74,4944,16,56,25,1,0,1,0
1010,14,2005,73,4441,5,67,21,1,0,1,1
1011,15,2005,77,4888,14,59,19,2,0,2,0
1012,16,2005,98,6211,12,85,22,0,0,1,1
1013,17,2005,79,5189,20,56,23,1,1,2,0
1014,18,2005,63,3741,1,60,20,1,0,2,0
1015,19,2005,62,3779,5,55,22,1,0,1,1
1016,20,2005,69,4202,3,65,21,1,0,0,0
1017,21,2005,86,5430,3,80,21,1,0,3,0
1018,22,2005,81,4992,10,68,21,1,0,1,0
1019,23,2005,70,4351,11,56,24,2,0,2,0
1020,24,2005,80,5067,6,70,25,4,2,0,0
1021,25,2005,69,4136,3,62,21,3,0,1,0
1022,11,2005,78,4629,1,72,20,1,0,3,0
1023,26,2005,66,4249,5,61,23,0,0,0,0
1024,27,2005,89,5600,4,82,22,1,0,2,1
1025,28,2005,84,5105,5,77,21,2,0,0,0
1026,29,2005,69,4447,11,55,21,1,0,0,0
1027,30,2005,72,4584,11,57,22,3,0,2,0
1028,31,2005,73,4324,0,67,21,5,0,1,0
1029,0,2006,74,4495,5,65,21,4,3,1,0
1030,1,2006,95,6187,11,83,20,0,0,1,0
1031,2,2006,84,5367,13,70,21,0,0,1,0
1032,3,2006,70,4203,5,60,21,2,1,0,0
1033,4,2006,75,5090,19,55,26,0,0,1,0
1034,5,2006,61,3887,11,48,21,2,0,0,1
1035,6,2006,53,3296,4,46,18,0,0,2,0
1036,7,2006,77,5165,17,58,25,1,1,1,0
1037,8,2006,103,6703,11,90,21,0,0,2,0
1038,9,2006,78,4850,5,71,23,2,0,1,0
1039,10,2006,88,5735,10,78,26,0,0,0,2
1040,12,2006,89,5399,8,80,19,2,0,0,1
1041,13,2006,67,4393,24,40,24,3,1,1,0
1042,14,2006,83,5437,11,71,23,1,0,0,0
1043,15,2006,70,4533,13,53,20,3,2,1,0
1044,16,2006,78,5039,12,65,22,1,0,0,0
1045,17,2006,84,5478,21,60,21,1,0,2,0
1046,18,2006,74,4478,2,69,21,2,1,1,0
1047,19,2006,76,5085,13,63,22,0,0,0,0
1048,20,2006,72,4689,11,60,22,1,1,0,0
1049,21,2006,67,4245,6,59,22,1,0,2,0
1050,22,2006,82,5353,12,68,22,1,0,1,0
1051,23,2006,51,3305,7,42,28,1,0,1,0
1052,24,2006,84,5282,11,69,24,4,1,1,2
1053,25,2006,82,5174,6,75,21,1,0,0,0
1054,11,2006,72,4358,1,67,20,3,0,1,0
1055,26,2006,85,5242,8,72,22,3,1,2,0
1056,27,2006,75,4871,12,61,24,1,0,1,0
1057,28,2006,76,4695,4,70,22,0,0,0,1
1058,29,2006,64,4153,10,52,23,2,0,1,1
1059,30,2006,71,4391,10,58,21,1,0,3,0
1060,31,2006,67,3961,3,59,23,4,1,2,1
1061,1,2007,79,4698,3,71,19,3,0,4,1
1062,2,2007,88,5377,8,76,22,1,0,2,0
1063,3,2007,66,4052,6,56,20,0,0,2,1
1064,4,2007,76,4956,13,62,23,0,0,1,1
1065,5,2007,85,5221,5,76,20,0,0,2,0
1066,6,2007,79,4714,6,68,19,4,2,1,1
1067,7,2007,81,5216,17,60,23,3,3,0,0
1068,8,2007,84,5275,7,75,20,1,0,1,0
1069,9,2007,59,3897,5,51,21,0,0,3,0
1070,10,2007,91,5915,9,81,25,0,0,1,3
1071,12,2007,94,5887,4,86,23,1,1,2,1
1072,13,2007,67,3878,8,50,25,6,0,3,2
1073,14,2007,78,4824,6,69,22,2,1,1,0
1074,15,2007,68,4430,15,50,23,2,1,2,1
1075,16,2007,83,5120,8,69,23,2,0,4,1
1076,17,2007,88,5620,17,67,19,1,1,3,2
1077,18,2007,65,3970,9,51,24,5,1,2,1
1078,19,2007,83,5394,13,65,26,2,0,3,2
1079,0,2007,57,3457,4,45,21,7,2,2,1
1080,20,2007,93,5857,14,77,20,2,0,1,0
1081,21,2007,66,4042,4,56,23,3,0,6,0
1082,22,2007,112,7220,15,92,22,0,0,3,1
1083,23,2007,68,4418,22,43,22,2,1,1,1
1084,24,2007,66,4183,5,58,27,1,0,1,2
1085,25,2007,72,4488,7,61,23,3,0,2,0
1086,11,2007,77,4495,6,66,19,3,1,3,1
1087,26,2007,77,4781,16,56,22,5,1,2,1
1088,27,2007,89,5613,13,72,24,3,0,1,0
1089,28,2007,86,5284,10,73,22,2,1,1,1
1090,29,2007,84,5295,11,69,23,4,1,0,0
1091,30,2007,75,5071,16,58,24,0,0,1,0
1092,31,2007,79,4974,9,65,22,3,1,2,0
1093,1,2008,79,5134,9,68,24,1,0,0,0
1094,2,2008,58,3689,9,47,22,1,1,1,0
1095,3,2008,78,4803,10,63,19,1,0,2,0
1096,4,2008,84,5443,19,63,24,1,0,1,1
1097,5,2008,66,4249,12,53,23,0,0,0,1
1098,6,2008,82,5157,6,74,20,1,0,1,0
1099,7,2008,90,5699,15,69,25,5,1,1,1
1100,8,2008,96,6069,8,86,22,2,2,0,1
1101,9,2008,68,4077,4,62,23,3,0,1,1
1102,10,2008,81,5263,8,70,24,3,1,0,0
1103,12,2008,77,4656,0,71,21,2,0,5,1
1104,13,2008,77,4887,7,68,24,1,0,1,0
1105,14,2008,92,6031,17,75,22,0,0,0,1
1106,15,2008,87,5823,16,71,21,0,0,0,0
1107,16,2008,93,5669,4,85,22,1,0,2,0
1108,17,2008,69,4306,10,51,19,5,1,3,0
1109,18,2008,84,5239,7,73,21,3,1,0,0
1110,19,2008,67,4418,7,57,23,2,1,2,0
1111,0,2008,80,5081,9,65,23,5,0,1,0
1112,20,2008,95,6109,17,72,23,3,0,3,0
1113,21,2008,90,6008,30,59,21,1,0,1,0
1114,22,2008,95,6083,17,75,22,1,0,1,2
1115,23,2008,68,4459,22,44,24,2,1,0,1
1116,24,2008,66,4497,8,56,26,1,1,1,0
1117,25,2008,85,5458,9,76,22,0,0,0,2
1118,11,2008,68,4280,9,55,20,1,0,4,0
1119,26,2008,93,6032,14,76,24,1,0,2,1
1120,27,2008,71,4732,22,47,25,2,0,0,0
1121,28,2008,82,5104,9,71,19,1,0,1,0
1122,29,2008,85,5460,9,73,22,2,0,0,0
1123,30,2008,85,5708,22,61,25,1,1,1,0
1124,31,2008,85,5488,6,78,23,1,0,1,0
1125,1,2009,73,4797,8,64,24,0,0,1,0
1126,2,2009,69,4367,8,58,22,0,0,3,0
1127,3,2009,69,4395,6,59,21,1,0,1,0
1128,4,2009,78,5332,28,49,22,1,0,0,1
1129,5,2009,65,3994,6,52,18,2,1,3,0
1130,6,2009,58,3575,9,46,19,3,2,0,0
1131,7,2009,78,4891,14,61,20,0,0,2,0
1132,8,2009,97,6153,9,87,21,1,1,0,1
1133,9,2009,73,4518,7,60,24,6,1,1,2
1134,10,2009,83,5807,22,60,25,0,0,1,1
1135,12,2009,79,5206,29,47,20,3,0,0,0
1136,13,2009,82,5052,7,71,21,4,1,1,0
1137,14,2009,94,6113,11,81,23,2,0,1,0
1138,15,2009,76,5080,28,46,20,2,1,0,0
1139,16,2009,86,5345,6,77,21,2,0,1,0
1140,17,2009,65,4290,17,47,22,1,0,1,1
1141,18,2009,82,5431,10,70,24,0,0,1,2
1142,19,2009,64,4024,4,58,23,2,0,1,1
1143,0,2009,73,4822,6,65,21,1,0,1,1
1144,20,2009,97,6090,12,80,22,3,1,2,0
1145,21,2009,72,4803,21,51,24,1,0,0,1
1146,22,2009,91,6174,21,70,24,0,0,0,0
1147,23,2009,59,3894,17,42,25,0,0,0,1
1148,24,2009,53,3471,8,43,24,2,0,1,1
1149,25,2009,84,5398,4,77,20,0,0,1,0
1150,11,2009,69,4227,8,56,19,3,0,2,0
1151,26,2009,104,7025,28,74,24,0,0,2,0
1152,27,2009,69,4685,22,46,23,1,1,0,0
1153,28,2009,81,4845,3,74,24,1,0,0,4
1154,29,2009,82,5432,10,71,22,1,0,1,0
1155,30,2009,81,5199,7,71,24,2,1,1,1
1156,31,2009,98,6242,5,91,22,0,0,1,0
1157,1,2010,78,5018,16,59,23,1,0,2,0
1158,2,2010,76,4692,8,64,23,3,1,1,2
1159,3,2010,68,4277,8,57,21,1,0,1,0
1160,4,2010,78,4973,22,51,24,5,2,0,1
1161,5,2010,67,4057,7,54,17,4,0,2,0
1162,6,2010,78,4811,1,75,20,2,0,0,1
1163,7,2010,70,4552,16,51,24,3,0,0,0
1164,8,2010,96,5924,6,84,22,4,1,3,3
1165,9,2010,78,4794,8,66,20,2,0,2,1
1166,10,2010,91,6069,16,73,25,2,0,0,1
1167,12,2010,85,5654,22,56,24,3,0,3,1
1168,13,2010,70,4603,14,53,24,0,0,3,2
1169,14,2010,96,6214,23,69,21,2,1,2,0
1170,15,2010,88,5945,23,64,21,1,0,0,1
1171,16,2010,85,5295,7,77,19,0,0,1,0
1172,17,2010,76,5044,15,59,21,1,0,2,1
1173,18,2010,81,5025,7,73,19,0,0,1,0
1174,19,2010,77,4775,3,72,20,2,1,0,1
1175,0,2010,72,4482,5,67,22,0,0,0,1
1176,20,2010,84,5173,4,76,21,1,1,3,0
1177,21,2010,58,3811,11,45,23,3,0,1,0
1178,22,2010,100,6397,17,81,22,0,0,1,1
1179,23,2010,93,6091,29,61,23,1,0,1,1
1180,24,2010,73,4866,5,65,23,2,0,2,1
1181,25,2010,79,5620,40,38,26,0,0,1,0
1182,11,2010,72,4693,9,61,19,1,0,1,0
1183,26,2010,84,5481,14,66,24,2,0,2,0
1184,27,2010,73,4745,20,50,22,3,0,1,0
1185,28,2010,86,5213,7,77,20,2,0,1,1
1186,29,2010,86,5695,13,72,24,2,1,0,1
1187,30,2010,76,5071,17,56,24,1,1,2,1
1188,31,2010,65,4050,3,61,23,1,0,0,1
1189,1,2011,82,5254,43,35,24,2,0,3,0
1190,2,2011,80,5317,36,44,20,0,0,0,0
1191,3,2011,79,4935,19,56,20,4,1,1,0
1192,4,2011,70,4508,47,20,24,2,1,1,0
1193,5,2011,59,3728,10,46,22,3,1,1,1
1194,6,2011,69,4270,37,25,22,6,1,1,1
1195,7,2011,74,4993,22,52,25,0,0,0,0
1196,8,2011,91,5944,32,57,25,2,2,0,1
1197,9,2011,60,3737,31,25,24,3,0,1,0
1198,10,2011,63,4220,41,19,30,3,0,0,0
1199,12,2011,86,5627,33,52,21,0,0,1,0
1200,13,2011,82,5407,40,41,22,1,0,1,0
1201,14,2011,85,5521,32,51,23,1,0,1,0
1202,15,2011,88,5745,25,60,24,1,0,1,0
1203,16,2011,82,5291,34,46,22,2,0,0,0
1204,17,2011,65,4319,39,26,24,0,0,0,0
1205,18,2011,81,5156,17,61,21,2,0,1,0
1206,19,2011,97,6419,45,49,25,2,0,1,1
1207,0,2011,94,6228,47,46,23,1,1,0,0
1208,20,2011,110,7130,49,59,23,2,1,1,0
1209,21,2011,84,5451,53,30,27,2,0,0,0
1210,22,2011,104,6821,41,60,21,2,0,2,0
1211,23,2011,81,5130,32,47,25,2,0,0,1
1212,24,2011,54,3537,15,36,25,2,1,1,0
1213,25,2011,83,5562,45,36,29,2,0,0,1
1214,11,2011,73,4629,32,36,20,3,0,3,0
1215,26,2011,107,6962,68,36,25,3,0,0,1
1216,27,2011,75,4969,26,48,26,0,0,1,1
1217,28,2011,72,4789,28,43,23,0,0,1,0
1218,29,2011,86,5568,38,46,22,2,1,0,0
1219,30,2011,78,4991,44,30,22,2,1,2,0
1220,31,2011,78,5027,19,57,24,1,0,1,1
1221,1,2012,86,5639,49,37,20,1,0,0,0
1222,2,2012,88,5835,27,60,24,1,0,0,1
1223,3,2012,73,4530,20,51,22,2,0,0,1
1224,4,2012,99,6365,65,34,22,0,0,0,0
1225,5,2012,77,4914,30,43,19,2,0,1,0
1226,6,2012,87,5727,58,27,25,2,0,0,0
1227,7,2012,64,4000,29,32,26,3,0,0,0
1228,8,2012,78,5081,30,45,22,2,1,1,0
1229,9,2012,58,3716,27,27,25,2,0,2,0
1230,10,2012,79,5455,45,34,24,0,0,0,0
1231,12,2012,84,5212,30,50,22,5,1,1,1
1232,13,2012,71,4630,34,35,24,2,1,0,1
1233,14,2012,70,4429,26,41,24,3,1,0,0
1234,15,2012,94,6141,45,48,22,1,0,0,0
1235,16,2012,94,6062,24,70,23,1,0,0,0
1236,17,2012,69,4469,26,39,25,3,1,1,0
1237,18,2012,69,4360,12,54,21,2,0,1,1
1238,19,2012,87,5414,30,52,23,2,1,2,2
1239,0,2012,88,5805,40,48,26,0,0,0,0
1240,20,2012,88,5741,35,51,23,1,1,1,0
1241,21,2012,77,4836,37,39,19,1,0,0,0
1242,22,2012,112,7274,52,60,20,1,0,0,0
1243,23,2012,73,4565,38,30,28,7,0,2,2
1244,24,2012,68,4507,37,30,24,1,0,0,0
1245,25,2012,89,6002,49,37,23,3,0,0,0
1246,11,2012,91,5797,33,55,23,2,0,1,0
1247,26,2012,92,5887,45,42,25,4,0,1,1
1248,27,2012,88,5795,36,50,22,2,0,0,0
1249,28,2012,75,4784,29,46,24,0,0,0,0
1250,29,2012,92,5790,28,62,25,2,0,0,2
1251,30,2012,74,4725,37,33,26,3,0,2,1
1252,31,2012,86,5858,53,33,24,0,0,0,0
1253,1,2013,90,5301,38,47,18,4,0,1,1
1254,2,2013,86,5496,32,52,23,1,0,1,0
1255,3,2013,83,5394,34,48,23,1,0,0,0
1256,4,2013,115,7450,81,32,29,2,0,1,1
1257,5,2013,73,4534,42,27,22,5,0,0,0
1258,6,2013,69,4363,41,24,18,4,2,1,0
1259,7,2013,87,5758,33,54,24,0,0,0,0
1260,8,2013,92,6128,18,73,24,0,0,1,0
1261,9,2013,92,6075,47,43,24,0,0,2,0
1262,10,2013,88,5850,41,43,25,2,0,2,0
1263,12,2013,93,5905,52,38,20,2,1,0,0
1264,13,2013,75,4968,38,36,22,0,0,1,0
1265,14,2013,90,5641,37,52,23,2,0,0,2
1266,15,2013,79,4902,50,23,24,6,3,0,0
1267,16,2013,71,4527,35,33,21,2,0,0,0
1268,17,2013,63,4103,36,25,20,1,0,1,0
1269,18,2013,73,4584,30,42,22,1,0,0,0
1270,19,2013,84,5571,45,35,26,1,0,3,0
1271,0,2013,92,6064,38,54,20,0,0,0,0
1272,20,2013,93,5914,30,61,25,1,1,1,1
1273,21,2013,82,5322,63,18,22,1,0,0,0
1274,22,2013,99,6398,65,32,20,1,1,1,0
1275,23,2013,74,4477,38,30,20,5,0,1,0
1276,24,2013,81,5250,52,25,21,3,1,2,0
1277,25,2013,82,5195,42,38,23,1,0,1,0
1278,11,2013,72,4355,22,47,22,3,0,0,1
1279,26,2013,87,5609,52,33,25,2,2,0,0
1280,27,2013,94,6185,48,44,24,0,0,1,0
1281,28,2013,86,5201,24,55,22,3,0,3,0
1282,29,2013,68,4567,29,39,25,0,0,0,0
1283,30,2013,83,5072,32,45,24,5,1,1,0
1284,31,2013,88,5651,44,41,27,2,0,1,1
1285,1,2014,68,3872,25,35,17,6,1,1,0
1286,2,2014,81,5316,37,44,25,1,0,0,0
1287,3,2014,85,5362,49,32,20,3,0,1,0
1288,4,2014,99,6437,64,35,25,0,0,0,0
1289,5,2014,71,4679,40,31,22,0,0,0,0
1290,6,2014,69,4436,31,37,23,1,0,0,0
1291,7,2014,76,5061,38,37,26,1,0,0,0
1292,8,2014,78,4799,10,67,22,0,0,1,0
1293,9,2014,81,5156,26,54,23,1,0,0,0
1294,10,2014,99,6332,70,26,22,3,3,0,0
1295,12,2014,99,6240,52,43,21,3,1,0,0
1296,13,2014,85,5476,37,46,26,1,0,1,1
1297,14,2014,98,6401,46,52,22,0,0,0,0
1298,15,2014,83,5172,46,36,22,2,0,0,0
1299,16,2014,82,5072,46,32,18,3,2,1,0
1300,17,2014,65,3991,37,22,23,5,2,1,0
1301,18,2014,74,4655,21,51,21,1,0,0,0
1302,19,2014,75,4826,53,20,27,1,0,1,0
1303,0,2014,73,4721,32,40,22,1,0,0,0
1304,20,2014,104,6442,41,58,24,3,0,2,1
1305,21,2014,79,5196,61,18,32,0,0,0,0
1306,22,2014,99,6362,53,45,21,0,0,1,0
1307,23,2014,61,3723,34,21,32,6,0,1,0
1308,24,2014,75,4892,38,35,24,2,0,1,1
1309,25,2014,88,5702,60,26,23,2,0,0,0
1310,11,2014,72,4486,27,43,25,2,0,0,1
1311,26,2014,81,5273,40,39,26,2,0,0,0
1312,27,2014,89,5807,46,43,24,0,0,0,0
1313,28,2014,89,5552,32,54,23,3,0,1,1
1314,29,2014,87,5693,40,45,26,2,0,0,0
1315,30,2014,65,4086,31,31,27,3,0,0,1
1316,31,2014,77,4846,48,28,20,1,0,1,0
1317,1,2015,83,5036,39,39,25,4,1,1,2
1318,2,2015,89,5786,42,46,22,1,0,0,0
1319,3,2015,84,5235,42,40,17,2,0,1,0
1320,4,2015,82,5109,55,25,20,3,0,0,0
1321,5,2015,70,4459,27,42,21,0,0,1,0
1322,6,2015,82,5193,44,35,25,3,0,0,0
1323,7,2015,99,6445,50,49,24,0,0,0,0
1324,8,2015,76,4839,41,32,27,3,0,0,0
1325,9,2015,90,5746,40,46,24,3,1,1,0
1326,10,2015,77,4836,67,8,19,3,0,0,0
1327,12,2015,73,4620,49,23,23,2,0,0,1
1328,13,2015,72,4396,44,23,22,4,1,1,0
1329,14,2015,81,5000,42,34,20,3,0,2,0
1330,15,2015,76,4875,52,22,27,2,0,0,0
1331,16,2015,93,5727,37,54,20,2,0,1,1
1332,17,2015,84,5247,55,23,24,5,0,4,0
1333,18,2015,86,5584,34,49,23,2,1,1,0
1334,19,2015,77,4826,40,32,25,4,1,1,0
1335,0,2015,63,3975,38,23,25,2,1,0,0
1336,20,2015,81,5125,41,37,26,2,1,1,0
1337,21,2015,103,6757,69,34,26,0,0,0,1
1338,22,2015,101,6284,69,29,18,3,2,1,0
1339,23,2015,81,5113,44,35,22,2,0,1,1
1340,24,2015,68,4431,41,27,22,0,0,0,0
1341,25,2015,74,4753,63,9,25,1,0,0,0
1342,11,2015,85,5288,53,29,20,4,1,1,0
1343,26,2015,82,5311,44,37,26,1,0,0,0
1344,27,2015,92,5930,47,42,25,3,0,1,1
1345,28,2015,94,5964,38,54,22,1,0,1,0
1346,29,2015,76,4881,33,40,24,2,0,0,0
1347,30,2015,66,4272,43,22,27,1,0,1,0
1348,31,2015,87,5695,47,40,26,0,0,0,0
1349,0,2016,72,4320,24,44,19,2,0,2,0
1350,1,2016,65,4022,26,36,21,3,1,0,0
1351,2,2016,77,4854,36,40,22,1,0,0,0
1352,3,2016,84,5074,35,46,21,3,0,1,0
1353,4,2016,81,4969,51,26,20,3,1,1,1
1354,5,2016,66,4100,38,24,21,3,1,2,0
1355,6,2016,81,5115,52,25,23,3,0,1,0
1356,7,2016,83,5220,52,29,23,2,0,1,1
1357,8,2016,92,5822,67,21,24,2,0,2,0
1358,9,2016,86,5394,48,35,24,2,0,1,0
1359,10,2016,89,5697,49,39,21,1,1,0,0
1360,12,2016,91,5827,57,33,22,1,0,0,0
1361,13,2016,74,4768,43,31,20,0,0,0,0
1362,14,2016,87,5439,46,38,18,3,0,0,0
1363,15,2016,112,7236,72,40,22,0,0,0,0
1364,16,2016,72,4511,37,32,22,1,0,2,0
1365,17,2016,77,4724,60,13,21,4,0,2,0
1366,18,2016,70,4425,39,29,22,1,0,0,1
1367,19,2016,80,4933,53,23,21,3,0,1,0
1368,20,2016,89,5608,46,41,26,2,0,1,1
1369,21,2016,87,5566,63,23,18,1,0,0,0
1370,22,2016,93,5961,52,40,19,0,0,1,0
1371,23,2016,88,5630,43,45,19,0,0,0,0
1372,24,2016,59,3794,36,22,19,1,0,0,0
1373,25,2016,81,5137,52,27,20,1,0,1,0
1374,11,2016,92,5790,65,25,21,2,0,1,1
1375,26,2016,93,5693,49,40,22,4,1,1,0
1376,27,2016,87,5542,54,32,20,1,0,0,0
1377,28,2016,86,5424,52,29,24,2,0,3,0
1378,29,2016,76,4590,23,48,23,4,1,1,1
1379,30,2016,83,5176,58,21,22,3,0,2,0
1380,31,2016,79,4932,38,38,25,3,1,1,1
1381,0,2017,83,5201,64,15,20,2,1,1,0
1382,1,2017,60,3780,28,32,21,0,0,0,1
1383,2,2017,67,4248,31,35,23,0,0,1,0
1384,3,2017,74,4365,37,31,22,6,1,0,0
1385,4,2017,73,4309,45,22,22,6,0,0,1
1386,5,2017,57,3350,33,20,23,4,0,0,1
1387,6,2017,77,4704,27,47,24,3,0,0,2
1388,7,2017,77,4715,34,40,22,2,0,1,1
1389,8,2017,77,4924,31,46,25,0,0,0,0
1390,9,2017,97,6232,71,25,19,0,0,0,0
1391,10,2017,70,4390,46,23,19,1,0,0,0
1392,12,2017,80,5159,45,35,21,0,0,0,0
1393,13,2017,67,4015,28,34,19,5,4,0,0
1394,14,2017,94,5880,45,47,21,1,1,1,0
1395,15,2017,84,5332,49,33,26,2,0,0,0
1396,16,2017,62,3849,26,32,20,2,0,2,0
1397,17,2017,92,5473,48,40,20,3,1,2,1
1398,18,2017,72,4404,45,23,20,4,1,1,0
1399,19,2017,91,5769,47,43,20,1,0,0,0
1400,20,2017,68,4246,36,30,22,2,2,0,0
1401,21,2017,83,5313,70,12,21,1,0,1,0
1402,22,2017,99,6228,40,58,18,1,0,0,0
1403,23,2017,64,4058,48,15,19,1,1,0,0
1404,24,2017,103,6658,78,23,22,0,0,2,0
1405,25,2017,90,5610,55,33,18,2,0,0,0
1406,11,2017,79,4987,53,24,18,2,0,1,0
1407,26,2017,95,6076,59,32,24,3,0,1,0
1408,27,2017,80,4986,39,39,20,1,0,1,0
1409,28,2017,90,5720,46,43,21,0,0,1,0
1410,29,2017,76,4764,49,27,20,1,0,0,0
1411,30,2017,80,5120,47,32,23,1,0,0,0
1412,31,2017,89,5638,44,45,22,0,0,0,0
1413,0,2018,81,5065,52,27,24,2,0,0,0
1414,1,2018,89,5664,65,22,24,1,1,1,1
1415,2,2018,79,5003,45,31,22,1,0,1,0
1416,3,2018,66,3958,30,34,22,3,0,0,0
1417,4,2018,73,4473,42,28,20,4,0,1,0
1418,5,2018,79,5011,52,24,23,1,0,1,0
1419,6,2018,86,5349,51,34,21,2,0,0,0
1420,7,2018,56,3534,28,27,21,1,0,1,0
1421,8,2018,88,5526,27,61,21,0,0,0,0
1422,9,2018,111,7130,72,36,22,1,0,3,0
1423,10,2018,88,5435,59,27,22,2,0,0,0
1424,12,2018,77,4984,52,25,26,0,0,0,0
1425,13,2018,70,4432,55,13,26,1,0,1,1
1426,14,2018,82,5210,57,24,22,1,0,0,0
1427,15,2018,89,5578,51,36,22,2,0,0,0
1428,16,2018,85,5254,51,28,20,4,1,3,0
1429,17,2018,64,3908,41,21,17,2,1,0,0
1430,18,2018,83,5311,60,23,23,0,0,0,0
1431,19,2018,79,4797,37,37,22,5,1,0,0
1432,20,2018,84,5229,41,40,25,3,0,0,1
1433,21,2018,78,4938,60,17,23,1,0,0,0
1434,22,2018,93,5783,50,42,24,0,0,0,0
1435,23,2018,71,4350,29,39,23,3,0,1,0
1436,24,2018,107,6849,77,29,22,0,0,1,0
1437,25,2018,92,5799,58,32,23,1,0,1,0
1438,11,2018,70,4443,56,13,22,1,0,0,0
1439,26,2018,103,6598,64,39,22,0,0,0,0
1440,27,2018,83,5082,42,37,24,3,0,1,1
1441,28,2018,85,5328,50,35,20,0,0,0,0
1442,29,2018,92,5885,58,33,20,1,0,0,0
1443,30,2018,72,4536,45,25,27,2,0,0,1
1444,31,2018,79,4791,44,31,23,4,0,2,0
1445,0,2019,98,6220,49,48,21,0,0,1,0
1446,1,2019,67,4166,36,27,25,2,1,3,0
1447,2,2019,71,4308,46,19,21,5,1,1,0
1448,3,2019,74,4579,42,30,23,2,0,0,1
1449,4,2019,72,4634,55,17,26,0,0,0,0
1450,5,2019,79,4934,30,46,20,2,0,2,0
1451,6,2019,98,6317,88,9,23,1,0,1,0
1452,7,2019,83,5302,45,36,20,0,0,2,0
1453,8,2019,75,4647,36,36,24,3,0,0,1
1454,9,2019,98,6157,60,37,19,1,0,0,0
1455,10,2019,79,5101,60,19,24,0,0,0,0
1456,12,2019,92,5656,51,35,23,4,0,3,0
1457,13,2019,73,4424,49,20,27,4,1,0,1
1458,14,2019,81,5073,52,27,23,2,0,0,1
1459,15,2019,87,5180,47,31,22,7,2,4,0
1460,16,2019,72,4519,50,20,18,1,0,2,0
1461,17,2019,76,4583,39,32,21,5,0,0,0
1462,18,2019,68,4117,32,33,19,3,0,0,0
1463,19,2019,80,4938,25,52,24,2,1,1,1
1464,20,2019,79,5068,49,29,24,0,0,1,0
1465,21,2019,76,4658,66,5,20,5,1,0,0
1466,22,2019,92,5777,59,29,20,2,0,3,0
1467,23,2019,71,4496,38,33,20,1,0,0,0
1468,24,2019,85,5429,65,17,27,1,0,3,0
1469,25,2019,106,6646,57,48,21,1,0,0,1
1470,11,2019,68,4231,48,17,25,3,0,0,0
1471,26,2019,95,6128,74,21,27,0,0,0,1
1472,27,2019,85,5337,59,24,22,1,0,0,0
1473,28,2019,75,4735,31,44,21,0,0,0,0
1474,29,2019,82,5164,42,39,18,1,1,0,0
1475,30,2019,78,4814,39,37,23,2,0,0,0
1476,31,2019,88,5664,66,21,25,1,0,1,0
1477,0,2020,81,4871,44,32,24,6,0,0,1
1478,1,2020,86,5252,42,41,20,3,0,0,0
1479,2,2020,76,4816,56,18,23,1,0,1,0
1480,3,2020,101,6469,71,30,17,0,0,0,0
1481,4,2020,79,4839,54,21,29,5,0,0,1
1482,5,2020,84,5360,45,38,26,0,0,1,1
1483,6,2020,101,6514,85,14,33,1,0,1,0
1484,7,2020,87,5450,39,46,19,2,0,1,0
1485,8,2020,84,5364,49,34,26,1,0,0,0
1486,9,2020,97,6222,72,23,23,0,0,2,1
1487,10,2020,97,6070,46,51,21,1,0,0,1
1488,12,2020,92,5705,60,29,20,3,1,0,0
1489,13,2020,92,5626,64,24,15,4,0,1,0
1490,14,2020,75,4626,46,26,22,3,0,0,0
1491,15,2020,92,5834,46,43,23,2,1,1,0
1492,11,2020,78,4808,65,9,26,4,0,0,0
1493,16,2020,74,4407,30,41,22,3,0,0,1
1494,17,2020,73,4357,42,25,18,4,0,2,0
1495,18,2020,63,3994,34,27,24,1,0,1,0
1496,19,2020,78,4765,26,49,21,2,0,2,0
1497,20,2020,98,6240,52,45,24,0,0,1,0
1498,21,2020,81,5095,71,7,20,3,0,0,0
1499,22,2020,75,4756,42,32,21,1,0,0,0
1500,23,2020,95,5966,61,32,23,2,0,0,0
1501,24,2020,81,5237,54,26,28,0,0,1,0
1502,25,2020,95,6094,65,30,21,0,0,0,0
1503,26,2020,95,5962,71,22,17,2,0,1,0
1504,27,2020,93,5818,52,38,21,3,0,0,0
1505,28,2020,88,5521,45,41,22,1,0,1,0
1506,29,2020,87,5464,52,34,20,2,1,0,0
1507,30,2020,94,5864,53,37,22,2,0,2,0
1508,31,2020,85,5052,53,27,24,5,0,0,1
1509,0,2021,90,5656,37,52,23,1,0,0,1
1510,1,2021,71,4443,34,35,21,2,1,0,0
1511,2,2021,95,6004,56,37,21,1,0,1,0
1512,3,2021,100,6269,56,41,18,1,0,2,0
1513,4,2021,78,4975,62,14,39,2,1,0,2
1514,5,2021,74,4664,34,39,20,1,0,0,0
1515,6,2021,104,6664,77,25,26,1,0,1,0
1516,7,2021,98,6077,73,20,21,5,1,0,0
1517,8,2021,100,6286,62,36,20,2,0,0,0
1518,9,2021,101,6369,66,35,18,0,0,0,0
1519,10,2021,95,5974,47,46,21,2,0,0,0
1520,12,2021,107,6877,87,18,26,1,0,1,0
1521,13,2021,79,5027,56,21,20,1,0,1,0
1522,14,2021,97,6135,61,34,26,2,0,0,0
1523,15,2021,71,4454,35,34,23,1,0,1,1
1524,11,2021,79,4970,47,30,21,1,0,0,0
1525,16,2021,69,4068,27,37,17,4,1,1,0
1526,17,2021,62,3822,22,38,29,2,0,1,3
1527,18,2021,73,4434,48,22,17,4,0,1,0
1528,19,2021,76,4386,33,35,21,9,3,0,0
1529,20,2021,94,6031,43,50,25,0,0,1,0
1530,21,2021,74,4750,45,29,26,0,0,0,0
1531,22,2021,103,6497,45,55,21,0,0,3,0
1532,23,2021,87,5560,53,33,22,0,0,1,1
1533,24,2021,102,6309,65,30,21,3,0,4,0
1534,25,2021,90,5443,47,39,18,3,1,1,1
1535,26,2021,84,5194,49,32,20,3,0,0,0
1536,27,2021,83,5138,31,50,19,1,0,1,0
1537,28,2021,88,5565,40,46,23,0,0,2,0
1538,29,2021,67,4127,32,32,20,2,1,1,0
1539,30,2021,92,5873,52,40,20,0,0,0,0
1540,31,2021,94,6004,76,17,22,1,0,0,0
1541,0,2022,99,6223,47,51,21,0,0,1,0
1542,1,2022,76,4819,41,32,25,2,0,1,1
1543,2,2022,90,5604,51,37,21,1,0,2,0
1544,3,2022,93,5822,43,48,20,0,0,2,0
1545,4,2022,73,4580,51,21,21,2,1,0,0
1546,5,2022,82,5111,50,29,22,3,0,2,0
1547,6,2022,78,4859,40,34,25,3,0,1,0
1548,7,2022,72,4562,53,18,21,1,0,0,0
1549,8,2022,86,5384,69,15,21,2,0,0,0
1550,9,2022,85,5455,55,30,23,0,0,0,0
1551,10,2022,78,5069,42,34,23,0,0,2,0
1552,11,2022,78,4865,60,15,23,3,0,0,0
1553,12,2022,100,6506,78,21,24,0,0,1,0
1554,13,2022,90,5633,61,26,27,3,0,0,1
1555,14,2022,97,6290,67,30,26,0,0,0,0
1556,15,2022,80,5143,59,21,22,0,0,0,0
1557,16,2022,85,5174,50,30,25,5,0,0,0
1558,17,2022,89,5537,44,41,21,1,1,3,0
1559,18,2022,73,4445,58,12,20,3,1,0,0
1560,19,2022,93,5764,54,34,21,4,0,1,0
1561,20,2022,80,4867,18,61,23,1,0,0,0
1562,21,2022,84,5154,46,33,22,3,0,2,0
1563,22,2022,85,5256,31,52,25,1,0,1,3
1564,23,2022,90,5548,57,29,20,3,0,1,0
1565,24,2022,78,4886,61,15,23,1,0,1,0
1566,25,2022,86,5449,60,26,21,0,0,0,0
1567,26,2022,75,4554,48,23,22,4,0,0,0
1568,27,2022,94,5903,54,38,20,2,0,0,0
1569,28,2022,65,3989,25,37,21,1,0,3,0
1570,29,2022,75,4564,33,37,19,5,0,1,0
1571,30,2022,69,4343,37,32,20,0,0,0,0
1572,31,2022,89,5640,54,34,26,1,0,0,1
