id,team_id,year,xp_md,xp_pct,2pt_md,fg_lng,fg_blk
0,0,1970,39,95.1,0,48,3
1,1,1970,28,100.0,0,50,1
2,2,1970,33,100.0,0,53,2
3,3,1970,24,96.0,0,52,1
4,4,1970,27,96.4,0,53,3
5,5,1970,34,97.1,0,47,1
6,7,1970,37,97.4,0,49,1
7,8,1970,34,97.1,0,48,1
8,9,1970,26,100.0,0,55,2
9,10,1970,36,94.7,0,48,3
10,12,1970,35,100.0,0,43,1
11,13,1970,33,100.0,0,47,0
12,14,1970,25,89.3,0,42,3
13,15,1970,23,88.5,0,49,5
14,16,1970,32,100.0,0,54,1
15,18,1970,28,100.0,0,42,1
16,19,1970,41,100.0,0,51,2
17,30,1970,23,100.0,0,48,3
18,20,1970,19,90.5,0,49,5
19,22,1970,17,94.4,0,41,4
20,23,1970,36,100.0,0,52,3
21,24,1970,34,100.0,0,46,1
22,11,1970,33,97.1,0,49,1
23,26,1970,16,94.1,0,63,6
24,28,1970,24,96.0,0,49,1
25,31,1970,35,100.0,0,47,0
26,0,1971,32,100.0,0,48,1
27,1,1971,18,100.0,0,45,1
28,2,1971,31,100.0,0,51,1
29,3,1971,20,95.2,0,51,1
30,4,1971,18,100.0,0,49,3
31,5,1971,34,100.0,0,40,1
32,7,1971,24,100.0,0,45,2
33,8,1971,36,97.3,0,50,1
34,9,1971,32,100.0,0,54,3
35,10,1971,35,97.2,0,50,0
36,12,1971,50,100.0,0,48,0
37,13,1971,33,100.0,0,48,2
38,14,1971,23,95.8,0,54,6
39,15,1971,29,87.9,0,41,3
40,16,1971,30,100.0,0,37,2
41,18,1971,25,96.2,0,42,1
42,19,1971,39,100.0,0,49,1
43,30,1971,26,89.7,0,44,1
44,20,1971,32,97.0,0,44,3
45,22,1971,28,100.0,0,51,3
46,23,1971,41,97.6,0,42,2
47,24,1971,37,100.0,0,49,1
48,11,1971,27,100.0,0,52,1
49,26,1971,29,93.6,0,38,3
50,28,1971,27,100.0,0,45,2
51,31,1971,25,100.0,0,47,2
52,0,1972,41,97.6,0,50,0
53,1,1972,26,100.0,0,45,0
54,2,1972,30,96.8,0,51,3
55,3,1972,29,96.7,0,48,0
56,4,1972,37,100.0,0,49,1
57,5,1972,28,96.6,0,57,0
58,7,1972,19,90.5,0,49,1
59,8,1972,28,93.3,0,51,2
60,9,1972,32,100.0,0,50,3
61,10,1972,28,100.0,0,42,4
62,12,1972,36,100.0,0,54,0
63,13,1972,43,95.6,0,54,3
64,14,1972,11,91.7,0,52,0
65,15,1972,31,100.0,0,41,2
66,16,1972,34,89.5,0,49,1
67,18,1972,40,97.6,0,42,1
68,19,1972,38,97.4,0,51,1
69,30,1972,17,94.4,0,49,3
70,20,1972,29,100.0,0,51,6
71,22,1972,24,100.0,0,42,2
72,23,1972,44,100.0,0,48,1
73,24,1972,31,100.0,0,48,0
74,11,1972,40,97.6,0,46,0
75,26,1972,24,96.0,0,46,3
76,28,1972,35,97.2,0,49,4
77,31,1972,34,100.0,0,45,1
78,0,1973,26,100.0,0,54,1
79,1,1973,21,95.4,0,47,1
80,2,1973,31,96.9,0,51,0
81,3,1973,27,100.0,0,52,1
82,4,1973,40,100.0,0,50,3
83,5,1973,24,100.0,0,45,1
84,7,1973,31,100.0,0,46,3
85,8,1973,19,90.5,0,39,3
86,9,1973,21,91.3,0,47,4
87,10,1973,22,91.7,0,38,1
88,12,1973,45,97.8,0,37,5
89,13,1973,38,100.0,0,53,2
90,14,1973,34,100.0,0,51,3
91,15,1973,34,100.0,0,52,1
92,16,1973,25,100.0,0,45,4
93,18,1973,27,100.0,0,44,0
94,19,1973,28,100.0,0,52,0
95,30,1973,21,100.0,0,49,2
96,20,1973,19,95.0,0,46,3
97,22,1973,25,83.3,0,48,2
98,23,1973,31,100.0,0,49,0
99,24,1973,40,95.2,0,48,2
100,11,1973,37,100.0,0,42,0
101,26,1973,16,100.0,0,43,2
102,28,1973,36,97.3,0,49,3
103,31,1973,33,100.0,0,41,2
104,0,1974,25,92.6,0,46,3
105,1,1974,17,100.0,0,44,0
106,2,1974,32,91.4,0,47,3
107,3,1974,25,86.2,0,47,4
108,4,1974,35,92.1,0,43,0
109,5,1974,29,96.7,0,46,0
110,7,1974,30,83.3,0,47,2
111,8,1974,26,92.9,0,42,3
112,9,1974,24,92.3,0,50,2
113,10,1974,22,100.0,0,45,1
114,12,1974,37,97.4,0,39,2
115,13,1974,43,100.0,0,43,1
116,14,1974,26,86.7,0,48,0
117,15,1974,12,100.0,0,47,2
118,16,1974,21,91.3,0,42,0
119,18,1974,27,81.8,0,45,3
120,19,1974,23,88.5,0,42,2
121,30,1974,29,100.0,0,46,1
122,20,1974,19,100.0,0,52,3
123,22,1974,42,97.7,0,46,1
124,23,1974,44,95.6,0,49,1
125,24,1974,26,76.5,0,46,1
126,11,1974,35,92.1,0,48,2
127,26,1974,19,95.0,0,52,1
128,28,1974,33,94.3,0,45,1
129,31,1974,32,82.0,0,46,0
130,0,1975,27,87.1,0,54,1
131,1,1975,18,81.8,0,55,4
132,2,1975,40,88.9,0,48,0
133,3,1975,51,89.5,0,45,2
134,4,1975,23,88.5,0,53,2
135,5,1975,21,87.5,0,49,0
136,7,1975,40,97.6,0,48,3
137,8,1975,20,95.2,0,45,0
138,9,1975,30,96.8,0,51,4
139,10,1975,51,98.1,0,42,0
140,12,1975,38,95.0,0,43,2
141,13,1975,40,87.0,0,40,0
142,14,1975,21,87.5,0,51,4
143,15,1975,30,90.9,0,44,0
144,16,1975,24,82.8,0,41,3
145,18,1975,27,90.0,0,47,4
146,19,1975,25,86.2,0,47,2
147,30,1975,31,91.2,0,48,1
148,20,1975,22,81.5,0,48,0
149,22,1975,33,100.0,0,46,3
150,23,1975,44,91.7,0,37,0
151,24,1975,31,86.1,0,51,1
152,11,1975,37,94.9,0,48,1
153,26,1975,18,100.0,0,50,2
154,28,1975,44,95.6,0,42,0
155,31,1975,46,95.8,0,52,1
156,0,1976,26,86.7,0,45,3
157,1,1976,27,90.0,0,47,1
158,2,1976,39,92.9,0,51,2
159,3,1976,26,89.7,0,49,2
160,4,1976,36,92.3,0,47,1
161,5,1976,27,90.0,0,51,2
162,6,1976,11,78.6,0,45,3
163,7,1976,33,94.3,0,43,1
164,8,1976,25,83.3,0,48,1
165,9,1976,27,81.8,0,52,6
166,10,1976,49,98.0,0,41,1
167,12,1976,34,100.0,0,46,0
168,13,1976,29,93.6,0,53,1
169,14,1976,18,94.7,0,44,1
170,15,1976,20,100.0,0,46,3
171,16,1976,20,95.2,0,50,3
172,18,1976,16,80.0,0,47,0
173,19,1976,28,90.3,0,49,2
174,30,1976,24,100.0,0,54,1
175,20,1976,24,88.9,0,45,1
176,22,1976,43,91.5,0,49,1
177,23,1976,42,89.4,0,44,4
178,24,1976,36,81.8,0,49,4
179,11,1976,31,96.9,0,49,0
180,26,1976,25,86.2,0,50,0
181,27,1976,26,89.7,0,48,2
182,28,1976,40,93.0,0,47,4
183,31,1976,32,88.9,0,49,3
184,0,1977,25,92.6,0,50,1
185,1,1977,27,90.0,0,47,1
186,2,1977,25,96.2,0,47,0
187,3,1977,17,89.5,0,45,1
188,4,1977,31,91.2,0,48,0
189,5,1977,30,96.8,0,44,1
190,6,1977,10,90.9,0,40,0
191,7,1977,35,97.2,0,49,3
192,8,1977,21,87.5,0,47,3
193,9,1977,27,96.4,0,37,1
194,10,1977,32,91.4,0,45,1
195,12,1977,39,95.1,0,52,2
196,13,1977,37,90.2,0,48,2
197,14,1977,25,86.2,0,44,3
198,15,1977,20,100.0,0,44,2
199,16,1977,19,95.0,0,51,1
200,18,1977,18,85.7,0,48,5
201,19,1977,19,90.5,0,47,1
202,30,1977,29,82.9,0,46,2
203,20,1977,11,78.6,0,44,0
204,22,1977,33,100.0,0,44,2
205,23,1977,39,92.9,0,42,1
206,24,1977,32,91.4,0,45,0
207,11,1977,19,100.0,0,54,2
208,26,1977,29,93.6,0,31,0
209,27,1977,33,89.2,0,51,2
210,28,1977,34,91.9,0,49,0
211,31,1977,25,86.2,0,42,1
212,0,1978,24,96.0,0,45,0
213,1,1978,26,92.9,0,44,2
214,2,1978,26,89.7,0,52,3
215,3,1978,36,94.7,0,46,0
216,4,1978,31,88.6,0,45,2
217,5,1978,37,92.5,0,45,2
218,6,1978,25,86.2,0,49,1
219,7,1978,27,90.0,0,45,1
220,8,1978,37,86.0,0,44,1
221,9,1978,25,96.2,0,47,2
222,10,1978,27,87.1,0,41,1
223,12,1978,46,97.9,0,48,1
224,13,1978,41,91.1,0,49,0
225,14,1978,30,88.2,0,39,2
226,15,1978,26,96.3,0,48,3
227,16,1978,27,93.1,0,52,0
228,18,1978,41,97.6,0,47,1
229,19,1978,32,97.0,0,48,1
230,30,1978,31,96.9,0,49,0
231,20,1978,30,100.0,0,48,0
232,22,1978,42,91.3,0,47,2
233,23,1978,33,86.8,0,45,1
234,24,1978,31,93.9,0,48,3
235,11,1978,30,96.8,0,52,0
236,26,1978,33,94.3,0,50,3
237,27,1978,40,90.9,0,48,0
238,28,1978,44,97.8,0,44,1
239,31,1978,36,97.3,0,47,0
240,0,1979,32,91.4,0,47,2
241,1,1979,34,91.9,0,44,1
242,2,1979,40,95.2,0,55,0
243,3,1979,25,86.2,0,42,1
244,4,1979,32,94.1,0,49,1
245,5,1979,38,88.4,0,51,1
246,6,1979,30,85.7,0,44,1
247,7,1979,30,76.9,0,51,2
248,8,1979,47,90.4,0,42,1
249,9,1979,28,96.6,0,46,3
250,10,1979,31,93.9,0,41,0
251,12,1979,40,90.9,0,51,1
252,13,1979,36,90.0,0,53,2
253,14,1979,36,92.3,0,59,1
254,15,1979,31,83.8,0,48,1
255,16,1979,28,96.6,0,49,0
256,18,1979,35,83.3,0,42,2
257,19,1979,25,96.2,0,46,1
258,30,1979,41,95.4,0,51,1
259,20,1979,24,80.0,0,46,0
260,22,1979,46,93.9,0,47,2
261,23,1979,41,91.1,0,47,1
262,24,1979,36,92.3,0,49,5
263,11,1979,39,100.0,0,53,1
264,26,1979,44,95.6,0,44,1
265,27,1979,43,93.5,0,49,2
266,28,1979,50,96.2,0,46,1
267,31,1979,28,90.3,0,44,1
268,0,1980,33,84.6,0,47,1
269,1,1980,35,94.6,0,44,0
270,2,1980,27,96.4,0,42,1
271,3,1980,37,94.9,0,49,3
272,4,1980,32,97.0,0,57,1
273,5,1980,39,88.6,0,45,0
274,6,1980,31,96.9,0,43,2
275,7,1980,35,94.6,0,43,0
276,8,1980,46,95.8,0,53,1
277,9,1980,37,100.0,0,57,0
278,10,1980,43,93.5,0,46,0
279,12,1980,59,98.3,0,52,0
280,13,1980,32,100.0,0,48,1
281,14,1980,48,100.0,0,51,0
282,15,1980,46,93.9,0,50,1
283,16,1980,27,96.4,0,51,0
284,18,1980,36,100.0,0,49,1
285,19,1980,35,97.2,0,52,3
286,30,1980,31,91.2,0,46,1
287,20,1980,24,85.7,0,50,2
288,22,1980,51,100.0,0,44,2
289,23,1980,41,93.2,0,48,1
290,24,1980,51,98.1,0,47,2
291,11,1980,27,90.0,0,52,0
292,26,1980,33,91.7,0,47,1
293,27,1980,33,100.0,0,50,0
294,28,1980,39,92.9,0,48,1
295,31,1980,33,86.8,0,47,1
296,0,1981,42,100.0,0,48,3
297,1,1981,29,93.6,0,43,1
298,2,1981,49,96.1,0,51,1
299,3,1981,37,100.0,0,46,0
300,4,1981,36,97.3,0,49,4
301,5,1981,31,96.9,0,39,4
302,6,1981,36,94.7,0,51,2
303,7,1981,36,97.3,0,47,0
304,8,1981,55,90.2,0,52,0
305,9,1981,37,97.4,0,52,0
306,10,1981,29,87.9,0,48,1
307,12,1981,40,100.0,0,47,0
308,13,1981,37,97.4,0,46,0
309,14,1981,41,95.4,0,50,0
310,15,1981,51,100.0,0,47,0
311,16,1981,31,100.0,0,55,0
312,18,1981,38,97.4,0,49,1
313,19,1981,46,100.0,0,53,0
314,30,1981,32,94.1,0,50,1
315,20,1981,35,97.2,0,53,0
316,22,1981,37,94.9,0,50,1
317,23,1981,27,81.8,0,51,0
318,24,1981,36,100.0,0,44,2
319,11,1981,38,90.5,0,49,1
320,26,1981,24,100.0,0,46,3
321,27,1981,37,92.5,0,54,1
322,28,1981,38,82.6,0,48,0
323,31,1981,34,91.9,0,45,0
324,0,1982,23,92.0,0,45,1
325,1,1982,16,100.0,0,51,1
326,2,1982,25,96.2,0,50,1
327,3,1982,15,88.2,0,49,1
328,4,1982,15,93.8,0,47,1
329,5,1982,17,100.0,0,46,3
330,6,1982,14,100.0,0,51,0
331,7,1982,15,93.8,0,48,0
332,8,1982,32,94.1,0,51,0
333,9,1982,17,100.0,0,47,0
334,10,1982,11,100.0,0,58,3
335,12,1982,28,100.0,0,53,0
336,13,1982,21,95.4,0,47,1
337,14,1982,23,92.0,0,47,0
338,15,1982,21,95.4,0,51,0
339,16,1982,18,100.0,0,45,0
340,18,1982,26,83.9,0,49,3
341,19,1982,19,100.0,0,49,1
342,30,1982,16,88.9,0,37,0
343,20,1982,25,92.6,0,48,1
344,22,1982,15,88.2,0,42,2
345,23,1982,32,97.0,0,43,1
346,24,1982,23,95.8,0,39,0
347,11,1982,16,84.2,0,48,0
348,26,1982,15,93.8,0,45,1
349,27,1982,13,92.9,0,48,1
350,28,1982,22,100.0,0,48,1
351,31,1982,23,100.0,0,43,1
352,0,1983,51,100.0,0,52,1
353,1,1983,35,92.1,0,50,0
354,2,1983,39,95.1,0,47,1
355,3,1983,34,94.4,0,48,2
356,4,1983,33,97.1,0,50,0
357,5,1983,38,95.0,0,58,0
358,6,1983,25,86.2,0,49,1
359,7,1983,45,95.7,0,52,2
360,8,1983,43,95.6,0,51,1
361,9,1983,44,97.8,0,58,1
362,10,1983,22,91.7,0,55,1
363,12,1983,57,96.6,0,47,0
364,13,1983,45,93.8,0,52,1
365,14,1983,24,88.9,0,52,1
366,15,1983,43,95.6,0,49,0
367,16,1983,22,95.6,0,56,0
368,18,1983,36,97.3,0,49,2
369,19,1983,38,100.0,0,54,0
370,30,1983,33,97.1,0,51,1
371,20,1983,52,100.0,0,48,2
372,22,1983,31,86.1,0,43,1
373,23,1983,51,96.2,0,47,1
374,24,1983,42,91.3,0,49,5
375,11,1983,62,98.4,0,51,0
376,26,1983,37,97.4,0,52,2
377,27,1983,49,98.0,0,54,0
378,28,1983,38,97.4,0,49,2
379,31,1983,33,97.1,0,44,0
380,0,1984,56,100.0,0,53,3
381,1,1984,35,94.6,0,52,0
382,2,1984,37,100.0,0,48,0
383,3,1984,31,100.0,0,52,2
384,4,1984,38,92.7,0,50,0
385,5,1984,25,100.0,0,60,0
386,6,1984,38,95.0,0,49,0
387,7,1984,48,94.1,0,52,5
388,8,1984,46,97.9,0,51,1
389,9,1984,35,100.0,0,52,1
390,10,1984,27,96.4,0,54,2
391,12,1984,33,97.1,0,52,1
392,13,1984,66,94.3,0,37,1
393,14,1984,26,96.3,0,52,0
394,15,1984,31,100.0,0,52,0
395,16,1984,32,91.4,0,48,1
396,18,1984,38,97.4,0,52,2
397,19,1984,31,100.0,0,52,1
398,30,1984,27,100.0,0,49,0
399,20,1984,48,98.0,0,51,1
400,22,1984,42,100.0,0,48,0
401,23,1984,40,95.2,0,50,3
402,24,1984,37,97.4,0,50,1
403,11,1984,48,94.1,0,51,1
404,26,1984,34,100.0,0,53,1
405,27,1984,50,98.0,0,50,0
406,28,1984,45,100.0,0,55,1
407,31,1984,30,96.8,0,54,0
408,0,1985,52,98.1,0,45,4
409,1,1985,51,100.0,0,46,0
410,2,1985,48,96.0,0,53,0
411,3,1985,23,100.0,0,49,0
412,4,1985,41,93.2,0,48,1
413,5,1985,35,100.0,0,45,1
414,6,1985,30,93.8,0,53,1
415,7,1985,33,97.1,0,49,0
416,8,1985,53,93.0,0,46,2
417,9,1985,35,100.0,0,58,0
418,10,1985,36,92.3,0,41,1
419,12,1985,42,97.7,0,53,0
420,13,1985,50,96.2,0,49,1
421,14,1985,29,100.0,0,52,0
422,15,1985,29,100.0,0,52,3
423,16,1985,45,95.7,0,52,0
424,18,1985,43,95.6,0,55,1
425,19,1985,31,93.9,0,51,0
426,30,1985,29,93.6,0,52,0
427,20,1985,38,95.0,0,46,3
428,22,1985,40,97.6,0,50,0
429,23,1985,40,95.2,0,51,1
430,24,1985,38,97.4,0,52,0
431,11,1985,31,93.9,0,48,0
432,26,1985,27,93.1,0,55,1
433,27,1985,40,95.2,0,51,0
434,28,1985,40,100.0,0,52,0
435,31,1985,41,95.4,0,49,3
436,0,1986,41,97.6,0,50,2
437,1,1986,36,97.3,0,52,2
438,2,1986,50,98.0,0,51,1
439,3,1986,32,94.1,0,48,1
440,4,1986,44,97.8,0,51,0
441,5,1986,43,97.7,0,52,1
442,6,1986,26,96.3,0,55,1
443,7,1986,23,88.5,0,47,1
444,8,1986,39,95.1,0,50,2
445,9,1986,43,100.0,0,47,1
446,10,1986,26,96.3,0,52,0
447,12,1986,43,100.0,0,50,0
448,13,1986,52,94.6,0,52,1
449,14,1986,26,96.3,0,50,1
450,15,1986,29,96.7,0,49,2
451,16,1986,41,100.0,0,46,1
452,18,1986,44,100.0,0,50,1
453,19,1986,31,96.9,0,52,0
454,30,1986,28,96.6,0,51,0
455,20,1986,29,100.0,0,50,2
456,22,1986,44,97.8,0,49,1
457,23,1986,36,100.0,0,52,2
458,24,1986,34,97.1,0,50,1
459,11,1986,38,84.4,0,57,1
460,26,1986,30,100.0,0,53,0
461,27,1986,42,100.0,0,54,1
462,28,1986,32,100.0,0,45,1
463,31,1986,44,93.6,0,53,2
464,0,1987,55,93.2,0,45,1
465,1,1987,38,95.0,0,52,1
466,2,1987,28,93.3,0,46,4
467,3,1987,32,97.0,0,45,1
468,4,1987,44,100.0,0,51,1
469,5,1987,44,97.8,0,48,1
470,6,1987,31,93.9,0,50,2
471,7,1987,44,95.6,0,48,2
472,8,1987,26,92.9,0,47,1
473,9,1987,30,100.0,0,54,1
474,10,1987,31,100.0,0,50,0
475,12,1987,37,100.0,0,50,1
476,13,1987,44,95.6,0,48,0
477,14,1987,38,95.0,0,49,0
478,15,1987,23,100.0,0,50,1
479,16,1987,28,96.6,0,53,1
480,18,1987,38,100.0,0,42,0
481,19,1987,27,100.0,0,53,1
482,30,1987,37,97.4,0,52,2
483,20,1987,24,92.3,0,48,3
484,22,1987,38,97.4,0,50,0
485,23,1987,34,97.1,0,48,2
486,24,1987,36,94.7,0,48,1
487,11,1987,43,93.5,0,41,1
488,26,1987,43,95.6,0,52,1
489,27,1987,44,100.0,0,49,0
490,28,1987,31,100.0,0,52,1
491,31,1987,40,97.6,0,51,1
492,0,1988,40,97.6,0,52,1
493,1,1988,37,97.4,0,45,0
494,2,1988,56,94.9,0,50,1
495,3,1988,33,100.0,0,49,0
496,4,1988,36,97.3,0,51,0
497,5,1988,32,97.0,0,47,2
498,6,1988,28,100.0,0,53,2
499,7,1988,42,95.4,0,51,0
500,8,1988,27,100.0,0,48,1
501,9,1988,23,100.0,0,51,1
502,10,1988,39,97.5,0,53,1
503,12,1988,32,100.0,0,50,1
504,13,1988,37,94.9,0,51,0
505,14,1988,42,97.7,0,50,1
506,15,1988,25,92.6,0,52,5
507,16,1988,39,95.1,0,50,0
508,18,1988,43,100.0,0,48,2
509,19,1988,22,95.6,0,48,0
510,30,1988,48,96.0,0,52,1
511,20,1988,23,79.3,0,50,2
512,22,1988,25,80.6,0,50,1
513,23,1988,37,94.9,0,50,1
514,24,1988,45,93.8,0,49,2
515,11,1988,40,97.6,0,46,0
516,26,1988,32,97.0,0,51,1
517,27,1988,39,100.0,0,47,1
518,28,1988,34,97.1,0,52,3
519,31,1988,48,98.0,0,49,1
520,0,1989,49,96.1,0,47,2
521,1,1989,43,95.6,0,46,1
522,2,1989,50,96.2,0,47,1
523,3,1989,46,97.9,0,48,0
524,4,1989,39,97.5,0,46,0
525,5,1989,40,100.0,0,50,1
526,6,1989,33,94.3,0,53,1
527,7,1989,28,96.6,0,50,1
528,8,1989,29,96.7,0,53,1
529,9,1989,34,97.1,0,50,2
530,10,1989,31,96.9,0,55,0
531,12,1989,24,96.0,0,47,1
532,13,1989,38,97.4,0,59,1
533,14,1989,40,100.0,0,49,3
534,15,1989,30,100.0,0,54,0
535,16,1989,35,94.6,0,52,0
536,18,1989,29,96.7,0,46,2
537,19,1989,36,100.0,0,50,0
538,30,1989,40,100.0,0,52,1
539,20,1989,42,100.0,0,52,1
540,22,1989,27,90.0,0,52,1
541,23,1989,34,100.0,0,50,1
542,24,1989,51,100.0,0,48,1
543,11,1989,41,100.0,0,48,0
544,26,1989,44,97.8,0,49,1
545,27,1989,27,100.0,0,50,1
546,28,1989,28,100.0,0,49,0
547,31,1989,35,97.2,0,51,1
548,0,1990,39,100.0,0,56,2
549,1,1990,36,97.3,0,52,1
550,2,1990,41,93.2,0,46,0
551,3,1990,50,96.2,0,48,1
552,4,1990,34,94.4,0,49,2
553,5,1990,24,88.9,0,47,1
554,6,1990,27,100.0,0,54,1
555,7,1990,31,100.0,0,50,2
556,8,1990,34,94.4,0,43,0
557,9,1990,37,97.4,0,48,0
558,10,1990,32,97.0,0,55,0
559,12,1990,26,100.0,0,49,0
560,13,1990,37,100.0,0,53,0
561,14,1990,45,93.8,0,53,0
562,15,1990,40,100.0,0,53,0
563,16,1990,38,97.4,0,49,0
564,18,1990,32,100.0,0,47,0
565,19,1990,46,100.0,0,47,0
566,30,1990,46,93.9,0,49,0
567,20,1990,28,96.6,0,53,0
568,22,1990,19,100.0,0,53,0
569,23,1990,40,95.2,0,50,1
570,24,1990,42,97.7,0,46,2
571,11,1990,41,100.0,0,56,1
572,26,1990,29,100.0,0,52,1
573,27,1990,33,97.1,0,51,0
574,28,1990,32,100.0,0,48,0
575,31,1990,38,100.0,0,48,0
576,0,1991,49,98.0,0,50,3
577,1,1991,32,94.1,0,50,0
578,2,1991,27,100.0,0,53,1
579,3,1991,56,96.6,0,52,1
580,4,1991,31,96.9,0,47,3
581,5,1991,33,97.1,0,55,1
582,6,1991,22,100.0,0,49,1
583,7,1991,19,100.0,0,52,1
584,8,1991,31,100.0,0,54,1
585,9,1991,35,100.0,0,48,0
586,10,1991,14,100.0,0,54,1
587,12,1991,37,100.0,0,54,3
588,13,1991,34,97.1,0,53,0
589,14,1991,27,93.1,0,51,2
590,15,1991,40,97.6,0,50,0
591,16,1991,29,96.7,0,54,1
592,18,1991,32,100.0,0,44,0
593,19,1991,40,100.0,0,50,1
594,30,1991,41,91.1,0,52,0
595,20,1991,31,100.0,0,53,0
596,22,1991,19,90.5,0,46,3
597,23,1991,29,96.7,0,53,1
598,24,1991,25,96.2,0,50,0
599,11,1991,56,100.0,0,53,0
600,26,1991,38,100.0,0,60,0
601,27,1991,27,96.4,0,54,0
602,28,1991,31,100.0,0,54,1
603,31,1991,34,97.1,0,50,0
604,0,1992,53,98.2,0,46,0
605,1,1992,34,100.0,0,50,0
606,2,1992,31,100.0,0,48,1
607,3,1992,43,97.7,0,54,2
608,4,1992,28,100.0,0,46,3
609,5,1992,29,96.7,0,51,0
610,6,1992,33,100.0,0,47,0
611,7,1992,28,96.6,0,49,1
612,8,1992,35,100.0,0,50,2
613,9,1992,39,100.0,0,52,0
614,10,1992,24,100.0,0,52,0
615,12,1992,47,97.9,0,53,1
616,13,1992,34,94.4,0,53,0
617,14,1992,40,90.9,0,50,3
618,15,1992,39,100.0,0,54,1
619,16,1992,36,100.0,0,47,0
620,18,1992,23,100.0,0,47,2
621,19,1992,30,100.0,0,52,1
622,30,1992,41,100.0,0,54,0
623,20,1992,30,100.0,0,53,0
624,22,1992,22,91.7,0,44,1
625,23,1992,28,100.0,0,54,3
626,24,1992,38,100.0,0,49,1
627,11,1992,30,100.0,0,53,0
628,26,1992,33,97.1,0,52,0
629,27,1992,14,100.0,0,43,0
630,28,1992,29,93.6,0,49,3
631,31,1992,45,100.0,0,52,1
632,0,1993,59,96.7,0,46,3
633,1,1993,21,95.4,0,55,0
634,2,1993,13,81.2,0,53,0
635,3,1993,36,97.3,0,59,0
636,4,1993,41,97.6,0,54,1
637,5,1993,36,100.0,0,53,0
638,6,1993,27,100.0,0,57,0
639,7,1993,37,100.0,0,55,2
640,8,1993,31,93.9,0,51,3
641,9,1993,37,100.0,0,52,2
642,10,1993,15,93.8,0,53,0
643,12,1993,40,97.6,0,52,0
644,13,1993,37,100.0,0,52,2
645,14,1993,31,88.6,0,48,0
646,15,1993,34,100.0,0,54,0
647,16,1993,28,96.6,0,54,2
648,18,1993,31,100.0,0,45,1
649,19,1993,28,100.0,0,53,1
650,30,1993,39,97.5,0,52,0
651,20,1993,35,100.0,0,54,0
652,22,1993,25,100.0,0,40,2
653,23,1993,27,93.1,0,53,1
654,24,1993,23,92.0,0,54,2
655,11,1993,24,92.3,0,51,0
656,26,1993,33,100.0,0,56,0
657,27,1993,29,100.0,0,55,0
658,28,1993,32,100.0,0,46,0
659,31,1993,27,96.4,0,51,0
660,0,1994,60,96.8,0,48,0
661,1,1994,24,100.0,0,52,1
662,2,1994,24,96.0,2,54,0
663,3,1994,38,100.0,0,52,1
664,4,1994,29,100.0,0,54,1
665,5,1994,32,100.0,3,45,0
666,6,1994,20,100.0,1,53,1
667,7,1994,21,100.0,1,51,0
668,8,1994,33,100.0,2,50,0
669,9,1994,30,100.0,1,49,1
670,10,1994,37,100.0,0,50,3
671,12,1994,48,100.0,0,47,2
672,13,1994,35,100.0,3,50,0
673,14,1994,33,100.0,0,42,0
674,15,1994,32,100.0,0,50,1
675,16,1994,27,96.4,1,52,1
676,18,1994,26,96.3,0,49,0
677,19,1994,39,97.5,0,49,2
678,30,1994,18,100.0,0,50,0
679,20,1994,41,95.4,0,50,1
680,22,1994,36,100.0,0,48,0
681,23,1994,31,100.0,1,51,1
682,24,1994,28,100.0,2,47,2
683,11,1994,30,93.8,1,54,1
684,26,1994,32,100.0,0,48,3
685,27,1994,25,96.2,3,50,0
686,28,1994,32,100.0,0,50,0
687,31,1994,30,100.0,1,51,0
688,0,1995,51,94.4,1,51,1
689,1,1995,45,100.0,0,47,1
690,2,1995,34,100.0,1,51,1
691,3,1995,33,94.3,0,51,0
692,4,1995,39,100.0,1,56,0
693,5,1995,26,100.0,1,47,0
694,6,1995,25,100.0,0,53,1
695,7,1995,19,100.0,0,55,1
696,8,1995,32,97.0,0,45,0
697,9,1995,34,91.9,0,49,0
698,10,1995,34,100.0,0,52,2
699,12,1995,46,95.8,0,45,0
700,13,1995,37,100.0,0,51,2
701,14,1995,32,97.0,0,43,1
702,15,1995,29,96.7,0,59,2
703,16,1995,28,100.0,1,51,3
704,17,1995,27,96.4,0,53,2
705,18,1995,24,100.0,0,50,0
706,19,1995,48,100.0,0,56,3
707,30,1995,33,100.0,2,53,0
708,20,1995,48,100.0,0,51,0
709,21,1995,27,96.4,0,52,2
710,22,1995,27,100.0,1,55,1
711,23,1995,39,97.5,0,46,0
712,24,1995,30,96.8,0,51,1
713,11,1995,33,100.0,0,52,0
714,26,1995,27,93.1,0,51,0
715,27,1995,40,100.0,0,49,1
716,28,1995,39,100.0,1,50,0
717,31,1995,44,100.0,1,51,0
718,0,1996,40,100.0,1,49,0
719,1,1996,26,100.0,0,49,0
720,2,1996,41,100.0,1,49,1
721,3,1996,33,100.0,1,48,0
722,4,1996,46,100.0,0,51,0
723,6,1996,18,94.7,0,50,0
724,7,1996,29,93.6,1,49,2
725,8,1996,31,100.0,0,53,1
726,9,1996,34,100.0,0,45,2
727,10,1996,27,100.0,0,52,1
728,12,1996,24,96.0,0,52,1
729,13,1996,35,97.2,0,44,0
730,14,1996,40,100.0,0,46,1
731,15,1996,31,100.0,0,54,1
732,16,1996,22,100.0,0,46,0
733,17,1996,27,100.0,2,53,0
734,18,1996,26,96.3,0,46,0
735,19,1996,36,100.0,0,51,1
736,30,1996,35,100.0,0,56,1
737,20,1996,51,96.2,0,53,0
738,21,1996,34,97.1,1,53,0
739,22,1996,39,92.9,0,50,1
740,23,1996,36,100.0,0,47,1
741,24,1996,30,96.8,2,50,0
742,25,1996,34,97.1,2,50,0
743,11,1996,40,100.0,0,53,1
744,26,1996,18,100.0,2,54,1
745,27,1996,27,100.0,4,54,0
746,28,1996,37,100.0,0,49,3
747,31,1996,30,100.0,0,44,1
748,0,1997,38,100.0,1,51,2
749,1,1997,20,100.0,2,52,1
750,2,1997,41,95.4,0,46,1
751,3,1997,21,100.0,0,55,1
752,4,1997,50,100.0,3,53,2
753,6,1997,32,91.4,0,54,0
754,7,1997,28,96.6,1,49,0
755,8,1997,26,96.3,0,45,3
756,9,1997,35,97.2,0,54,0
757,10,1997,21,100.0,0,50,0
758,12,1997,24,100.0,0,53,1
759,13,1997,33,100.0,0,50,1
760,14,1997,33,100.0,0,49,0
761,15,1997,35,100.0,0,55,0
762,16,1997,27,93.1,0,52,0
763,17,1997,41,100.0,0,52,0
764,18,1997,36,100.0,0,55,1
765,19,1997,39,97.5,0,55,0
766,30,1997,32,100.0,1,52,0
767,20,1997,48,100.0,0,50,2
768,21,1997,25,100.0,1,54,1
769,22,1997,40,100.0,0,52,0
770,23,1997,33,94.3,0,53,2
771,24,1997,32,100.0,0,52,1
772,25,1997,32,100.0,0,49,2
773,11,1997,39,100.0,0,50,0
774,26,1997,22,100.0,0,53,1
775,27,1997,37,100.0,1,52,1
776,28,1997,40,100.0,0,52,1
777,31,1997,33,97.1,3,49,0
778,0,1998,49,96.1,0,46,1
779,1,1998,27,96.4,0,52,0
780,2,1998,21,100.0,1,51,1
781,3,1998,41,100.0,0,52,0
782,4,1998,58,98.3,0,63,1
783,6,1998,29,96.7,0,52,1
784,7,1998,36,100.0,0,53,2
785,8,1998,19,100.0,1,54,0
786,9,1998,34,100.0,0,53,0
787,10,1998,23,100.0,1,53,1
788,12,1998,40,100.0,0,54,0
789,13,1998,33,97.1,0,48,0
790,14,1998,15,88.2,0,50,1
791,15,1998,51,98.1,1,53,2
792,16,1998,32,100.0,0,51,1
793,17,1998,45,100.0,0,47,1
794,18,1998,45,97.8,0,54,3
795,19,1998,27,93.1,0,51,0
796,30,1998,28,100.0,1,48,1
797,20,1998,41,95.4,0,45,0
798,21,1998,35,94.6,1,56,1
799,22,1998,32,100.0,1,55,1
800,23,1998,31,100.0,0,51,0
801,24,1998,25,96.2,3,57,0
802,25,1998,24,100.0,0,48,1
803,11,1998,36,97.3,0,54,1
804,26,1998,31,100.0,0,56,1
805,27,1998,41,100.0,1,51,0
806,28,1998,23,100.0,0,49,2
807,31,1998,59,100.0,1,53,0
808,0,1999,30,96.8,0,52,1
809,1,1999,27,96.4,1,52,0
810,2,1999,27,100.0,0,50,2
811,3,1999,33,100.0,1,52,0
812,4,1999,29,100.0,1,55,1
813,5,1999,23,95.8,1,49,0
814,6,1999,25,100.0,0,53,2
815,7,1999,26,100.0,0,49,1
816,8,1999,22,95.6,0,50,1
817,9,1999,45,100.0,0,51,0
818,10,1999,43,100.0,0,53,2
819,12,1999,41,100.0,0,47,0
820,13,1999,27,100.0,0,54,1
821,14,1999,27,100.0,1,53,1
822,15,1999,34,100.0,0,49,1
823,16,1999,28,100.0,2,48,0
824,17,1999,37,100.0,1,50,1
825,18,1999,27,93.1,0,48,0
826,19,1999,28,96.6,0,52,0
827,20,1999,38,100.0,0,50,3
828,21,1999,46,97.9,0,52,0
829,22,1999,29,96.7,0,51,0
830,23,1999,43,100.0,0,52,0
831,24,1999,64,100.0,1,51,0
832,25,1999,32,100.0,1,50,1
833,11,1999,49,98.0,1,51,2
834,26,1999,20,95.2,0,52,0
835,27,1999,32,100.0,0,51,0
836,28,1999,30,96.8,0,51,1
837,30,1999,43,100.0,0,50,0
838,31,1999,46,100.0,0,44,3
839,0,2000,43,95.6,1,47,1
840,1,2000,21,100.0,0,54,0
841,2,2000,21,100.0,0,45,2
842,3,2000,31,100.0,1,48,4
843,4,2000,53,100.0,1,51,0
844,5,2000,17,100.0,0,45,0
845,6,2000,42,100.0,1,55,1
846,7,2000,18,94.7,0,54,0
847,8,2000,27,100.0,0,54,2
848,9,2000,40,100.0,0,42,1
849,10,2000,46,100.0,1,48,1
850,12,2000,27,100.0,0,48,1
851,13,2000,33,97.1,0,49,0
852,14,2000,34,94.4,0,51,0
853,15,2000,23,100.0,1,51,0
854,16,2000,37,100.0,0,46,3
855,17,2000,38,100.0,0,51,1
856,18,2000,32,100.0,0,51,1
857,19,2000,29,100.0,3,54,2
858,20,2000,32,100.0,0,52,1
859,21,2000,29,100.0,1,52,1
860,22,2000,25,100.0,1,53,0
861,23,2000,56,100.0,1,54,0
862,24,2000,58,100.0,2,51,0
863,25,2000,30,100.0,1,51,1
864,11,2000,27,93.1,0,50,1
865,26,2000,37,100.0,1,48,2
866,27,2000,33,100.0,0,52,0
867,28,2000,32,97.0,1,52,0
868,30,2000,37,97.4,0,50,0
869,31,2000,45,100.0,0,49,1
870,0,2001,47,100.0,0,52,4
871,1,2001,34,100.0,1,48,0
872,2,2001,23,95.8,0,52,0
873,3,2001,23,95.8,0,49,2
874,4,2001,31,100.0,1,50,1
875,5,2001,29,96.7,1,48,0
876,6,2001,30,100.0,1,49,0
877,7,2001,32,100.0,1,50,0
878,8,2001,32,100.0,0,51,0
879,9,2001,27,96.4,1,51,0
880,10,2001,41,97.6,1,52,2
881,12,2001,24,100.0,0,46,3
882,13,2001,39,97.5,1,46,0
883,14,2001,37,97.4,0,50,0
884,15,2001,28,100.0,0,55,1
885,16,2001,29,96.7,2,51,0
886,17,2001,30,93.8,0,48,1
887,18,2001,32,100.0,0,53,1
888,19,2001,23,100.0,1,54,1
889,20,2001,44,97.8,0,54,1
890,21,2001,22,95.6,0,52,0
891,22,2001,41,97.6,0,54,0
892,23,2001,43,97.7,1,52,1
893,24,2001,58,100.0,1,54,0
894,25,2001,25,100.0,0,49,0
895,11,2001,22,100.0,1,55,0
896,26,2001,32,100.0,0,50,2
897,27,2001,33,100.0,0,54,0
898,28,2001,34,91.9,0,55,0
899,30,2001,34,97.1,0,51,0
900,31,2001,29,96.7,2,44,0
901,0,2002,39,100.0,1,47,1
902,1,2002,29,100.0,0,53,1
903,2,2002,30,93.8,0,54,0
904,3,2002,40,100.0,0,54,1
905,4,2002,42,97.7,0,55,1
906,5,2002,34,97.1,1,52,1
907,6,2002,32,100.0,0,53,2
908,7,2002,29,100.0,0,50,0
909,8,2002,35,97.2,0,53,3
910,9,2002,54,100.0,1,50,0
911,10,2002,34,100.0,1,54,1
912,12,2002,25,100.0,0,48,0
913,13,2002,42,97.7,0,53,0
914,14,2002,43,100.0,1,51,0
915,15,2002,42,97.7,0,52,2
916,16,2002,30,93.8,0,47,1
917,17,2002,33,100.0,1,43,0
918,18,2002,35,94.6,1,46,4
919,19,2002,31,100.0,0,49,0
920,20,2002,44,100.0,0,49,1
921,21,2002,29,100.0,1,50,2
922,22,2002,36,100.0,1,57,0
923,23,2002,50,100.0,0,51,2
924,24,2002,37,100.0,0,47,0
925,25,2002,33,100.0,1,51,1
926,11,2002,33,97.1,0,53,2
927,26,2002,37,100.0,2,48,0
928,27,2002,38,100.0,1,52,0
929,28,2002,35,94.6,0,50,2
930,29,2002,20,100.0,0,51,2
931,30,2002,36,100.0,2,53,0
932,31,2002,41,93.2,1,53,3
933,0,2003,38,92.7,0,48,2
934,1,2003,27,100.0,2,54,2
935,2,2003,40,100.0,0,48,0
936,3,2003,24,100.0,0,44,0
937,4,2003,41,100.0,1,51,0
938,5,2003,23,95.8,0,52,0
939,6,2003,33,97.1,0,50,5
940,7,2003,19,95.0,1,53,0
941,8,2003,36,100.0,0,51,2
942,9,2003,58,98.3,0,49,1
943,10,2003,46,100.0,0,50,0
944,12,2003,30,96.8,0,52,0
945,13,2003,33,97.1,0,52,1
946,14,2003,42,100.0,0,57,1
947,15,2003,32,97.0,0,46,1
948,16,2003,23,100.0,2,47,1
949,17,2003,30,100.0,0,53,3
950,18,2003,24,100.0,0,48,1
951,19,2003,26,96.3,0,54,0
952,20,2003,51,100.0,0,50,0
953,21,2003,29,96.7,0,53,0
954,22,2003,37,97.4,0,48,1
955,23,2003,28,96.6,0,55,1
956,24,2003,46,100.0,0,53,0
957,25,2003,35,100.0,0,56,0
958,11,2003,26,96.3,0,54,1
959,26,2003,36,97.3,0,50,1
960,27,2003,48,100.0,0,58,1
961,28,2003,31,96.9,1,51,0
962,29,2003,27,100.0,0,50,0
963,30,2003,43,97.7,2,50,0
964,31,2003,48,100.0,0,51,0
965,0,2004,23,100.0,1,51,0
966,1,2004,22,100.0,1,53,1
967,2,2004,41,100.0,0,53,0
968,3,2004,45,100.0,0,43,0
969,4,2004,42,100.0,0,52,1
970,5,2004,28,100.0,0,50,0
971,6,2004,32,97.0,0,53,1
972,7,2004,28,100.0,1,55,0
973,8,2004,54,98.2,0,53,0
974,9,2004,58,96.7,0,50,1
975,10,2004,64,98.5,1,47,0
976,12,2004,31,100.0,0,49,0
977,13,2004,26,96.3,0,51,0
978,14,2004,41,97.6,0,51,0
979,15,2004,40,100.0,0,47,0
980,16,2004,33,100.0,0,53,2
981,17,2004,21,100.0,0,53,0
982,18,2004,33,97.1,0,53,1
983,19,2004,28,100.0,0,48,0
984,20,2004,48,100.0,0,53,0
985,21,2004,39,97.5,0,54,2
986,22,2004,48,100.0,1,48,0
987,23,2004,31,96.9,0,52,0
988,24,2004,32,100.0,3,53,0
989,25,2004,30,100.0,0,50,1
990,11,2004,25,100.0,0,49,0
991,26,2004,38,100.0,0,53,1
992,27,2004,40,100.0,0,54,0
993,28,2004,40,100.0,0,51,0
994,29,2004,34,100.0,1,50,2
995,30,2004,39,100.0,1,50,4
996,31,2004,45,100.0,1,48,0
997,0,2005,21,100.0,0,56,0
998,1,2005,26,96.3,0,48,0
999,2,2005,47,100.0,0,49,0
1000,3,2005,26,100.0,0,53,0
1001,4,2005,43,97.7,0,51,1
1002,5,2005,19,90.5,0,44,0
1003,6,2005,32,100.0,1,50,1
1004,7,2005,20,100.0,2,54,0
1005,8,2005,49,100.0,0,49,1
1006,9,2005,44,97.8,0,52,1
1007,10,2005,52,100.0,0,48,1
1008,12,2005,35,97.2,0,56,2
1009,13,2005,33,100.0,0,53,0
1010,14,2005,32,97.0,0,50,1
1011,15,2005,35,100.0,0,58,1
1012,16,2005,43,100.0,1,52,1
1013,17,2005,38,97.4,1,53,0
1014,18,2005,24,100.0,0,49,1
1015,19,2005,27,96.4,0,52,1
1016,20,2005,30,96.8,0,53,1
1017,21,2005,43,97.7,0,52,1
1018,22,2005,41,97.6,1,49,0
1019,23,2005,30,100.0,1,49,1
1020,24,2005,36,100.0,1,53,0
1021,25,2005,23,100.0,1,49,0
1022,11,2005,42,100.0,0,45,2
1023,26,2005,22,100.0,0,49,2
1024,27,2005,56,98.2,0,55,1
1025,28,2005,45,100.0,0,44,2
1026,29,2005,24,100.0,0,53,1
1027,30,2005,30,93.8,0,53,0
1028,31,2005,31,100.0,0,56,3
1029,0,2006,29,100.0,0,51,1
1030,1,2006,47,100.0,0,49,1
1031,2,2006,40,95.2,0,51,0
1032,3,2006,33,100.0,0,53,0
1033,4,2006,34,100.0,0,51,0
1034,5,2006,24,100.0,0,51,1
1035,6,2006,22,95.6,0,62,0
1036,7,2006,32,100.0,0,50,0
1037,8,2006,58,100.0,0,54,0
1038,9,2006,35,97.2,0,53,1
1039,10,2006,47,97.9,0,48,0
1040,12,2006,49,100.0,1,50,1
1041,13,2006,22,100.0,0,52,2
1042,14,2006,48,100.0,0,47,0
1043,15,2006,31,100.0,0,51,4
1044,16,2006,38,100.0,0,47,0
1045,17,2006,41,100.0,0,48,0
1046,18,2006,34,97.1,0,54,0
1047,19,2006,30,100.0,0,53,0
1048,20,2006,31,96.9,0,54,2
1049,21,2006,28,100.0,0,54,0
1050,22,2006,43,97.7,0,52,2
1051,23,2006,16,100.0,0,55,0
1052,24,2006,35,100.0,0,53,0
1053,25,2006,37,100.0,0,52,0
1054,11,2006,31,100.0,0,52,0
1055,26,2006,46,97.9,0,51,0
1056,27,2006,36,100.0,0,54,3
1057,28,2006,38,100.0,0,50,2
1058,29,2006,26,96.3,1,49,0
1059,30,2006,32,100.0,2,60,1
1060,31,2006,27,96.4,0,49,1
1061,1,2007,33,100.0,0,49,2
1062,2,2007,37,97.4,1,48,0
1063,3,2007,24,100.0,1,52,0
1064,4,2007,33,100.0,0,50,0
1065,5,2007,42,97.7,0,51,2
1066,6,2007,34,100.0,0,49,0
1067,7,2007,47,97.9,0,52,1
1068,8,2007,46,100.0,0,51,1
1069,9,2007,21,100.0,1,49,1
1070,10,2007,49,96.1,1,39,1
1071,12,2007,53,100.0,0,53,1
1072,13,2007,26,100.0,1,53,0
1073,14,2007,36,100.0,0,53,0
1074,15,2007,25,100.0,0,47,1
1075,16,2007,40,95.2,0,48,0
1076,17,2007,46,95.8,1,48,0
1077,18,2007,23,95.8,0,50,0
1078,19,2007,35,97.2,0,53,2
1079,0,2007,22,100.0,0,50,0
1080,20,2007,48,100.0,0,53,1
1081,21,2007,27,100.0,0,53,0
1082,22,2007,74,100.0,1,45,0
1083,23,2007,28,100.0,0,54,1
1084,24,2007,25,100.0,0,53,0
1085,25,2007,26,100.0,0,49,1
1086,11,2007,29,96.7,0,50,0
1087,26,2007,42,100.0,4,55,1
1088,27,2007,43,100.0,0,54,1
1089,28,2007,44,100.0,0,49,0
1090,29,2007,40,100.0,2,57,1
1091,30,2007,28,100.0,0,56,0
1092,31,2007,39,97.5,3,55,1
1093,1,2008,41,100.0,0,48,2
1094,2,2008,18,100.0,0,45,0
1095,3,2008,34,100.0,0,53,1
1096,4,2008,39,97.5,1,56,0
1097,5,2008,18,100.0,0,56,0
1098,6,2008,35,97.2,0,49,0
1099,7,2008,44,100.0,1,54,1
1100,8,2008,46,100.0,0,57,1
1101,9,2008,31,100.0,0,45,0
1102,10,2008,43,100.0,1,52,1
1103,12,2008,42,100.0,0,52,0
1104,13,2008,40,100.0,0,50,1
1105,14,2008,45,100.0,0,51,3
1106,15,2008,42,100.0,0,50,0
1107,16,2008,41,100.0,0,51,2
1108,17,2008,33,100.0,0,53,1
1109,18,2008,41,100.0,1,55,0
1110,19,2008,25,96.2,0,56,1
1111,0,2008,34,100.0,0,53,0
1112,20,2008,46,100.0,0,53,2
1113,21,2008,46,100.0,1,50,0
1114,22,2008,40,100.0,0,50,0
1115,23,2008,25,96.2,0,57,0
1116,24,2008,19,100.0,0,54,0
1117,25,2008,41,100.0,0,54,1
1118,11,2008,25,100.0,0,50,1
1119,26,2008,53,98.2,0,53,1
1120,27,2008,30,100.0,0,51,0
1121,28,2008,36,97.3,0,53,0
1122,29,2008,37,100.0,0,53,1
1123,30,2008,40,100.0,0,51,0
1124,31,2008,40,100.0,0,54,2
1125,1,2009,33,100.0,0,52,2
1126,2,2009,28,96.6,1,53,2
1127,3,2009,24,100.0,0,56,0
1128,4,2009,32,100.0,0,51,0
1129,5,2009,22,95.6,1,49,0
1130,6,2009,24,100.0,1,54,1
1131,7,2009,45,97.8,0,48,0
1132,8,2009,50,98.0,0,55,0
1133,9,2009,29,100.0,0,53,1
1134,10,2009,50,98.0,0,48,0
1135,12,2009,41,100.0,1,51,0
1136,13,2009,37,97.4,1,52,0
1137,14,2009,43,95.6,0,52,1
1138,15,2009,42,97.7,0,51,2
1139,16,2009,45,100.0,0,52,0
1140,17,2009,30,96.8,1,52,1
1141,18,2009,32,100.0,0,55,1
1142,19,2009,25,100.0,0,50,0
1143,0,2009,39,100.0,0,51,1
1144,20,2009,48,98.0,0,52,0
1145,21,2009,31,96.9,1,50,2
1146,22,2009,47,100.0,0,53,0
1147,23,2009,17,100.0,0,61,0
1148,24,2009,16,100.0,0,55,1
1149,25,2009,46,97.9,0,46,0
1150,11,2009,26,92.9,0,48,0
1151,26,2009,60,95.2,0,46,1
1152,27,2009,28,100.0,0,47,0
1153,28,2009,41,100.0,0,46,0
1154,29,2009,43,97.7,0,56,3
1155,30,2009,37,100.0,1,53,1
1156,31,2009,54,98.2,0,52,1
1157,1,2010,35,100.0,0,54,1
1158,2,2010,30,93.8,2,54,1
1159,3,2010,31,96.9,0,51,0
1160,4,2010,38,97.4,0,59,0
1161,5,2010,28,100.0,0,48,0
1162,6,2010,36,100.0,1,53,2
1163,7,2010,29,100.0,0,55,0
1164,8,2010,48,100.0,1,50,1
1165,9,2010,42,100.0,0,53,1
1166,10,2010,51,100.0,0,48,1
1167,12,2010,42,95.4,2,53,0
1168,13,2010,25,100.0,0,60,2
1169,14,2010,47,100.0,0,50,1
1170,15,2010,44,100.0,2,51,1
1171,16,2010,47,100.0,1,53,0
1172,17,2010,41,100.0,0,59,1
1173,18,2010,37,100.0,0,56,1
1174,19,2010,35,97.2,0,55,0
1175,0,2010,33,100.0,0,51,1
1176,20,2010,46,100.0,0,56,2
1177,21,2010,17,100.0,0,55,0
1178,22,2010,62,96.9,0,43,0
1179,23,2010,43,100.0,0,59,0
1180,24,2010,26,96.3,0,53,2
1181,25,2010,39,100.0,0,49,0
1182,11,2010,28,100.0,0,49,1
1183,26,2010,43,100.0,0,52,0
1184,27,2010,31,100.0,0,51,0
1185,28,2010,38,100.0,2,53,0
1186,29,2010,43,100.0,0,57,0
1187,30,2010,38,100.0,0,55,0
1188,31,2010,30,96.8,0,48,0
1189,1,2011,37,100.0,1,57,0
1190,2,2011,33,97.1,0,49,1
1191,3,2011,41,100.0,1,56,1
1192,4,2011,30,100.0,3,59,1
1193,5,2011,20,100.0,0,54,2
1194,6,2011,23,100.0,0,55,0
1195,7,2011,33,100.0,0,51,0
1196,8,2011,44,97.8,0,53,0
1197,9,2011,20,100.0,0,54,2
1198,10,2011,24,100.0,0,53,1
1199,12,2011,39,100.0,0,51,1
1200,13,2011,32,100.0,0,58,1
1201,14,2011,46,100.0,0,51,0
1202,15,2011,45,100.0,0,51,0
1203,16,2011,43,100.0,4,50,2
1204,17,2011,24,100.0,0,55,0
1205,18,2011,44,100.0,0,51,0
1206,19,2011,54,100.0,0,51,1
1207,0,2011,34,100.0,0,55,3
1208,20,2011,68,98.6,0,58,0
1209,21,2011,44,97.8,0,45,2
1210,22,2011,59,100.0,2,50,0
1211,23,2011,36,100.0,0,63,2
1212,24,2011,18,100.0,0,49,1
1213,25,2011,40,100.0,1,51,0
1214,11,2011,25,96.2,0,59,5
1215,26,2011,63,100.0,0,53,0
1216,27,2011,34,100.0,0,52,2
1217,28,2011,36,100.0,0,51,1
1218,29,2011,39,97.5,0,54,0
1219,30,2011,34,100.0,0,53,0
1220,31,2011,38,97.4,0,53,1
1221,1,2012,40,100.0,1,54,3
1222,2,2012,43,100.0,0,55,0
1223,3,2012,39,100.0,0,50,0
1224,4,2012,55,100.0,0,53,0
1225,5,2012,29,100.0,0,53,1
1226,6,2012,39,100.0,0,57,1
1227,7,2012,25,100.0,0,61,1
1228,8,2012,39,100.0,0,51,0
1229,9,2012,17,100.0,0,52,0
1230,10,2012,37,100.0,1,53,2
1231,12,2012,37,100.0,1,51,0
1232,13,2012,29,100.0,0,53,1
1233,14,2012,25,96.2,0,49,0
1234,15,2012,44,100.0,0,55,0
1235,16,2012,46,100.0,1,50,1
1236,17,2012,18,94.7,1,50,0
1237,18,2012,30,100.0,0,54,3
1238,19,2012,38,100.0,0,53,0
1239,0,2012,44,100.0,0,63,3
1240,20,2012,50,100.0,0,54,0
1241,21,2012,43,97.7,0,51,1
1242,22,2012,66,100.0,0,53,0
1243,23,2012,25,100.0,0,57,0
1244,24,2012,26,100.0,1,60,0
1245,25,2012,42,100.0,0,56,0
1246,11,2012,50,98.0,1,50,0
1247,26,2012,57,100.0,1,53,0
1248,27,2012,46,95.8,0,52,1
1249,28,2012,34,100.0,0,52,0
1250,29,2012,45,100.0,0,51,1
1251,30,2012,35,100.0,0,53,1
1252,31,2012,36,100.0,1,56,1
1253,1,2013,45,97.8,5,58,0
1254,2,2013,52,98.1,0,54,0
1255,3,2013,32,100.0,2,55,0
1256,4,2013,75,100.0,0,64,0
1257,5,2013,33,100.0,1,51,1
1258,6,2013,31,100.0,0,54,0
1259,7,2013,37,100.0,1,52,1
1260,8,2013,42,100.0,0,50,2
1261,9,2013,52,100.0,0,51,1
1262,10,2013,34,100.0,4,52,1
1263,12,2013,47,100.0,1,53,0
1264,13,2013,33,100.0,0,54,1
1265,14,2013,45,100.0,3,51,0
1266,15,2013,39,100.0,1,53,0
1267,16,2013,31,100.0,1,52,0
1268,17,2013,22,95.6,0,55,1
1269,18,2013,27,100.0,0,54,0
1270,19,2013,42,97.7,2,53,2
1271,0,2013,44,100.0,0,56,0
1272,20,2013,42,100.0,0,57,0
1273,21,2013,42,100.0,0,55,1
1274,22,2013,44,100.0,2,54,0
1275,23,2013,37,100.0,0,53,0
1276,24,2013,34,100.0,3,54,0
1277,25,2013,26,100.0,3,61,0
1278,11,2013,33,100.0,2,50,2
1279,26,2013,48,100.0,0,55,1
1280,27,2013,44,100.0,0,53,1
1281,28,2013,39,100.0,1,48,0
1282,29,2013,26,100.0,1,51,1
1283,30,2013,41,100.0,0,55,0
1284,31,2013,43,97.7,0,54,0
1285,1,2014,33,94.3,5,48,0
1286,2,2014,39,100.0,1,49,1
1287,3,2014,31,96.9,2,58,1
1288,4,2014,56,100.0,2,50,0
1289,5,2014,30,100.0,0,52,1
1290,6,2014,31,100.0,0,55,2
1291,7,2014,27,100.0,2,51,0
1292,8,2014,40,100.0,0,52,1
1293,9,2014,38,100.0,0,53,0
1294,10,2014,50,100.0,0,53,0
1295,12,2014,56,100.0,0,56,1
1296,13,2014,41,100.0,1,53,2
1297,14,2014,54,100.0,0,54,0
1298,15,2014,40,100.0,1,54,1
1299,16,2014,44,100.0,0,53,1
1300,17,2014,23,100.0,1,53,3
1301,18,2014,23,100.0,0,55,2
1302,19,2014,32,100.0,1,52,2
1303,0,2014,33,100.0,0,55,1
1304,20,2014,53,96.4,1,55,3
1305,21,2014,34,100.0,1,53,1
1306,22,2014,51,100.0,0,53,0
1307,23,2014,28,100.0,0,57,0
1308,24,2014,34,97.1,1,56,1
1309,25,2014,42,100.0,1,55,1
1310,11,2014,31,96.9,0,49,0
1311,26,2014,46,97.9,0,50,0
1312,27,2014,41,100.0,0,58,2
1313,28,2014,45,100.0,4,53,0
1314,29,2014,40,100.0,0,55,2
1315,30,2014,27,100.0,0,51,0
1316,31,2014,29,100.0,4,55,2
1317,1,2015,28,96.6,2,55,0
1318,2,2015,48,98.0,1,52,1
1319,3,2015,34,85.0,2,52,0
1320,4,2015,35,97.2,0,57,0
1321,5,2015,22,91.7,2,47,4
1322,6,2015,31,91.2,1,58,0
1323,7,2015,53,91.4,0,47,0
1324,8,2015,28,87.5,2,54,0
1325,9,2015,39,95.1,2,53,1
1326,10,2015,32,91.4,1,55,0
1327,12,2015,25,100.0,1,54,0
1328,13,2015,33,91.7,2,53,0
1329,14,2015,42,95.4,0,53,0
1330,15,2015,34,100.0,1,54,1
1331,16,2015,44,97.8,1,53,0
1332,17,2015,32,82.0,1,58,1
1333,18,2015,42,97.7,0,55,0
1334,19,2015,36,92.3,0,59,0
1335,0,2015,20,95.2,1,54,2
1336,20,2015,36,100.0,4,56,1
1337,21,2015,56,94.9,0,52,4
1338,22,2015,52,100.0,0,57,0
1339,23,2015,38,97.4,1,56,1
1340,24,2015,27,93.1,1,61,3
1341,25,2015,29,100.0,1,52,0
1342,11,2015,40,97.6,2,54,1
1343,26,2015,44,95.6,1,57,2
1344,27,2015,40,90.9,1,54,1
1345,28,2015,32,94.1,8,51,0
1346,29,2015,32,88.9,2,51,0
1347,30,2015,29,93.6,3,51,0
1348,31,2015,33,89.2,1,54,1
1349,0,2016,33,97.1,2,53,0
1350,1,2016,31,96.9,0,54,1
1351,2,2016,29,82.9,0,47,0
1352,3,2016,40,88.9,4,54,0
1353,4,2016,32,97.0,1,55,0
1354,5,2016,23,92.0,2,51,0
1355,6,2016,32,94.1,4,43,1
1356,7,2016,43,91.5,1,60,1
1357,8,2016,42,91.3,0,47,1
1358,9,2016,36,92.3,2,54,0
1359,10,2016,44,100.0,2,54,0
1360,12,2016,46,100.0,0,56,0
1361,13,2016,41,97.6,1,55,2
1362,14,2016,30,96.8,4,55,1
1363,15,2016,56,98.2,2,59,1
1364,16,2016,31,88.6,0,48,0
1365,17,2016,29,90.6,2,56,2
1366,18,2016,24,92.3,1,51,3
1367,19,2016,31,93.9,1,58,0
1368,20,2016,44,93.6,2,53,1
1369,21,2016,31,91.2,3,54,0
1370,22,2016,46,93.9,1,53,0
1371,23,2016,37,94.9,5,56,0
1372,24,2016,23,100.0,0,54,0
1373,25,2016,27,100.0,4,57,1
1374,11,2016,36,92.3,0,53,0
1375,26,2016,49,98.0,2,57,2
1376,27,2016,29,82.9,1,53,1
1377,28,2016,37,100.0,3,49,1
1378,29,2016,22,88.0,0,53,0
1379,30,2016,39,95.1,0,53,0
1380,31,2016,26,78.8,1,51,1
1381,0,2017,28,93.3,0,52,1
1382,1,2017,26,92.9,1,55,1
1383,2,2017,32,94.1,0,51,1
1384,3,2017,29,100.0,0,56,0
1385,4,2017,27,100.0,2,53,2
1386,5,2017,25,96.2,1,54,0
1387,6,2017,28,90.3,2,50,0
1388,7,2017,23,88.5,1,57,2
1389,8,2017,37,88.1,0,50,3
1390,9,2017,40,100.0,0,53,0
1391,10,2017,22,91.7,0,54,1
1392,12,2017,36,92.3,0,56,0
1393,13,2017,26,89.7,1,54,0
1394,14,2017,40,90.9,6,61,0
1395,15,2017,35,100.0,0,57,2
1396,16,2017,20,87.0,1,52,2
1397,17,2017,37,90.2,3,56,0
1398,18,2017,29,100.0,1,57,1
1399,19,2017,40,97.6,2,58,0
1400,20,2017,33,94.3,1,50,1
1401,21,2017,34,91.9,1,48,0
1402,22,2017,45,95.7,2,62,0
1403,23,2017,33,97.1,2,53,1
1404,24,2017,48,94.1,0,56,0
1405,25,2017,39,100.0,1,57,1
1406,11,2017,36,92.3,0,55,1
1407,26,2017,47,94.0,1,53,0
1408,27,2017,37,97.4,2,49,0
1409,28,2017,37,94.9,2,53,1
1410,29,2017,32,91.4,2,55,0
1411,30,2017,31,93.9,0,52,1
1412,31,2017,34,87.2,2,53,1
1413,0,2018,27,93.1,2,53,0
1414,1,2018,42,93.3,4,50,0
1415,2,2018,39,95.1,1,51,2
1416,3,2018,25,96.2,1,54,1
1417,4,2018,35,100.0,0,53,0
1418,5,2018,28,82.4,4,51,1
1419,6,2018,40,90.9,1,59,0
1420,7,2018,23,95.8,2,55,0
1421,8,2018,36,83.7,6,59,0
1422,9,2018,65,94.2,1,54,0
1423,10,2018,44,93.6,4,54,0
1424,12,2018,32,97.0,2,62,1
1425,13,2018,35,97.2,1,50,0
1426,14,2018,33,94.3,5,56,0
1427,15,2018,41,95.4,2,57,0
1428,16,2018,31,96.9,4,57,0
1429,17,2018,22,95.6,0,57,0
1430,18,2018,30,90.9,0,56,0
1431,19,2018,30,100.0,0,54,0
1432,20,2018,34,94.4,3,53,0
1433,21,2018,37,90.2,2,63,0
1434,22,2018,49,98.0,0,52,0
1435,23,2018,27,96.4,1,52,0
1436,24,2018,51,96.2,5,56,0
1437,25,2018,36,97.3,1,56,2
1438,11,2018,25,96.2,2,56,0
1439,26,2018,52,98.1,4,54,1
1440,27,2018,48,94.1,1,56,0
1441,28,2018,44,89.8,4,50,1
1442,29,2018,39,95.1,0,54,0
1443,30,2018,28,90.3,0,54,0
1444,31,2018,36,97.3,3,52,1
1445,0,2019,49,98.0,2,48,2
1446,1,2019,27,93.1,1,53,0
1447,2,2019,24,96.0,2,57,0
1448,3,2019,30,93.8,3,51,0
1449,4,2019,25,96.2,1,53,0
1450,5,2019,30,85.7,1,53,0
1451,6,2019,43,89.6,5,58,1
1452,7,2019,34,97.1,3,54,1
1453,8,2019,35,100.0,1,51,1
1454,9,2019,45,93.8,1,56,1
1455,10,2019,33,84.6,2,55,2
1456,12,2019,46,100.0,2,63,1
1457,13,2019,29,96.7,1,54,0
1458,14,2019,35,94.6,4,53,0
1459,15,2019,29,93.6,2,52,0
1460,16,2019,35,89.7,2,45,0
1461,17,2019,19,95.0,4,56,0
1462,18,2019,23,85.2,3,54,1
1463,19,2019,35,97.2,0,56,1
1464,20,2019,40,97.6,3,54,0
1465,21,2019,31,88.6,1,55,1
1466,22,2019,39,86.7,2,51,2
1467,23,2019,34,94.4,0,48,0
1468,24,2019,42,100.0,1,58,1
1469,25,2019,57,96.6,2,51,0
1470,11,2019,21,95.4,1,53,1
1471,26,2019,48,98.0,0,58,0
1472,27,2019,40,90.9,1,54,0
1473,28,2019,28,100.0,0,51,0
1474,29,2019,40,88.9,1,54,0
1475,30,2019,50,96.2,1,53,2
1476,31,2019,40,90.9,1,50,0
1477,0,2020,38,95.0,1,52,0
1478,1,2020,36,97.3,2,55,0
1479,2,2020,32,97.0,0,55,0
1480,3,2020,57,96.6,0,58,0
1481,4,2020,25,83.3,2,58,2
1482,5,2020,43,89.6,2,46,1
1483,6,2020,52,91.2,0,50,1
1484,7,2020,45,97.8,0,56,1
1485,8,2020,36,92.3,2,53,1
1486,9,2020,48,88.9,3,58,0
1487,10,2020,43,95.6,3,53,0
1488,12,2020,33,91.7,4,59,0
1489,13,2020,36,100.0,4,56,0
1490,14,2020,24,92.3,7,54,0
1491,15,2020,34,89.5,1,54,0
1492,11,2020,30,93.8,0,51,0
1493,16,2020,21,91.3,2,55,0
1494,17,2020,24,85.7,3,59,1
1495,18,2020,20,83.3,1,55,2
1496,19,2020,38,92.7,2,59,0
1497,20,2020,59,93.6,2,57,0
1498,21,2020,33,91.7,1,56,1
1499,22,2020,30,90.9,1,51,0
1500,23,2020,45,95.7,1,54,0
1501,24,2020,38,90.5,1,51,1
1502,25,2020,52,98.1,2,55,0
1503,26,2020,57,98.3,0,53,0
1504,27,2020,49,92.4,1,61,0
1505,28,2020,41,91.1,2,59,0
1506,29,2020,37,92.5,1,54,0
1507,30,2020,51,96.2,4,55,2
1508,31,2020,37,86.0,8,53,0
1509,0,2021,42,91.3,2,56,0
1510,1,2021,27,96.4,3,47,1
1511,2,2021,47,95.9,1,58,0
1512,3,2021,51,100.0,3,57,0
1513,4,2021,33,97.1,1,61,1
1514,5,2021,37,94.9,3,57,1
1515,6,2021,56,94.9,1,48,0
1516,7,2021,47,95.9,0,62,0
1517,8,2021,40,85.1,7,50,0
1518,9,2021,50,94.3,2,56,0
1519,10,2021,46,97.9,2,48,1
1520,12,2021,47,88.7,6,56,0
1521,13,2021,34,97.1,2,51,3
1522,14,2021,44,100.0,5,58,1
1523,15,2021,30,100.0,1,54,0
1524,11,2021,25,86.2,2,55,3
1525,16,2021,17,100.0,4,55,0
1526,17,2021,18,81.8,2,56,0
1527,18,2021,23,85.2,4,51,0
1528,19,2021,27,96.4,5,52,0
1529,20,2021,49,96.1,1,54,2
1530,21,2021,26,92.9,3,57,1
1531,22,2021,42,89.4,3,53,0
1532,23,2021,30,90.9,0,56,0
1533,24,2021,48,98.0,2,55,0
1534,25,2021,32,100.0,2,66,0
1535,26,2021,31,81.6,0,52,0
1536,27,2021,44,93.6,1,53,0
1537,28,2021,27,93.1,2,56,0
1538,29,2021,25,86.2,2,61,1
1539,30,2021,43,91.5,2,51,0
1540,31,2021,36,90.0,1,55,0
1541,0,2022,51,96.2,0,51,2
1542,1,2022,27,84.4,1,51,1
1543,2,2022,40,90.9,3,59,0
1544,3,2022,48,96.0,2,56,2
1545,4,2022,25,92.6,1,55,2
1546,5,2022,35,94.6,1,58,3
1547,6,2022,24,96.0,2,54,2
1548,7,2022,21,87.5,5,57,0
1549,8,2022,40,100.0,2,48,0
1550,9,2022,42,89.4,3,62,1
1551,10,2022,23,100.0,1,54,1
1552,11,2022,24,85.7,2,58,0
1553,12,2022,50,94.3,0,60,0
1554,13,2022,41,93.2,0,55,1
1555,14,2022,53,96.4,2,56,1
1556,15,2022,33,94.3,3,54,1
1557,16,2022,32,94.1,3,57,1
1558,17,2022,36,97.3,4,53,0
1559,18,2022,28,96.6,0,60,0
1560,19,2022,47,95.9,4,53,0
1561,20,2022,37,94.9,2,56,1
1562,21,2022,30,93.8,1,54,0
1563,22,2022,32,91.4,1,54,0
1564,23,2022,35,97.2,0,57,1
1565,24,2022,31,96.9,0,58,0
1566,25,2022,31,96.9,2,58,3
1567,26,2022,33,100.0,3,60,2
1568,27,2022,41,97.6,0,56,0
1569,28,2022,22,100.0,3,59,1
1570,29,2022,24,100.0,1,56,0
1571,30,2022,32,97.0,1,51,0
1572,31,2022,40,87.0,3,61,2
