id,team_id,year,ret,yds,td,20_plus,40_plus,lng,fc,fum
0,0,1970,49,967,0,0,0,55,0,0
1,1,1970,56,1472,4,0,0,96,0,0
2,2,1970,39,1002,1,0,0,95,0,0
3,3,1970,62,1244,2,0,0,95,0,0
4,4,1970,49,1114,0,0,0,39,0,0
5,5,1970,44,1001,1,0,0,94,0,0
6,7,1970,47,926,0,0,0,32,0,0
7,8,1970,42,813,0,0,0,41,0,0
8,9,1970,44,997,0,0,0,48,0,0
9,10,1970,45,1161,1,0,0,99,0,0
10,12,1970,37,888,1,0,0,100,0,0
11,13,1970,48,1036,1,0,0,96,0,0
12,14,1970,59,1252,0,0,0,82,0,0
13,15,1970,47,916,0,0,0,32,0,0
14,16,1970,52,1157,0,0,0,69,0,0
15,18,1970,56,1106,0,0,0,41,0,0
16,19,1970,43,959,1,0,0,85,0,0
17,30,1970,55,1168,0,0,0,45,0,0
18,20,1970,63,1422,2,0,0,101,0,0
19,22,1970,62,1275,0,0,0,52,0,0
20,23,1970,44,1017,0,0,0,62,0,0
21,24,1970,47,1236,1,0,0,98,0,0
22,11,1970,61,1223,0,0,0,51,0,0
23,26,1970,53,1044,0,0,0,38,0,0
24,28,1970,40,997,0,0,0,91,0,0
25,31,1970,36,842,0,0,0,66,0,0
26,0,1971,46,1075,0,0,0,74,0,0
27,1,1971,59,1325,0,0,0,41,0,0
28,2,1971,43,863,0,0,0,37,0,0
29,3,1971,74,1673,0,0,0,44,0,0
30,4,1971,44,960,0,0,0,48,0,0
31,5,1971,46,1065,0,0,0,52,0,0
32,7,1971,58,1363,1,0,0,103,0,0
33,8,1971,49,1000,0,0,0,71,0,0
34,9,1971,47,1031,0,0,0,41,0,0
35,10,1971,32,679,0,0,0,54,0,0
36,12,1971,50,1376,2,0,0,101,0,0
37,13,1971,32,806,1,0,0,94,0,0
38,14,1971,49,1183,0,0,0,52,0,0
39,15,1971,59,1477,0,0,0,82,0,0
40,16,1971,63,1416,1,0,0,93,0,0
41,18,1971,55,1168,0,0,0,41,0,0
42,19,1971,51,1233,2,0,0,102,0,0
43,30,1971,59,1409,0,0,0,45,0,0
44,20,1971,58,1546,1,0,0,90,0,0
45,22,1971,64,1354,0,0,0,45,0,0
46,23,1971,54,1234,0,0,0,44,0,0
47,24,1971,54,1322,1,0,0,105,0,0
48,11,1971,43,913,0,0,0,48,0,0
49,26,1971,56,1143,0,0,0,51,0,0
50,28,1971,49,1120,0,0,0,77,0,0
51,31,1971,41,960,0,0,0,47,0,0
52,0,1972,44,1041,1,0,0,98,0,0
53,1,1972,52,1528,2,0,0,94,0,0
54,2,1972,46,1018,0,0,0,62,0,0
55,3,1972,60,1389,0,0,0,66,0,0
56,4,1972,55,1256,1,0,0,94,0,0
57,5,1972,41,933,0,0,0,47,0,0
58,7,1972,53,1152,0,0,0,41,0,0
59,8,1972,60,1273,0,0,0,41,0,0
60,9,1972,46,1057,0,0,0,48,0,0
61,10,1972,47,1321,1,0,0,93,0,0
62,12,1972,50,1080,0,0,0,44,0,0
63,13,1972,24,546,0,0,0,45,0,0
64,14,1972,59,1375,0,0,0,78,0,0
65,15,1972,52,1039,0,0,0,52,0,0
66,16,1972,50,1262,1,0,0,92,0,0
67,18,1972,56,1218,0,0,0,51,0,0
68,19,1972,52,1304,0,0,0,62,0,0
69,30,1972,54,1093,0,0,0,43,0,0
70,20,1972,49,1141,0,0,0,89,0,0
71,22,1972,55,1293,0,0,0,49,0,0
72,23,1972,38,813,0,0,0,49,0,0
73,24,1972,56,1287,0,0,0,53,0,0
74,11,1972,48,1133,0,0,0,45,0,0
75,26,1972,62,1312,0,0,0,61,0,0
76,28,1972,33,760,0,0,0,82,0,0
77,31,1972,42,989,0,0,0,48,0,0
78,0,1973,63,1301,0,0,0,54,0,0
79,1,1973,59,1344,1,0,0,95,0,0
80,2,1973,39,876,0,0,0,41,0,0
81,3,1973,42,972,2,0,0,101,0,0
82,4,1973,36,793,0,0,0,50,0,0
83,5,1973,49,1084,0,0,0,59,0,0
84,7,1973,58,1369,1,0,0,97,0,0
85,8,1973,70,1597,0,0,0,70,0,0
86,9,1973,31,725,0,0,0,40,0,0
87,10,1973,60,1343,1,0,0,101,0,0
88,12,1973,33,725,0,0,0,63,0,0
89,13,1973,24,523,0,0,0,51,0,0
90,14,1973,63,1441,0,0,0,53,0,0
91,15,1973,53,1107,0,0,0,51,0,0
92,16,1973,56,1198,0,0,0,51,0,0
93,18,1973,52,1061,1,0,0,82,0,0
94,19,1973,50,1061,0,0,0,60,0,0
95,30,1973,76,1799,1,0,0,103,0,0
96,20,1973,53,1189,0,0,0,84,0,0
97,22,1973,57,1372,1,0,0,92,0,0
98,23,1973,39,937,0,0,0,76,0,0
99,24,1973,36,915,1,0,0,93,0,0
100,11,1973,43,1118,1,0,0,97,0,0
101,26,1973,47,947,0,0,0,48,0,0
102,28,1973,40,843,0,0,0,48,0,0
103,31,1973,35,752,0,0,0,45,0,0
104,0,1974,51,1144,0,0,0,57,0,0
105,1,1974,57,1256,0,0,0,69,0,0
106,2,1974,54,1157,0,0,0,48,0,0
107,3,1974,50,1128,0,0,0,74,0,0
108,4,1974,54,1188,0,0,0,41,0,0
109,5,1974,60,1375,1,0,0,88,0,0
110,7,1974,50,1203,1,0,0,94,0,0
111,8,1974,55,1142,0,0,0,39,0,0
112,9,1974,56,1211,0,0,0,57,0,0
113,10,1974,66,1489,0,0,0,55,0,0
114,12,1974,49,1071,0,0,0,43,0,0
115,13,1974,49,1118,0,0,0,73,0,0
116,14,1974,48,1062,0,0,0,52,0,0
117,15,1974,60,1296,0,0,0,59,0,0
118,16,1974,59,1458,0,0,0,72,0,0
119,18,1974,61,1307,0,0,0,46,0,0
120,19,1974,62,1293,0,0,0,59,0,0
121,30,1974,62,1419,0,0,0,67,0,0
122,20,1974,49,1022,0,0,0,52,0,0
123,22,1974,58,1198,0,0,0,62,0,0
124,23,1974,50,1140,0,0,0,67,0,0
125,24,1974,40,938,1,0,0,84,0,0
126,11,1974,45,1166,1,0,0,102,0,0
127,26,1974,53,1040,0,0,0,41,0,0
128,28,1974,42,901,0,0,0,60,0,0
129,31,1974,50,1090,0,0,0,52,0,0
130,0,1975,60,1372,0,0,0,52,0,0
131,1,1975,74,1644,0,0,0,70,0,0
132,2,1975,46,1042,0,0,0,64,0,0
133,3,1975,62,1457,0,0,0,59,0,0
134,4,1975,59,1446,0,0,0,58,0,0
135,5,1975,67,1526,0,0,0,92,0,0
136,7,1975,55,1337,1,0,0,93,0,0
137,8,1975,69,1482,0,0,0,41,0,0
138,9,1975,62,1350,0,0,0,53,0,0
139,10,1975,52,1190,0,0,0,65,0,0
140,12,1975,54,1158,1,0,0,97,0,0
141,13,1975,40,949,0,0,0,42,0,0
142,14,1975,59,1388,0,0,0,42,0,0
143,15,1975,66,1217,0,0,0,33,0,0
144,16,1975,55,1250,0,0,0,64,0,0
145,18,1975,74,1704,0,0,0,53,0,0
146,19,1975,52,1114,0,0,0,42,0,0
147,30,1975,54,1144,1,0,0,81,0,0
148,20,1975,63,1398,1,0,0,93,0,0
149,22,1975,66,1520,1,0,0,99,0,0
150,23,1975,51,1324,1,0,0,102,0,0
151,24,1975,34,764,0,0,0,46,0,0
152,11,1975,58,1296,0,0,0,50,0,0
153,26,1975,63,1319,0,0,0,88,0,0
154,28,1975,38,815,1,0,0,94,0,0
155,31,1975,38,787,0,0,0,63,0,0
156,0,1976,38,777,0,0,0,40,0,0
157,1,1976,51,1087,0,0,0,48,0,0
158,2,1976,49,1046,1,0,0,97,0,0
159,3,1976,75,1594,0,0,0,79,0,0
160,4,1976,46,1075,0,0,0,64,0,0
161,5,1976,54,1182,0,0,0,44,0,0
162,6,1976,70,1488,0,0,0,43,0,0
163,7,1976,54,1102,0,0,0,43,0,0
164,8,1976,52,1076,0,0,0,47,0,0
165,9,1976,65,1538,0,0,0,64,0,0
166,10,1976,52,1072,0,0,0,83,0,0
167,12,1976,42,1027,0,0,0,74,0,0
168,13,1976,55,1347,0,0,0,69,0,0
169,14,1976,58,1148,0,0,0,41,0,0
170,15,1976,60,1269,0,0,0,44,0,0
171,16,1976,53,1044,0,0,0,37,0,0
172,18,1976,73,1597,0,0,0,58,0,0
173,19,1976,47,987,0,0,0,84,0,0
174,30,1976,58,1229,0,0,0,53,0,0
175,20,1976,65,1361,0,0,0,88,0,0
176,22,1976,46,1087,0,0,0,71,0,0
177,23,1976,46,1025,0,0,0,55,0,0
178,24,1976,44,1027,1,0,0,90,0,0
179,11,1976,50,1066,0,0,0,67,0,0
180,26,1976,62,1173,0,0,0,41,0,0
181,27,1976,79,1605,0,0,0,45,0,0
182,28,1976,41,855,0,0,0,39,0,0
183,31,1976,42,859,0,0,0,57,0,0
184,0,1977,49,1174,1,0,0,80,0,0
185,1,1977,57,1273,1,0,0,84,0,0
186,2,1977,46,886,0,0,0,38,0,0
187,3,1977,60,1238,0,0,0,45,0,0
188,4,1977,34,732,0,0,0,33,0,0
189,5,1977,53,1075,0,0,0,36,0,0
190,6,1977,43,914,0,0,0,41,0,0
191,7,1977,59,1271,0,0,0,51,0,0
192,8,1977,39,734,0,0,0,33,0,0
193,9,1977,63,1284,0,0,0,70,0,0
194,10,1977,48,912,0,0,0,37,0,0
195,12,1977,44,1071,0,0,0,64,0,0
196,13,1977,38,1011,1,0,0,90,0,0
197,14,1977,45,1110,1,0,0,99,0,0
198,15,1977,34,621,0,0,0,30,0,0
199,16,1977,54,1036,0,0,0,35,0,0
200,18,1977,61,1374,0,0,0,60,0,0
201,19,1977,58,1239,1,0,0,98,0,0
202,30,1977,46,1056,1,0,0,76,0,0
203,20,1977,51,947,1,0,0,96,0,0
204,22,1977,39,1051,3,0,0,101,0,0
205,23,1977,49,909,0,0,0,31,0,0
206,24,1977,33,705,0,0,0,43,0,0
207,11,1977,47,1087,0,0,0,46,0,0
208,26,1977,63,1355,1,0,0,92,0,0
209,27,1977,71,1502,0,0,0,44,0,0
210,28,1977,45,995,0,0,0,43,0,0
211,31,1977,45,834,0,0,0,48,0,0
212,0,1978,73,1421,1,0,0,89,0,0
213,1,1978,61,1358,0,0,0,81,0,0
214,2,1978,58,1164,0,0,0,39,0,0
215,3,1978,66,1316,1,0,0,102,0,0
216,4,1978,42,952,0,0,0,41,0,0
217,5,1978,72,1697,0,0,0,86,0,0
218,6,1978,56,1095,0,0,0,46,0,0
219,7,1978,55,1148,0,0,0,32,0,0
220,8,1978,58,1252,0,0,0,77,0,0
221,9,1978,61,1456,0,0,0,66,0,0
222,10,1978,74,1648,1,0,0,90,0,0
223,12,1978,47,896,0,0,0,56,0,0
224,13,1978,53,1132,0,0,0,53,0,0
225,14,1978,54,1134,0,0,0,44,0,0
226,15,1978,59,1332,1,0,0,100,0,0
227,16,1978,60,1081,0,0,0,40,0,0
228,18,1978,67,1509,0,0,0,40,0,0
229,19,1978,51,1129,0,0,0,60,0,0
230,30,1978,58,1304,0,0,0,60,0,0
231,20,1978,52,1085,1,0,0,95,0,0
232,22,1978,55,1172,0,0,0,60,0,0
233,23,1978,60,1233,0,0,0,56,0,0
234,24,1978,52,1055,0,0,0,41,0,0
235,11,1978,58,1352,1,0,0,99,0,0
236,26,1978,65,1384,0,0,0,39,0,0
237,27,1978,67,1510,0,0,0,38,0,0
238,28,1978,44,1043,1,0,0,95,0,0
239,31,1978,55,1057,0,0,0,38,0,0
240,0,1979,75,1538,1,0,0,85,0,0
241,1,1979,51,1054,1,0,0,83,0,0
242,2,1979,81,1560,0,0,0,36,0,0
243,3,1979,59,1131,0,0,0,36,0,0
244,4,1979,50,966,0,0,0,37,0,0
245,5,1979,75,1531,0,0,0,45,0,0
246,6,1979,51,959,0,0,0,31,0,0
247,7,1979,71,1609,1,0,0,106,0,0
248,8,1979,50,1066,0,0,0,41,0,0
249,9,1979,51,1004,0,0,0,52,0,0
250,10,1979,70,1402,0,0,0,58,0,0
251,12,1979,68,1316,0,0,0,70,0,0
252,13,1979,51,1148,0,0,0,43,0,0
253,14,1979,56,1261,1,0,0,92,0,0
254,15,1979,73,1370,0,0,0,33,0,0
255,16,1979,67,1255,0,0,0,75,0,0
256,18,1979,76,1561,0,0,0,52,0,0
257,19,1979,78,1569,0,0,0,69,0,0
258,30,1979,67,1234,0,0,0,37,0,0
259,20,1979,61,1295,1,0,0,100,0,0
260,22,1979,66,1239,0,0,0,38,0,0
261,23,1979,65,1475,1,0,0,104,0,0
262,24,1979,66,1292,0,0,0,55,0,0
263,11,1979,55,1145,0,0,0,38,0,0
264,26,1979,66,1319,0,0,0,39,0,0
265,27,1979,70,1444,0,0,0,39,0,0
266,28,1979,51,987,0,0,0,44,0,0
267,31,1979,61,1380,0,0,0,83,0,0
268,0,1980,75,1385,1,0,0,101,0,0
269,1,1980,56,1153,1,0,0,95,0,0
270,2,1980,68,1199,0,0,0,40,0,0
271,3,1980,47,827,0,0,0,43,0,0
272,4,1980,62,1290,0,0,0,53,0,0
273,5,1980,63,1308,0,0,0,50,0,0
274,6,1980,67,1294,0,0,0,54,0,0
275,7,1980,65,1297,0,0,0,40,0,0
276,8,1980,62,1135,0,0,0,44,0,0
277,9,1980,62,1249,0,0,0,47,0,0
278,10,1980,67,1383,0,0,0,44,1,0
279,12,1980,58,1259,0,0,0,41,0,0
280,13,1980,61,1234,0,0,0,87,0,0
281,14,1980,53,955,0,0,0,39,0,0
282,15,1980,53,958,0,0,0,36,0,0
283,16,1980,71,1319,0,0,0,41,0,0
284,18,1980,74,1491,0,0,0,35,0,0
285,19,1980,57,1169,1,0,0,91,0,0
286,30,1980,53,981,0,0,0,46,0,0
287,20,1980,73,1415,0,0,0,57,0,0
288,22,1980,56,1281,1,0,0,98,0,0
289,23,1980,62,1180,2,0,0,90,0,0
290,24,1980,53,979,1,0,0,98,0,0
291,11,1980,57,1204,0,0,0,53,0,0
292,26,1980,88,1973,0,0,0,88,0,0
293,27,1980,73,1489,0,0,0,54,0,0
294,28,1980,65,1350,0,0,0,63,0,0
295,31,1980,63,1386,1,0,0,70,0,0
296,0,1981,45,909,1,27,1,92,0,4
297,1,1981,64,1214,0,27,3,56,0,2
298,2,1981,49,1056,0,27,3,78,1,2
299,3,1981,57,1085,0,24,0,36,0,2
300,4,1981,47,801,0,21,0,31,0,0
301,5,1981,72,1537,0,47,1,48,0,4
302,6,1981,46,912,0,23,1,40,0,1
303,7,1981,75,1625,0,50,3,67,0,1
304,8,1981,70,1422,0,36,1,47,0,4
305,9,1981,52,1043,0,29,3,48,0,2
306,10,1981,84,1651,0,41,2,46,0,4
307,12,1981,53,981,0,23,0,33,0,3
308,13,1981,54,1228,1,37,3,90,0,4
309,14,1981,43,832,0,19,2,43,0,2
310,15,1981,62,1419,0,44,3,52,0,3
311,16,1981,57,1120,0,29,1,41,1,3
312,18,1981,58,1151,0,32,1,42,0,3
313,19,1981,61,1164,0,27,0,36,0,1
314,30,1981,72,1722,2,36,8,96,0,1
315,20,1981,58,1066,0,25,1,52,0,2
316,22,1981,65,1190,0,33,0,32,0,1
317,23,1981,71,1411,0,39,2,47,0,5
318,24,1981,68,1244,0,29,2,50,0,2
319,11,1981,67,1673,0,48,6,84,0,2
320,26,1981,70,1523,0,41,3,57,0,3
321,27,1981,69,1278,0,32,0,36,0,7
322,28,1981,53,1096,0,34,0,35,0,0
323,31,1981,67,1328,1,28,4,99,0,6
324,0,1982,36,742,0,17,2,45,0,1
325,1,1982,34,622,0,15,0,36,0,2
326,2,1982,31,643,0,17,1,55,0,1
327,3,1982,36,792,0,18,3,66,0,3
328,4,1982,40,818,0,27,0,34,0,2
329,5,1982,38,754,0,18,0,36,0,0
330,6,1982,33,548,0,11,0,27,0,4
331,7,1982,35,702,0,19,0,33,0,1
332,8,1982,45,890,0,21,2,47,0,1
333,9,1982,34,723,0,21,1,68,0,0
334,10,1982,42,753,0,15,0,33,0,0
335,12,1982,33,651,0,18,0,35,0,3
336,13,1982,24,507,0,14,0,32,0,0
337,14,1982,39,768,0,14,3,44,0,2
338,15,1982,29,513,0,11,0,33,0,0
339,16,1982,39,783,0,22,0,34,0,3
340,18,1982,33,667,0,18,0,37,0,0
341,19,1982,36,750,1,12,3,96,0,3
342,30,1982,45,905,0,22,2,45,0,0
343,20,1982,34,664,0,12,1,76,0,1
344,22,1982,28,646,1,13,1,98,0,1
345,23,1982,36,754,0,16,2,55,0,3
346,24,1982,45,869,0,17,2,85,0,4
347,11,1982,30,649,0,16,2,58,0,3
348,26,1982,26,577,0,13,2,75,0,2
349,27,1982,29,544,0,12,0,32,0,2
350,28,1982,28,569,0,14,2,57,0,3
351,31,1982,37,786,0,18,1,76,0,4
352,0,1983,52,958,0,19,1,46,0,0
353,1,1983,58,953,0,20,0,38,0,1
354,2,1983,54,1097,0,28,1,49,0,2
355,3,1983,64,1363,0,35,5,60,0,6
356,4,1983,56,1077,0,33,1,42,0,2
357,5,1983,63,1290,0,34,0,38,0,0
358,6,1983,68,1314,0,36,3,50,0,5
359,7,1983,72,1459,0,34,1,66,0,5
360,8,1983,74,1377,0,32,1,41,0,3
361,9,1983,54,929,0,23,1,46,1,1
362,10,1983,62,1198,0,24,3,90,0,3
363,12,1983,71,1351,0,32,4,53,0,4
364,13,1983,47,1085,0,29,4,78,0,2
365,14,1983,62,1168,0,28,2,52,0,1
366,15,1983,67,1258,0,29,0,35,0,7
367,16,1983,71,1333,0,31,1,54,0,2
368,18,1983,66,1375,0,36,4,64,0,4
369,19,1983,61,1191,0,31,1,51,0,2
370,30,1983,83,1676,2,28,4,97,0,3
371,20,1983,79,1339,0,31,1,57,0,7
372,22,1983,57,1155,0,32,1,53,0,6
373,23,1983,61,1175,0,32,2,48,1,3
374,24,1983,52,946,0,23,2,44,0,3
375,11,1983,63,1301,0,28,4,58,0,0
376,26,1983,66,1339,0,31,4,61,0,1
377,27,1983,71,1575,1,41,3,94,0,1
378,28,1983,59,1068,0,23,0,35,0,4
379,31,1983,68,1466,0,34,4,50,0,0
380,0,1984,47,1039,0,26,5,51,0,3
381,1,1984,49,896,0,18,1,40,2,1
382,2,1984,61,1155,0,24,4,46,0,5
383,3,1984,76,1422,0,27,3,65,0,1
384,4,1984,45,897,0,25,1,40,0,4
385,5,1984,61,1157,0,28,1,40,0,4
386,6,1984,68,1354,0,36,2,43,0,3
387,7,1984,74,1563,0,43,2,56,0,0
388,8,1984,63,1319,0,37,2,55,0,4
389,9,1984,56,1061,0,25,1,45,0,1
390,10,1984,69,1331,1,26,3,96,0,3
391,12,1984,63,1199,0,33,0,34,0,4
392,13,1984,44,799,0,17,2,41,0,2
393,14,1984,59,1156,1,21,3,89,0,3
394,15,1984,70,1367,0,36,3,50,0,3
395,16,1984,61,1117,0,23,1,52,0,2
396,18,1984,65,1498,1,32,8,97,0,3
397,19,1984,74,1347,0,34,1,46,0,6
398,30,1984,69,1352,0,33,1,49,0,1
399,20,1984,67,1362,1,28,4,97,0,1
400,22,1984,63,1246,0,32,2,46,0,1
401,23,1984,56,1216,0,35,3,62,0,1
402,24,1984,58,1244,1,36,3,43,0,1
403,11,1984,60,1174,0,28,0,36,0,1
404,26,1984,72,1465,0,32,2,64,0,0
405,27,1984,54,1007,0,23,0,38,0,2
406,28,1984,54,1026,0,27,2,47,0,6
407,31,1984,86,1775,0,42,3,47,0,1
408,0,1985,58,1269,1,30,3,95,0,1
409,1,1985,43,1089,2,27,3,99,0,0
410,2,1985,67,1385,0,38,2,45,0,3
411,3,1985,68,1334,0,35,0,39,0,4
412,4,1985,52,1203,0,36,0,39,0,1
413,5,1985,53,1217,0,27,6,81,0,2
414,6,1985,80,1622,0,36,5,58,0,6
415,7,1985,78,1421,0,37,0,35,0,10
416,8,1985,71,1494,1,35,4,98,0,2
417,9,1985,59,1117,0,29,1,40,0,2
418,10,1985,67,1403,0,37,3,48,0,3
419,12,1985,62,1210,0,33,0,34,0,3
420,13,1985,52,1177,0,28,3,46,0,1
421,14,1985,56,1160,0,26,5,51,0,4
422,15,1985,72,1406,1,33,2,94,0,2
423,16,1985,50,866,0,18,2,43,0,6
424,18,1985,53,1043,0,18,5,58,0,2
425,19,1985,68,1494,0,38,2,54,0,3
426,30,1985,67,1515,0,43,4,52,0,1
427,20,1985,67,1318,0,35,2,48,0,3
428,22,1985,57,1119,0,31,1,53,0,3
429,23,1985,54,1132,0,28,2,57,0,1
430,24,1985,56,1394,3,25,5,98,0,2
431,11,1985,60,1349,0,36,2,95,0,0
432,26,1985,71,1547,0,32,7,69,0,0
433,27,1985,58,1166,0,27,2,58,0,2
434,28,1985,65,1337,0,43,1,40,0,2
435,31,1985,68,1576,0,35,5,88,0,2
436,0,1986,42,757,0,17,0,34,0,1
437,1,1986,50,1115,2,23,5,91,0,0
438,2,1986,63,1389,0,38,3,94,0,1
439,3,1986,55,1074,0,26,2,49,0,5
440,4,1986,53,1094,0,29,2,42,0,1
441,5,1986,62,1213,1,23,1,100,0,0
442,6,1986,75,1302,0,30,0,33,0,2
443,7,1986,70,1548,0,44,4,53,0,1
444,8,1986,65,1137,0,25,0,35,0,4
445,9,1986,56,1117,1,24,1,97,0,1
446,10,1986,74,1443,0,37,0,37,0,4
447,12,1986,59,1208,0,29,3,56,0,4
448,13,1986,65,1185,0,29,1,41,0,6
449,14,1986,53,945,0,18,2,51,0,4
450,15,1986,54,1035,0,27,0,35,0,2
451,16,1986,50,868,0,19,0,30,0,2
452,18,1986,63,1189,2,22,4,96,0,1
453,19,1986,67,1321,0,33,2,54,0,1
454,30,1986,59,1139,0,30,1,48,0,1
455,20,1986,76,1470,0,34,3,57,0,2
456,22,1986,58,1147,0,26,2,52,0,0
457,23,1986,64,1252,0,27,3,59,0,1
458,24,1986,59,1160,0,32,2,55,0,4
459,11,1986,60,1175,0,28,0,37,0,3
460,26,1986,55,1332,1,36,4,101,0,0
461,27,1986,64,1322,0,34,1,46,0,0
462,28,1986,66,1304,0,29,3,64,0,3
463,31,1986,56,1200,0,35,3,43,0,1
464,0,1987,55,1144,1,29,3,92,0,3
465,1,1987,57,1193,1,29,2,88,0,2
466,2,1987,67,1161,0,26,0,34,0,1
467,3,1987,45,872,0,20,1,40,0,4
468,4,1987,46,952,0,25,2,50,0,3
469,5,1987,48,846,0,17,1,44,0,1
470,6,1987,56,1037,0,22,2,40,0,2
471,7,1987,63,1317,0,34,4,50,0,2
472,8,1987,62,1137,0,33,1,46,0,4
473,9,1987,70,1437,2,32,3,95,0,6
474,10,1987,55,1115,0,31,2,45,0,4
475,12,1987,64,1295,0,35,1,48,0,4
476,13,1987,54,952,0,22,0,34,0,5
477,14,1987,66,1112,0,25,0,33,0,0
478,15,1987,79,1700,1,38,5,97,0,3
479,16,1987,56,1128,0,28,2,49,0,3
480,18,1987,65,1221,0,21,6,60,0,2
481,19,1987,71,1428,0,38,3,50,0,5
482,30,1987,67,1225,0,25,2,62,1,3
483,20,1987,59,1032,0,22,2,48,0,4
484,22,1987,48,901,0,17,2,43,0,1
485,23,1987,60,1174,0,29,3,50,0,2
486,24,1987,63,1282,1,29,4,95,0,2
487,11,1987,59,1139,0,24,1,54,0,1
488,26,1987,55,1147,0,25,3,74,0,3
489,27,1987,64,1236,0,24,2,43,0,2
490,28,1987,56,1060,0,30,0,36,0,4
491,31,1987,71,1421,0,31,3,42,1,8
492,0,1988,55,978,0,20,2,44,1,3
493,1,1988,45,896,0,23,2,51,1,1
494,2,1988,57,1054,1,17,1,98,1,3
495,3,1988,50,935,0,26,0,37,0,2
496,4,1988,59,1226,0,33,0,38,0,3
497,5,1988,55,1159,0,25,1,84,0,0
498,6,1988,64,1345,0,30,2,51,0,0
499,7,1988,61,1131,0,26,1,41,0,1
500,8,1988,60,1510,2,40,5,94,0,2
501,9,1988,56,925,0,17,0,31,0,5
502,10,1988,52,1033,0,27,1,40,0,2
503,12,1988,70,1417,0,37,2,53,0,2
504,13,1988,65,1365,0,40,1,44,0,2
505,14,1988,59,1028,0,19,0,32,1,1
506,15,1988,59,1057,0,24,0,36,0,3
507,16,1988,62,1154,0,28,1,40,0,6
508,18,1988,72,1404,0,33,3,48,0,1
509,19,1988,59,1154,0,28,1,46,0,4
510,30,1988,60,1232,1,23,3,90,0,1
511,20,1988,64,1181,0,27,2,46,0,3
512,22,1988,57,1248,1,34,2,95,0,1
513,23,1988,62,1407,1,29,5,97,0,0
514,24,1988,59,1191,0,27,4,73,0,3
515,11,1988,74,1355,0,29,1,44,0,4
516,26,1988,70,1408,0,34,1,57,0,3
517,27,1988,62,1352,0,34,2,65,0,1
518,28,1988,74,1575,2,33,4,92,0,3
519,31,1988,56,1160,0,37,0,30,0,2
520,0,1989,51,954,0,21,3,60,0,5
521,1,1989,73,1539,1,36,3,96,0,2
522,2,1989,54,941,0,18,0,33,1,2
523,3,1989,53,1058,0,24,3,85,0,2
524,4,1989,43,876,0,22,1,68,0,0
525,5,1989,50,932,0,20,3,49,0,2
526,6,1989,62,1055,0,22,0,36,0,4
527,7,1989,83,1650,0,41,1,52,0,3
528,8,1989,64,1235,1,31,1,91,0,1
529,9,1989,52,915,0,18,0,37,0,0
530,10,1989,60,1164,0,30,1,49,0,3
531,12,1989,77,1709,1,45,3,97,0,4
532,13,1989,61,1153,1,26,1,97,0,3
533,14,1989,49,828,0,19,1,45,0,5
534,15,1989,80,1509,0,35,2,72,0,1
535,16,1989,51,926,0,23,1,43,0,3
536,18,1989,75,1309,0,29,5,69,0,5
537,19,1989,61,1272,0,27,3,62,1,1
538,30,1989,74,1285,0,26,1,63,0,3
539,20,1989,69,1239,0,27,1,46,2,3
540,22,1989,69,1462,0,36,3,47,0,4
541,23,1989,54,1002,0,21,2,49,0,4
542,24,1989,67,1328,0,30,2,74,0,3
543,11,1989,58,1176,1,28,3,99,0,0
544,26,1989,63,1284,1,33,1,99,0,2
545,27,1989,65,1246,1,22,1,97,1,3
546,28,1989,56,1304,1,29,6,84,0,4
547,31,1989,51,1122,1,28,2,93,0,6
548,0,1990,53,965,0,0,0,35,0,0
549,1,1990,54,879,0,0,0,59,1,0
550,2,1990,62,1266,0,0,0,43,1,0
551,3,1990,51,1040,0,26,1,54,0,0
552,4,1990,66,1260,0,0,0,75,0,0
553,5,1990,71,1276,2,0,0,101,0,0
554,6,1990,63,1175,0,0,0,55,0,0
555,7,1990,60,1068,0,0,0,32,0,0
556,8,1990,55,1188,0,0,0,90,0,0
557,9,1990,46,784,0,0,0,46,0,0
558,10,1990,65,1189,0,0,0,44,0,0
559,12,1990,54,1102,1,0,0,90,0,0
560,13,1990,43,780,0,21,0,35,1,2
561,14,1990,54,965,0,0,0,44,1,0
562,15,1990,58,1229,1,0,0,76,0,0
563,16,1990,46,884,0,0,0,58,1,0
564,18,1990,61,1129,0,0,0,63,0,0
565,19,1990,70,1466,0,0,0,65,1,0
566,30,1990,47,861,0,0,0,64,0,0
567,20,1990,63,1303,1,0,0,76,0,0
568,22,1990,77,1395,0,0,0,38,0,0
569,23,1990,64,1237,0,0,0,87,0,0
570,24,1990,63,1279,1,0,0,99,1,0
571,11,1990,62,1113,0,0,0,37,0,0
572,26,1990,58,1205,0,0,0,58,0,0
573,27,1990,50,985,0,0,0,71,0,0
574,28,1990,50,956,0,0,0,49,2,0
575,31,1990,66,1249,0,0,0,64,1,0
576,0,1991,50,1028,1,21,3,98,0,3
577,1,1991,46,763,0,14,0,31,1,0
578,2,1991,69,1225,0,24,1,63,1,2
579,3,1991,52,970,1,20,1,91,1,2
580,4,1991,37,687,0,14,1,55,0,1
581,5,1991,55,888,0,12,0,36,0,0
582,6,1991,60,1047,0,27,1,43,0,5
583,7,1991,52,972,0,24,0,39,0,0
584,8,1991,55,1171,1,28,4,95,4,2
585,9,1991,48,978,0,20,1,76,0,0
586,10,1991,55,1061,1,22,1,88,0,1
587,12,1991,52,1127,1,26,2,102,0,2
588,13,1991,50,890,0,17,1,49,0,2
589,14,1991,47,764,0,15,0,33,0,2
590,15,1991,52,997,1,18,2,100,1,0
591,16,1991,50,917,0,17,2,51,0,2
592,18,1991,58,1003,0,22,3,53,1,5
593,19,1991,57,1170,0,24,5,71,0,1
594,30,1991,46,835,0,19,1,41,1,0
595,20,1991,60,1197,1,27,1,82,1,5
596,22,1991,56,1108,1,26,2,99,3,1
597,23,1991,53,948,0,21,0,37,0,1
598,24,1991,59,1070,0,22,1,48,1,1
599,11,1991,49,926,0,21,1,46,1,3
600,26,1991,50,879,0,17,0,34,0,3
601,27,1991,60,1280,0,33,4,55,0,1
602,28,1991,67,1314,0,32,4,54,0,1
603,31,1991,44,899,0,21,3,50,0,2
604,0,1992,42,879,0,20,2,82,2,2
605,1,1992,56,1143,1,29,2,97,0,1
606,2,1992,59,1058,0,18,1,48,1,1
607,3,1992,41,761,0,16,0,35,1,1
608,4,1992,51,1028,0,25,1,64,0,1
609,5,1992,43,880,0,21,1,47,0,1
610,6,1992,50,881,0,17,0,39,0,2
611,7,1992,51,1127,0,27,3,63,0,1
612,8,1992,45,812,0,18,1,62,0,3
613,9,1992,39,722,0,14,0,39,0,3
614,10,1992,51,1001,0,25,1,42,0,3
615,12,1992,37,699,0,17,1,59,0,0
616,13,1992,44,838,0,18,1,44,0,3
617,14,1992,48,987,0,23,3,45,0,0
618,15,1992,64,1532,2,31,9,99,1,4
619,16,1992,56,1098,1,22,2,92,0,1
620,18,1992,54,950,0,20,1,45,1,4
621,19,1992,59,1193,1,26,5,89,2,0
622,30,1992,46,885,0,22,1,42,0,2
623,20,1992,54,1017,0,22,1,50,0,0
624,22,1992,64,1376,1,30,4,100,2,3
625,23,1992,43,744,0,14,1,41,0,2
626,24,1992,63,1054,0,21,0,35,0,6
627,11,1992,48,973,0,22,4,47,0,2
628,26,1992,42,815,0,17,1,48,0,3
629,27,1992,50,885,0,19,0,34,0,0
630,28,1992,48,847,0,16,0,33,1,1
631,31,1992,45,874,0,24,1,53,0,3
632,0,1993,40,715,0,16,1,60,3,3
633,1,1993,45,811,0,16,3,55,0,1
634,2,1993,61,1211,0,29,2,45,3,0
635,3,1993,45,746,0,12,0,28,0,0
636,4,1993,39,717,0,12,2,49,0,1
637,5,1993,58,1119,0,23,1,47,0,1
638,6,1993,58,922,0,14,1,42,1,1
639,7,1993,45,951,0,20,3,48,0,0
640,8,1993,47,901,0,16,3,60,0,1
641,9,1993,45,875,0,20,3,47,1,2
642,10,1993,57,1124,0,35,0,38,0,1
643,12,1993,36,758,0,19,2,49,2,2
644,13,1993,49,1068,0,29,1,48,0,2
645,14,1993,54,987,0,17,0,36,0,5
646,15,1993,55,1300,1,35,4,97,0,2
647,16,1993,32,507,0,6,0,35,1,1
648,18,1993,46,675,0,12,0,28,0,5
649,19,1993,52,1204,1,26,7,95,1,3
650,30,1993,31,589,0,12,0,37,0,1
651,20,1993,60,1483,1,32,8,95,0,1
652,22,1993,47,819,0,17,1,44,1,2
653,23,1993,52,1061,0,23,5,66,0,1
654,24,1993,49,824,0,16,0,35,0,3
655,11,1993,59,1166,0,25,2,68,0,0
656,26,1993,62,1460,1,35,6,99,0,3
657,27,1993,50,931,0,20,1,46,0,2
658,28,1993,52,878,0,16,1,44,0,2
659,31,1993,55,1086,0,23,2,47,0,1
660,0,1994,58,1244,1,28,3,96,0,1
661,1,1994,66,1402,0,37,3,55,1,3
662,2,1994,86,1810,0,49,3,43,0,2
663,3,1994,72,1345,0,30,1,42,0,6
664,4,1994,75,1523,0,40,2,41,1,0
665,5,1994,42,1031,1,26,6,85,1,1
666,6,1994,70,1422,0,35,3,77,0,1
667,7,1994,57,1079,0,23,1,53,0,0
668,8,1994,68,1636,2,38,8,90,0,4
669,9,1994,59,1300,1,27,2,91,0,1
670,10,1994,60,1254,1,30,1,95,0,4
671,12,1994,50,1284,1,34,5,87,0,0
672,13,1994,66,1294,0,32,1,46,0,3
673,14,1994,67,1441,1,34,3,94,0,2
674,15,1994,75,1627,0,41,5,69,0,4
675,16,1994,73,1328,0,31,0,36,0,5
676,18,1994,66,1282,0,30,3,45,0,3
677,19,1994,71,1675,4,35,5,102,0,7
678,30,1994,74,1436,0,32,3,44,1,4
679,20,1994,56,1168,1,27,2,96,0,3
680,22,1994,63,1123,0,32,0,36,0,1
681,23,1994,62,1358,0,35,4,55,0,1
682,24,1994,71,1605,0,44,3,57,0,2
683,11,1994,71,1685,0,45,6,86,0,2
684,26,1994,82,1840,2,45,6,98,0,4
685,27,1994,67,1467,1,36,3,93,0,2
686,28,1994,55,1141,0,31,4,71,1,4
687,31,1994,60,1296,0,34,5,61,0,3
688,0,1995,58,1183,0,30,1,46,0,0
689,1,1995,71,1459,0,37,4,52,0,1
690,2,1995,80,1788,0,46,4,55,0,2
691,3,1995,70,1302,0,32,2,42,0,3
692,4,1995,60,1392,0,33,4,86,0,0
693,5,1995,74,1455,0,38,1,42,0,2
694,6,1995,76,1443,0,30,2,44,0,1
695,7,1995,73,1519,0,37,2,70,0,2
696,8,1995,70,1502,2,32,6,92,0,5
697,9,1995,55,1306,2,32,4,99,0,0
698,10,1995,63,1332,1,34,2,95,0,1
699,12,1995,58,1276,0,38,4,46,0,3
700,13,1995,59,1338,0,40,2,55,1,0
701,14,1995,71,1487,1,39,3,86,0,0
702,15,1995,70,1506,0,37,2,47,0,1
703,16,1995,70,1448,1,33,3,91,0,1
704,17,1995,74,1532,1,40,2,89,0,4
705,18,1995,77,1613,0,35,6,58,0,7
706,19,1995,67,1367,0,36,2,51,0,2
707,30,1995,64,1277,0,34,3,54,1,2
708,20,1995,61,1282,0,35,1,45,0,1
709,21,1995,55,1163,0,34,1,40,0,0
710,22,1995,75,1691,0,44,4,62,0,2
711,23,1995,64,1390,1,31,3,84,0,3
712,24,1995,73,1618,0,46,3,50,0,3
713,11,1995,69,1646,0,38,5,59,0,1
714,26,1995,73,1690,0,45,5,83,0,0
715,27,1995,72,1620,0,46,5,70,0,6
716,28,1995,69,1530,0,39,6,57,0,1
717,31,1995,72,1612,0,39,4,71,0,3
718,0,1996,59,1258,0,35,2,71,0,2
719,1,1996,56,1337,0,34,3,75,0,2
720,2,1996,70,1459,1,35,3,90,0,2
721,3,1996,58,1341,1,36,2,97,0,1
722,4,1996,50,1195,0,31,5,59,0,3
723,6,1996,55,1287,0,35,3,63,0,2
724,7,1996,75,1582,0,41,1,92,0,3
725,8,1996,63,1358,0,33,3,57,0,3
726,9,1996,66,1567,1,39,4,97,1,2
727,10,1996,61,1403,1,38,2,95,0,2
728,12,1996,53,1339,0,30,6,89,0,1
729,13,1996,60,1320,0,38,3,59,0,2
730,14,1996,64,1439,2,41,2,97,0,1
731,15,1996,87,1825,0,39,4,55,0,0
732,16,1996,66,1287,0,35,2,47,0,2
733,17,1996,67,1463,0,39,1,73,0,3
734,18,1996,79,1504,0,37,0,37,1,0
735,19,1996,69,1675,0,46,4,65,0,0
736,30,1996,66,1421,0,35,3,88,0,2
737,20,1996,47,1038,1,26,2,90,0,1
738,21,1996,50,1310,1,30,5,93,0,2
739,22,1996,64,1424,0,39,3,54,0,3
740,23,1996,61,1276,0,33,1,48,0,1
741,24,1996,62,1233,0,27,3,44,0,2
742,25,1996,86,1734,0,45,2,44,0,5
743,11,1996,65,1401,0,43,4,50,0,1
744,26,1996,78,1899,0,53,8,58,0,1
745,27,1996,71,1542,0,41,4,86,0,1
746,28,1996,53,1171,1,30,3,91,0,0
747,31,1996,58,1075,0,23,1,60,0,2
748,0,1997,50,1133,1,32,2,101,0,0
749,1,1997,79,1694,0,45,3,58,0,1
750,2,1997,74,1708,1,42,4,102,0,2
751,3,1997,78,1538,0,36,3,53,0,3
752,4,1997,54,1203,0,31,3,61,0,3
753,6,1997,51,1075,0,29,4,51,0,2
754,7,1997,70,1696,0,48,5,63,0,0
755,8,1997,75,1613,1,46,4,63,0,2
756,9,1997,54,1345,1,38,3,94,0,3
757,10,1997,68,1442,0,42,2,61,0,2
758,12,1997,63,1520,0,42,8,49,0,0
759,13,1997,63,1298,0,31,2,48,0,3
760,14,1997,69,1520,1,40,4,57,0,1
761,15,1997,51,1198,2,26,3,99,0,1
762,16,1997,51,963,0,21,2,84,0,3
763,17,1997,58,1233,1,30,1,92,0,2
764,18,1997,54,1236,2,34,4,101,0,2
765,19,1997,59,1364,0,38,5,69,0,2
766,30,1997,58,1150,0,25,3,54,0,2
767,20,1997,49,1119,0,28,4,43,0,1
768,21,1997,64,1500,0,39,6,56,0,4
769,22,1997,53,1337,1,36,5,86,0,3
770,23,1997,81,1699,0,42,3,45,0,2
771,24,1997,68,1454,0,35,2,56,0,2
772,25,1997,71,1435,0,36,3,51,0,5
773,11,1997,59,1283,1,30,4,97,0,3
774,26,1997,58,1374,1,40,3,102,0,3
775,27,1997,76,1550,0,46,5,43,0,4
776,28,1997,67,1493,1,43,3,97,0,4
777,31,1997,65,1414,0,33,6,74,0,0
778,0,1998,59,1108,0,27,1,45,1,1
779,1,1998,66,1595,2,35,6,94,0,2
780,2,1998,72,1710,1,46,5,97,0,3
781,3,1998,56,1168,0,29,1,46,0,1
782,4,1998,58,1402,1,36,4,95,0,1
783,6,1998,59,1399,0,38,4,60,0,1
784,7,1998,63,1314,0,32,5,59,0,1
785,8,1998,70,1293,0,29,0,36,0,4
786,9,1998,63,1319,0,38,1,62,2,3
787,10,1998,71,1432,0,36,1,44,0,1
788,12,1998,51,1191,0,32,2,42,0,3
789,13,1998,53,1297,0,40,3,55,0,1
790,14,1998,60,1363,0,36,2,54,0,1
791,15,1998,46,1157,1,36,1,93,1,2
792,16,1998,66,1286,1,28,3,90,0,1
793,17,1998,61,1366,0,31,5,91,0,1
794,18,1998,57,1285,0,35,2,62,0,1
795,19,1998,68,1700,2,39,6,105,0,1
796,30,1998,56,1148,0,32,1,50,0,2
797,20,1998,60,1547,2,38,5,101,0,2
798,21,1998,76,1834,1,51,6,99,0,1
799,22,1998,62,1330,0,35,4,68,0,2
800,23,1998,62,1208,0,31,1,42,0,3
801,24,1998,68,1472,1,33,2,102,0,1
802,25,1998,69,1700,2,41,8,97,0,4
803,11,1998,70,1512,1,27,5,101,0,1
804,26,1998,62,1354,1,35,1,100,0,4
805,27,1998,64,1510,1,35,5,90,0,1
806,28,1998,55,1112,0,28,3,44,0,3
807,31,1998,54,1238,1,32,3,88,0,2
808,0,1999,77,1579,0,37,3,75,0,4
809,1,1999,68,1491,0,44,2,93,0,2
810,2,1999,84,2020,1,54,8,99,0,8
811,3,1999,51,1001,1,21,1,62,0,0
812,4,1999,63,1398,0,44,3,71,0,1
813,5,1999,89,1725,0,48,1,43,0,5
814,6,1999,55,1116,0,29,1,55,0,0
815,7,1999,64,1403,0,37,3,68,0,3
816,8,1999,69,1312,0,37,0,37,0,1
817,9,1999,63,1182,0,37,0,29,0,0
818,10,1999,67,1397,1,34,1,97,0,0
819,12,1999,58,1372,0,40,3,79,0,3
820,13,1999,72,1713,0,46,4,93,0,2
821,14,1999,69,1612,1,39,5,89,0,3
822,15,1999,76,1445,0,37,1,40,0,2
823,16,1999,69,1502,0,41,2,45,0,1
824,17,1999,46,881,1,17,2,98,2,2
825,18,1999,67,1571,0,42,6,81,0,6
826,19,1999,72,1445,0,32,2,91,0,2
827,20,1999,66,1241,1,26,2,88,0,2
828,21,1999,66,1475,2,30,6,100,0,1
829,22,1999,62,1498,0,39,5,95,0,1
830,23,1999,61,1140,0,27,2,48,0,4
831,24,1999,54,1354,2,31,7,101,2,1
832,25,1999,54,1098,0,21,3,66,1,1
833,11,1999,63,1290,1,27,3,95,0,2
834,26,1999,79,1639,0,48,2,55,0,2
835,27,1999,68,1547,0,38,7,61,0,2
836,28,1999,57,1110,0,30,2,44,0,0
837,30,1999,56,1042,0,25,1,41,0,0
838,31,1999,70,1597,2,41,5,85,0,2
839,0,2000,68,1299,0,25,1,68,0,2
840,1,2000,68,1512,0,42,0,38,0,1
841,2,2000,77,1423,0,31,2,50,1,4
842,3,2000,69,1262,0,29,0,37,0,1
843,4,2000,66,1477,1,42,2,87,0,2
844,5,2000,85,1710,0,40,2,62,0,1
845,6,2000,55,1255,0,35,3,48,0,2
846,7,2000,86,2296,1,68,9,98,0,3
847,8,2000,83,1792,1,44,3,93,0,3
848,9,2000,70,1466,0,38,0,38,0,2
849,10,2000,58,1155,0,31,1,48,0,1
850,12,2000,69,1456,0,39,2,90,0,3
851,13,2000,51,1133,0,31,3,56,0,0
852,14,2000,53,1237,1,35,3,89,0,2
853,15,2000,83,1890,3,43,5,100,0,2
854,16,2000,53,1102,1,26,4,47,0,2
855,17,2000,62,1323,0,43,1,47,0,3
856,18,2000,74,1552,1,41,4,97,0,2
857,19,2000,69,1600,0,42,6,70,0,2
858,20,2000,64,1570,1,40,5,92,0,1
859,21,2000,55,1160,1,33,2,92,0,3
860,22,2000,64,1335,0,34,3,47,0,1
861,23,2000,56,1336,1,40,1,88,0,0
862,24,2000,80,1771,1,39,6,103,0,4
863,25,2000,45,1005,0,31,2,41,0,2
864,11,2000,63,1301,0,37,2,49,0,1
865,26,2000,62,1473,0,40,4,68,0,2
866,27,2000,80,1932,1,51,6,81,0,2
867,28,2000,58,1221,1,35,2,98,0,3
868,30,2000,47,1227,0,32,5,66,0,1
869,31,2000,67,1456,0,41,0,38,0,0
870,0,2001,61,1336,0,38,2,65,0,0
871,1,2001,51,1060,0,29,0,37,1,2
872,2,2001,62,1230,0,24,3,64,0,2
873,3,2001,83,1651,0,44,0,37,0,2
874,4,2001,67,1576,0,46,2,52,0,1
875,5,2001,62,1285,0,35,3,51,1,3
876,6,2001,54,1208,0,33,3,86,1,6
877,7,2001,67,1487,0,47,4,70,0,5
878,8,2001,66,1716,2,39,6,93,0,1
879,9,2001,61,1292,0,32,3,71,0,1
880,10,2001,84,1832,1,55,3,88,0,0
881,12,2001,64,1476,0,44,4,77,0,2
882,13,2001,57,1222,0,30,4,55,1,4
883,14,2001,49,1165,1,28,3,94,0,2
884,15,2001,70,1598,1,44,3,96,0,3
885,16,2001,60,1062,0,26,1,43,0,3
886,17,2001,58,1164,1,27,1,95,0,2
887,18,2001,56,1196,0,31,1,50,0,1
888,19,2001,80,1876,0,46,5,91,0,1
889,20,2001,54,1008,0,23,1,53,0,1
890,21,2001,76,1769,2,42,7,99,0,5
891,22,2001,59,1184,0,28,1,42,0,0
892,23,2001,66,1524,1,47,3,90,0,1
893,24,2001,55,1123,0,33,1,40,0,4
894,25,2001,57,1347,0,32,3,76,0,3
895,11,2001,65,1354,0,38,2,41,0,5
896,26,2001,87,2027,0,52,5,68,0,1
897,27,2001,72,1496,0,33,3,64,0,3
898,28,2001,46,884,0,19,2,81,0,0
899,30,2001,71,1413,1,28,2,101,0,2
900,31,2001,77,1647,0,39,4,53,1,4
901,0,2002,68,1386,0,39,3,50,0,1
902,1,2002,83,1762,0,45,2,63,0,2
903,2,2002,85,1905,1,46,6,94,0,1
904,3,2002,71,1405,1,30,1,90,0,1
905,4,2002,62,1456,0,40,5,56,0,1
906,5,2002,66,1336,1,31,1,95,0,1
907,6,2002,45,1085,0,34,1,67,0,3
908,7,2002,81,1797,1,44,2,95,0,0
909,8,2002,73,1670,0,51,2,56,0,1
910,9,2002,67,1474,1,31,5,88,1,1
911,10,2002,64,1310,0,36,1,44,0,2
912,12,2002,68,1521,2,40,2,100,0,4
913,13,2002,63,1483,0,40,5,66,0,1
914,14,2002,52,1297,0,38,6,57,0,1
915,15,2002,63,1404,1,31,5,91,0,1
916,16,2002,59,1219,0,33,2,46,0,2
917,17,2002,62,1165,0,32,2,54,0,0
918,18,2002,72,1713,2,44,4,98,0,0
919,19,2002,83,2039,0,52,8,91,0,0
920,20,2002,63,1284,0,33,2,55,0,1
921,21,2002,60,1208,0,32,1,51,0,0
922,22,2002,75,1771,2,52,4,87,0,1
923,23,2002,61,1319,1,34,3,96,0,3
924,24,2002,75,1642,0,45,3,53,0,2
925,25,2002,68,1433,0,26,6,64,2,5
926,11,2002,78,1617,0,45,1,60,0,4
927,26,2002,79,1956,2,51,7,97,0,2
928,27,2002,74,1533,1,34,3,97,0,0
929,28,2002,72,1544,1,37,2,99,0,0
930,29,2002,77,1529,0,37,3,49,0,2
931,30,2002,50,982,0,23,1,48,0,0
932,31,2002,86,1775,0,45,1,51,0,4
933,0,2003,64,1327,1,32,2,95,0,0
934,1,2003,73,1738,2,37,6,89,0,2
935,2,2003,74,1474,0,36,1,46,0,2
936,3,2003,63,1369,0,39,3,75,0,0
937,4,2003,59,1302,0,35,1,83,0,2
938,5,2003,71,1501,0,37,3,69,0,2
939,6,2003,55,1042,0,25,1,44,1,1
940,7,2003,82,1881,1,47,4,100,0,0
941,8,2003,84,1804,0,49,3,60,0,1
942,9,2003,62,1577,2,36,10,100,0,2
943,10,2003,64,1510,0,42,5,90,0,0
944,12,2003,60,1292,1,32,1,54,0,3
945,13,2003,57,1202,0,31,1,49,0,0
946,14,2003,65,1387,0,38,4,54,0,1
947,15,2003,79,1572,0,47,2,52,0,4
948,16,2003,75,1492,0,40,0,36,0,2
949,17,2003,67,1316,0,38,1,61,0,2
950,18,2003,60,1461,1,43,5,90,1,0
951,19,2003,70,1584,1,36,3,96,0,2
952,20,2003,64,1511,0,41,5,60,0,0
953,21,2003,60,1345,1,33,4,100,1,4
954,22,2003,60,1428,1,37,5,92,1,0
955,23,2003,77,1596,1,37,2,85,0,0
956,24,2003,70,1488,0,45,3,42,0,2
957,25,2003,57,1222,0,28,4,75,0,2
958,11,2003,66,1482,1,40,3,94,1,1
959,26,2003,72,1524,0,40,3,53,0,5
960,27,2003,64,1336,0,34,1,56,0,1
961,28,2003,68,1405,0,34,3,53,0,2
962,29,2003,80,1700,0,44,4,70,0,0
963,30,2003,68,1299,0,35,0,39,0,2
964,31,2003,71,1428,0,33,4,48,0,1
965,0,2004,84,1716,0,45,1,40,0,1
966,1,2004,74,1607,0,40,4,73,0,2
967,2,2004,68,1403,0,39,1,40,0,2
968,3,2004,63,1542,3,35,5,104,0,2
969,4,2004,53,1122,0,30,1,48,0,1
970,5,2004,75,1504,1,35,3,93,0,4
971,6,2004,60,1450,0,39,7,59,0,0
972,7,2004,65,1293,0,28,2,71,0,4
973,8,2004,62,1478,1,45,2,87,0,0
974,9,2004,75,1820,2,42,6,97,0,1
975,10,2004,66,1545,1,42,2,88,1,1
976,12,2004,78,1603,0,39,3,62,0,0
977,13,2004,70,1660,1,48,3,95,0,2
978,14,2004,56,1214,0,30,4,66,0,1
979,15,2004,61,1331,0,38,2,49,0,0
980,16,2004,66,1658,2,44,3,92,0,3
981,17,2004,57,1087,0,24,1,45,0,0
982,18,2004,46,1038,1,27,3,94,0,3
983,19,2004,66,1568,2,37,6,99,0,0
984,20,2004,70,1522,0,35,4,71,0,3
985,21,2004,61,1307,0,29,4,49,1,2
986,22,2004,56,1302,1,34,3,93,1,1
987,23,2004,83,1700,0,41,4,64,0,3
988,24,2004,84,1604,0,48,0,31,0,1
989,25,2004,61,1264,0,30,4,64,0,1
990,11,2004,55,1203,0,28,3,70,0,0
991,26,2004,83,1879,2,42,5,98,0,1
992,27,2004,74,1529,0,42,0,36,0,0
993,28,2004,62,1335,0,34,2,48,0,4
994,29,2004,69,1450,0,36,2,49,0,0
995,30,2004,79,1558,0,46,1,45,0,2
996,31,2004,73,1448,0,39,2,55,0,1
997,0,2005,81,1540,0,38,1,40,0,1
998,1,2005,55,1092,0,26,1,40,0,1
999,2,2005,67,1580,0,39,3,94,0,1
1000,3,2005,75,1992,1,52,11,99,0,1
1001,4,2005,47,975,0,31,0,36,1,1
1002,5,2005,68,1506,1,34,5,90,0,4
1003,6,2005,59,1148,0,35,0,37,0,1
1004,7,2005,76,1719,0,48,4,90,0,1
1005,8,2005,69,1667,0,46,7,60,0,2
1006,9,2005,68,1591,1,40,6,96,0,4
1007,10,2005,51,1017,0,25,0,39,0,3
1008,12,2005,64,1523,0,46,4,49,0,2
1009,13,2005,68,1501,0,45,4,46,0,0
1010,14,2005,71,1578,0,46,2,53,0,1
1011,15,2005,70,1482,0,43,1,47,0,0
1012,16,2005,63,1529,1,45,4,95,0,1
1013,17,2005,50,1197,1,31,3,91,0,1
1014,18,2005,71,1728,1,52,5,95,1,4
1015,19,2005,73,1576,0,33,5,73,0,1
1016,20,2005,75,1418,0,34,1,57,0,4
1017,21,2005,53,1083,0,25,2,60,0,3
1018,22,2005,70,1555,0,42,2,65,0,1
1019,23,2005,80,1832,0,55,2,62,0,1
1020,24,2005,74,1580,1,34,2,99,0,3
1021,25,2005,60,1289,0,33,3,87,2,1
1022,11,2005,62,1438,2,37,3,94,0,2
1023,26,2005,75,1516,0,44,2,46,0,3
1024,27,2005,61,1347,0,38,2,53,1,2
1025,28,2005,56,1208,0,22,4,74,0,2
1026,29,2005,84,2173,2,55,8,99,0,3
1027,30,2005,70,1697,0,48,6,85,0,3
1028,31,2005,71,1549,1,36,7,86,0,2
1029,0,2006,79,1907,0,57,4,64,0,2
1030,1,2006,59,1373,2,35,3,96,0,4
1031,2,2006,59,1209,0,31,0,38,1,2
1032,3,2006,63,1503,0,40,6,88,0,2
1033,4,2006,54,1187,0,35,3,64,0,2
1034,5,2006,71,1635,1,40,7,92,0,1
1035,6,2006,61,1307,0,36,1,44,0,1
1036,7,2006,73,1610,1,39,3,99,0,2
1037,8,2006,55,1350,0,39,8,91,1,2
1038,9,2006,64,1404,0,40,4,60,0,1
1039,10,2006,58,1368,0,36,5,70,0,2
1040,12,2006,64,1493,0,45,1,41,0,3
1041,13,2006,52,1102,0,29,2,46,2,0
1042,14,2006,58,1204,0,26,2,64,0,4
1043,15,2006,68,1542,0,47,3,51,0,2
1044,16,2006,70,1407,0,43,1,51,0,1
1045,17,2006,49,1136,1,29,5,93,0,0
1046,18,2006,60,1445,2,36,8,103,0,1
1047,19,2006,74,1648,0,45,4,65,0,0
1048,20,2006,70,1379,0,36,0,35,0,1
1049,21,2006,62,1200,0,31,0,39,1,2
1050,22,2006,58,1553,1,41,5,93,0,0
1051,23,2006,73,1811,0,56,3,50,0,0
1052,24,2006,65,1383,0,41,2,40,0,2
1053,25,2006,45,1046,0,30,2,72,0,0
1054,11,2006,73,1631,1,48,2,100,1,0
1055,26,2006,60,1377,0,34,4,51,0,2
1056,27,2006,69,1548,0,45,3,50,0,0
1057,28,2006,55,1214,0,36,3,76,0,3
1058,29,2006,71,1609,0,43,3,87,0,3
1059,30,2006,79,1835,0,51,4,70,0,2
1060,31,2006,66,1492,0,42,3,65,1,1
1061,1,2007,67,1234,2,27,2,97,0,2
1062,2,2007,73,1684,1,45,3,100,2,4
1063,3,2007,70,1448,1,33,4,103,0,1
1064,4,2007,58,1293,0,41,0,35,0,3
1065,5,2007,72,1943,2,50,7,100,0,1
1066,6,2007,48,1119,1,32,2,90,0,0
1067,7,2007,74,1682,0,45,4,59,0,0
1068,8,2007,48,1224,1,34,5,89,1,0
1069,9,2007,67,1286,0,34,0,39,0,1
1070,10,2007,53,1157,0,33,2,47,0,1
1071,12,2007,61,1358,0,34,3,72,0,1
1072,13,2007,78,1552,0,40,2,52,2,1
1073,14,2007,71,1539,0,46,0,35,0,2
1074,15,2007,72,1781,0,52,5,76,0,0
1075,16,2007,66,1579,1,43,2,74,0,2
1076,17,2007,49,1110,1,25,4,100,0,0
1077,18,2007,74,1695,3,45,5,98,0,3
1078,19,2007,72,1628,1,41,3,74,0,1
1079,0,2007,73,1702,0,47,4,55,0,2
1080,20,2007,62,1349,0,35,5,67,0,0
1081,21,2007,60,1146,0,25,2,60,1,1
1082,22,2007,55,1384,2,35,4,108,2,1
1083,23,2007,78,1686,0,50,2,43,0,0
1084,24,2007,82,1938,0,57,3,84,0,2
1085,25,2007,65,1525,1,33,6,94,1,4
1086,11,2007,65,1544,0,45,2,80,0,0
1087,26,2007,71,1513,0,47,2,64,0,0
1088,27,2007,53,1173,2,28,4,91,2,2
1089,28,2007,52,1145,1,33,1,98,1,1
1090,29,2007,74,1961,4,47,5,104,0,0
1091,30,2007,52,1098,0,25,3,48,0,1
1092,31,2007,59,1461,1,35,6,104,0,1
1093,1,2008,77,1919,1,51,11,83,0,2
1094,2,2008,67,1551,0,39,6,60,0,1
1095,3,2008,75,1816,1,43,7,98,0,1
1096,4,2008,71,1550,0,46,3,95,1,1
1097,5,2008,58,1312,1,36,4,92,0,0
1098,6,2008,60,1486,1,40,4,97,0,3
1099,7,2008,75,1630,1,45,3,93,1,1
1100,8,2008,62,1485,1,43,6,103,0,3
1101,9,2008,80,1716,0,44,3,59,0,3
1102,10,2008,63,1312,0,37,1,46,0,0
1103,12,2008,70,1554,1,41,4,98,0,2
1104,13,2008,60,1213,0,31,2,60,0,1
1105,14,2008,60,1411,1,34,5,100,0,1
1106,15,2008,59,1408,0,37,4,92,0,1
1107,16,2008,55,1284,0,34,3,83,0,1
1108,17,2008,74,1678,0,50,3,51,0,2
1109,18,2008,61,1407,1,31,7,94,0,2
1110,19,2008,83,1807,0,52,2,46,0,4
1111,0,2008,76,1767,1,47,4,104,0,2
1112,20,2008,69,1387,0,37,3,45,0,0
1113,21,2008,60,1372,0,37,4,59,0,0
1114,22,2008,62,1562,1,40,7,95,0,3
1115,23,2008,78,1777,2,40,7,92,1,3
1116,24,2008,80,1761,0,54,2,75,0,1
1117,25,2008,50,1007,0,28,0,39,0,1
1118,11,2008,55,1382,0,39,4,87,1,0
1119,26,2008,62,1496,0,36,8,88,1,1
1120,27,2008,77,1948,0,53,8,61,1,3
1121,28,2008,50,1013,0,27,1,43,1,1
1122,29,2008,72,1550,0,42,1,50,0,0
1123,30,2008,52,1319,0,41,5,52,0,0
1124,31,2008,61,1369,0,35,3,49,0,2
1125,1,2009,80,1999,1,49,9,102,0,2
1126,2,2009,62,1356,1,30,2,96,1,2
1127,3,2009,64,1517,0,38,3,71,1,3
1128,4,2009,57,1217,1,33,2,93,0,2
1129,5,2009,69,1670,3,40,6,103,1,1
1130,6,2009,62,1630,1,47,2,97,2,0
1131,7,2009,54,1284,1,40,2,99,0,0
1132,8,2009,63,1442,0,38,5,66,0,0
1133,9,2009,77,1666,1,45,5,97,0,3
1134,10,2009,55,1219,1,30,1,93,0,0
1135,12,2009,47,1032,0,28,2,41,0,2
1136,13,2009,75,1739,2,45,4,101,1,1
1137,14,2009,58,1191,0,29,2,63,0,4
1138,15,2009,55,1336,0,39,2,62,0,2
1139,16,2009,71,1482,0,38,2,68,0,3
1140,17,2009,66,1492,0,44,5,43,0,1
1141,18,2009,44,1074,1,28,4,106,0,0
1142,19,2009,96,2050,0,52,4,87,0,2
1143,0,2009,52,1135,0,32,4,76,1,2
1144,20,2009,54,1193,0,34,2,54,2,2
1145,21,2009,51,1015,0,26,1,55,0,0
1146,22,2009,54,1226,0,39,1,52,0,0
1147,23,2009,66,1199,0,25,2,60,0,1
1148,24,2009,76,1764,0,53,5,58,0,1
1149,25,2009,59,1547,1,39,7,95,0,2
1150,11,2009,65,1413,0,44,1,42,0,0
1151,26,2009,57,1393,1,38,5,97,0,2
1152,27,2009,60,1316,0,37,4,46,0,2
1153,28,2009,66,1581,0,44,4,83,2,1
1154,29,2009,64,1449,1,42,2,95,0,0
1155,30,2009,69,1417,0,37,1,56,0,1
1156,31,2009,56,1297,2,30,5,101,1,1
1157,1,2010,59,1497,0,38,10,79,1,1
1158,2,2010,71,1551,0,40,4,60,0,2
1159,3,2010,69,1458,1,35,3,95,0,4
1160,4,2010,59,1435,1,35,4,97,0,4
1161,5,2010,70,1191,0,25,0,37,0,3
1162,6,2010,57,1386,1,36,4,89,0,1
1163,7,2010,84,2084,2,53,7,102,0,1
1164,8,2010,56,1342,0,39,2,45,0,1
1165,9,2010,58,1140,0,28,0,36,1,1
1166,10,2010,67,1310,1,35,1,41,0,1
1167,12,2010,74,1572,0,41,4,43,0,2
1168,13,2010,56,1199,0,30,2,46,1,1
1169,14,2010,62,1272,0,34,2,46,1,3
1170,15,2010,46,1221,1,35,5,102,0,0
1171,16,2010,57,1082,0,27,1,42,0,0
1172,17,2010,80,1903,0,55,5,65,0,3
1173,18,2010,63,1588,2,35,6,97,0,0
1174,19,2010,61,1519,1,43,5,105,0,1
1175,0,2010,61,1187,0,25,3,61,0,1
1176,20,2010,62,1249,0,31,5,51,0,2
1177,21,2010,74,1619,0,40,5,64,0,2
1178,22,2010,56,1231,2,28,3,103,1,1
1179,23,2010,68,1532,3,33,4,101,0,4
1180,24,2010,74,1614,0,47,1,84,0,2
1181,25,2010,55,1357,1,36,2,103,1,2
1182,11,2010,73,1680,1,48,5,96,0,2
1183,26,2010,52,1181,0,39,0,39,0,1
1184,27,2010,65,1558,3,35,7,101,0,2
1185,28,2010,49,1153,1,32,3,89,0,2
1186,29,2010,67,1326,0,39,1,50,0,0
1187,30,2010,64,1556,1,42,4,98,0,2
1188,31,2010,64,1427,1,37,6,95,1,2
1189,1,2011,57,1238,1,29,4,98,0,0
1190,2,2011,45,1026,0,30,1,45,0,3
1191,3,2011,37,853,0,26,3,54,0,0
1192,4,2011,39,956,0,25,3,67,0,0
1193,5,2011,48,1134,0,32,3,63,0,0
1194,6,2011,46,1024,0,29,2,78,0,1
1195,7,2011,52,1246,0,41,1,51,0,0
1196,8,2011,43,1100,1,33,3,105,0,0
1197,9,2011,46,979,0,26,0,35,0,2
1198,10,2011,31,578,0,11,1,51,0,1
1199,12,2011,33,768,0,19,2,69,0,0
1200,13,2011,39,942,0,26,2,77,0,0
1201,14,2011,39,815,0,24,0,33,0,1
1202,15,2011,24,563,0,18,0,37,0,0
1203,16,2011,52,1209,0,37,1,40,0,0
1204,17,2011,47,1055,0,33,0,37,0,1
1205,18,2011,62,1633,1,41,7,107,0,3
1206,19,2011,37,887,0,29,1,42,0,2
1207,0,2011,39,1060,1,33,2,102,0,0
1208,20,2011,41,1005,1,27,3,108,0,1
1209,21,2011,39,926,1,25,2,101,1,1
1210,22,2011,46,986,0,30,0,37,0,1
1211,23,2011,43,1011,1,21,4,101,0,1
1212,24,2011,55,1280,0,41,1,47,0,1
1213,25,2011,42,1047,0,31,3,77,0,4
1214,11,2011,56,1239,0,34,3,47,0,2
1215,26,2011,42,1111,0,33,2,92,0,0
1216,27,2011,46,1142,0,34,4,54,0,0
1217,28,2011,35,877,0,27,2,52,0,0
1218,29,2011,29,730,0,20,4,50,0,2
1219,30,2011,32,832,1,25,3,84,0,1
1220,31,2011,53,1428,1,39,5,104,0,1
1221,1,2012,47,929,0,25,2,40,0,1
1222,2,2012,41,928,0,24,2,45,0,2
1223,3,2012,42,1136,1,35,4,89,0,0
1224,4,2012,28,646,1,14,3,105,0,2
1225,5,2012,50,1269,0,39,3,74,0,1
1226,6,2012,31,630,0,17,1,55,0,1
1227,7,2012,40,930,0,25,2,65,0,2
1228,8,2012,40,957,1,27,1,99,0,0
1229,9,2012,49,1059,0,32,1,41,0,1
1230,10,2012,43,957,1,20,2,101,0,2
1231,12,2012,36,741,0,22,1,44,0,3
1232,13,2012,40,1082,1,31,4,96,0,1
1233,14,2012,60,1259,0,39,1,44,0,2
1234,15,2012,27,640,0,20,2,77,0,0
1235,16,2012,63,1648,1,43,8,97,0,1
1236,17,2012,53,1114,0,34,0,38,0,0
1237,18,2012,50,1308,1,35,7,100,0,3
1238,19,2012,34,681,0,19,1,40,0,1
1239,0,2012,49,1216,0,34,3,94,0,2
1240,20,2012,43,1074,0,35,3,46,0,1
1241,21,2012,39,867,0,31,0,35,0,1
1242,22,2012,38,807,1,20,1,104,0,1
1243,23,2012,42,935,0,26,2,51,0,0
1244,24,2012,38,799,0,22,1,48,0,2
1245,25,2012,60,1636,2,48,6,108,0,2
1246,11,2012,38,892,0,24,3,55,0,1
1247,26,2012,51,1266,0,37,2,75,0,1
1248,27,2012,29,787,1,19,5,98,0,1
1249,28,2012,43,1086,0,29,6,68,1,0
1250,29,2012,44,953,0,26,1,54,0,0
1251,30,2012,63,1489,1,40,2,105,0,0
1252,31,2012,44,1171,1,32,6,105,1,2
1253,1,2013,70,1614,0,44,5,80,1,4
1254,2,2013,39,980,0,29,3,71,1,1
1255,3,2013,23,469,0,12,0,28,0,0
1256,4,2013,39,974,1,25,3,105,0,0
1257,5,2013,40,931,0,24,3,86,0,0
1258,6,2013,34,811,0,25,2,44,1,3
1259,7,2013,27,540,0,15,1,46,0,1
1260,8,2013,32,707,0,23,1,42,1,1
1261,9,2013,44,1316,2,34,7,108,0,1
1262,10,2013,43,1011,0,34,0,39,0,0
1263,12,2013,45,1147,0,30,3,90,1,1
1264,13,2013,42,893,0,22,2,50,0,1
1265,14,2013,37,790,0,24,2,47,0,0
1266,15,2013,27,659,0,23,1,40,0,0
1267,16,2013,44,933,0,26,2,56,0,1
1268,17,2013,41,1060,0,35,4,59,0,0
1269,18,2013,45,1021,0,26,2,42,0,0
1270,19,2013,34,816,1,20,3,98,0,0
1271,0,2013,32,726,0,23,2,47,0,2
1272,20,2013,39,791,0,18,1,70,0,1
1273,21,2013,28,612,0,15,0,38,0,1
1274,22,2013,39,935,0,28,3,83,0,0
1275,23,2013,54,1201,0,39,1,41,0,3
1276,24,2013,37,835,0,28,0,32,0,0
1277,25,2013,44,1163,1,34,3,77,0,1
1278,11,2013,51,1018,0,28,0,39,0,1
1279,26,2013,22,506,0,15,1,82,0,1
1280,27,2013,33,698,0,21,2,58,0,4
1281,28,2013,43,962,0,27,4,46,0,0
1282,29,2013,51,1257,0,35,4,50,0,2
1283,30,2013,44,1096,0,33,2,95,0,2
1284,31,2013,66,1646,2,37,10,109,0,2
1285,1,2014,55,1290,1,34,4,101,0,0
1286,2,2014,45,1241,0,36,3,97,0,1
1287,3,2014,33,770,1,18,2,102,0,0
1288,4,2014,32,802,0,17,4,77,0,0
1289,5,2014,37,801,0,23,0,39,0,0
1290,6,2014,36,819,0,28,1,45,0,0
1291,7,2014,22,417,0,12,1,43,0,0
1292,8,2014,26,577,0,19,0,35,1,0
1293,9,2014,51,1430,1,40,4,99,0,0
1294,10,2014,38,1065,0,33,3,76,0,1
1295,12,2014,33,790,0,25,1,42,0,0
1296,13,2014,41,1082,0,30,4,74,2,2
1297,14,2014,32,874,2,21,3,107,0,1
1298,15,2014,50,1174,0,28,3,66,0,0
1299,16,2014,44,1025,0,35,2,45,0,3
1300,17,2014,43,1033,0,31,1,40,1,0
1301,18,2014,58,1342,0,35,5,87,0,1
1302,19,2014,25,612,0,18,1,41,0,1
1303,0,2014,45,1104,0,33,1,57,0,0
1304,20,2014,29,555,0,17,1,41,1,1
1305,21,2014,37,805,0,24,2,49,0,0
1306,22,2014,31,693,0,19,1,81,0,0
1307,23,2014,47,1027,0,35,1,42,0,1
1308,24,2014,45,1099,0,34,2,75,0,1
1309,25,2014,38,1077,1,30,5,108,0,1
1310,11,2014,36,783,0,20,2,45,0,1
1311,26,2014,21,543,0,14,1,99,0,1
1312,27,2014,39,820,0,25,2,47,0,2
1313,28,2014,35,758,0,22,1,41,0,0
1314,29,2014,20,422,0,12,1,41,0,1
1315,30,2014,48,1121,0,33,5,52,0,2
1316,31,2014,54,1173,0,29,5,51,0,1
1317,1,2015,33,892,0,24,3,74,0,0
1318,2,2015,34,700,0,19,2,58,0,1
1319,3,2015,41,772,0,22,0,32,0,0
1320,4,2015,27,588,0,16,1,41,0,0
1321,5,2015,41,1041,0,34,2,53,0,1
1322,6,2015,21,506,0,15,0,38,0,0
1323,7,2015,32,770,1,20,2,108,2,1
1324,8,2015,28,583,0,19,0,34,0,0
1325,9,2015,35,791,0,20,2,54,0,0
1326,10,2015,43,1047,0,31,3,60,0,1
1327,12,2015,28,704,0,22,2,79,0,1
1328,13,2015,43,958,0,27,1,50,0,2
1329,14,2015,27,565,0,14,2,49,0,0
1330,15,2015,26,667,0,20,2,50,1,0
1331,16,2015,39,971,1,28,4,100,0,1
1332,17,2015,31,721,0,22,2,42,0,0
1333,18,2015,37,771,0,21,1,54,0,1
1334,19,2015,44,1220,0,37,4,104,0,1
1335,0,2015,42,993,0,31,1,40,0,2
1336,20,2015,36,881,0,23,5,70,0,0
1337,21,2015,22,407,0,13,0,33,0,0
1338,22,2015,25,469,0,11,1,75,0,0
1339,23,2015,53,1268,0,38,2,70,0,3
1340,24,2015,34,830,0,23,3,102,0,0
1341,25,2015,34,857,0,25,3,50,0,0
1342,11,2015,40,999,2,25,3,101,0,0
1343,26,2015,28,605,0,17,0,38,0,0
1344,27,2015,34,868,1,23,3,105,0,0
1345,28,2015,29,701,0,20,0,38,0,1
1346,29,2015,18,430,0,15,1,41,0,1
1347,30,2015,33,680,0,17,0,34,0,1
1348,31,2015,42,1190,2,30,6,101,0,1
1349,0,2016,38,749,0,18,1,41,0,2
1350,1,2016,42,897,0,23,2,64,0,1
1351,2,2016,39,1003,0,26,3,84,0,0
1352,3,2016,39,829,0,20,2,45,0,1
1353,4,2016,21,481,0,12,2,46,0,1
1354,5,2016,34,634,0,12,0,36,0,1
1355,6,2016,21,307,0,5,0,26,0,0
1356,7,2016,25,544,0,12,2,51,1,0
1357,8,2016,28,508,0,14,0,30,0,1
1358,9,2016,40,943,1,28,2,86,0,0
1359,10,2016,32,804,1,20,3,99,0,0
1360,12,2016,24,492,0,16,0,33,0,1
1361,13,2016,35,879,1,20,4,96,0,1
1362,14,2016,35,956,2,20,5,98,0,0
1363,15,2016,23,484,0,13,1,42,0,0
1364,16,2016,31,739,0,21,3,46,0,0
1365,17,2016,37,881,1,22,3,100,0,0
1366,18,2016,43,941,0,24,2,65,0,1
1367,19,2016,35,793,0,25,2,42,0,0
1368,20,2016,32,631,0,16,1,40,0,0
1369,21,2016,37,828,0,18,3,59,0,1
1370,22,2016,29,542,0,10,2,73,0,3
1371,23,2016,26,534,0,16,1,50,0,0
1372,24,2016,47,1122,0,31,6,61,0,1
1373,25,2016,28,636,0,13,2,60,0,2
1374,11,2016,27,570,0,14,1,45,0,1
1375,26,2016,28,462,0,8,0,31,0,0
1376,27,2016,35,808,0,25,2,46,0,0
1377,28,2016,28,603,0,19,1,44,0,0
1378,29,2016,30,557,0,11,0,39,0,3
1379,30,2016,33,629,0,13,0,37,0,0
1380,31,2016,33,902,1,20,4,104,0,1
1381,0,2017,31,570,0,13,0,34,0,0
1382,1,2017,46,969,0,27,1,46,0,1
1383,2,2017,34,670,0,16,1,41,0,1
1384,3,2017,32,640,0,17,0,29,1,0
1385,4,2017,34,768,0,21,2,61,0,1
1386,5,2017,35,790,0,18,2,71,0,0
1387,6,2017,20,432,0,9,2,50,0,0
1388,7,2017,29,592,0,16,1,55,0,0
1389,8,2017,25,474,0,12,1,44,0,0
1390,9,2017,47,1051,0,28,2,42,0,0
1391,10,2017,28,590,0,15,1,60,0,1
1392,12,2017,25,620,0,17,1,61,1,0
1393,13,2017,40,834,0,27,0,37,0,1
1394,14,2017,18,354,0,9,0,35,0,0
1395,15,2017,39,871,0,24,2,61,0,2
1396,16,2017,31,609,0,16,0,30,0,0
1397,17,2017,25,551,0,14,1,68,0,2
1398,18,2017,34,683,0,18,1,40,0,0
1399,19,2017,32,583,0,16,0,35,0,0
1400,20,2017,35,761,0,20,0,34,0,0
1401,21,2017,34,760,1,17,1,103,0,0
1402,22,2017,28,622,1,13,2,103,0,0
1403,23,2017,34,738,0,16,4,49,0,3
1404,24,2017,40,1001,1,29,3,103,0,1
1405,25,2017,34,936,1,25,3,96,0,0
1406,11,2017,34,673,0,16,0,35,0,1
1407,26,2017,36,825,1,18,2,106,0,0
1408,27,2017,43,1004,1,25,3,99,0,0
1409,28,2017,33,630,1,15,1,96,0,0
1410,29,2017,27,558,0,15,1,42,0,1
1411,30,2017,28,618,0,17,3,57,1,0
1412,31,2017,25,619,0,20,0,39,0,1
1413,0,2018,36,944,1,25,3,97,0,2
1414,1,2018,23,440,0,10,0,31,0,0
1415,2,2018,43,1071,0,27,5,77,0,0
1416,3,2018,38,807,0,23,1,49,0,1
1417,4,2018,30,604,0,17,0,35,0,2
1418,5,2018,44,884,0,25,0,35,1,0
1419,6,2018,31,631,0,16,0,38,0,0
1420,7,2018,25,536,0,12,0,36,0,0
1421,8,2018,28,653,0,19,1,40,0,0
1422,9,2018,40,975,0,24,3,97,0,2
1423,10,2018,17,337,0,9,0,29,0,0
1424,12,2018,13,283,0,9,0,35,0,0
1425,13,2018,39,938,1,25,1,102,0,0
1426,14,2018,33,725,0,22,1,48,0,0
1427,15,2018,31,689,0,18,3,53,0,0
1428,16,2018,45,1097,0,34,3,51,0,1
1429,17,2018,26,532,0,15,2,47,0,0
1430,18,2018,46,1238,1,30,7,99,1,2
1431,19,2018,20,482,0,16,1,45,0,1
1432,20,2018,30,644,0,22,0,38,0,2
1433,21,2018,26,582,0,17,0,37,0,1
1434,22,2018,28,755,1,21,2,95,0,1
1435,23,2018,29,663,0,21,0,34,0,1
1436,24,2018,39,834,0,23,1,40,0,0
1437,25,2018,32,707,0,21,0,39,0,0
1438,11,2018,29,570,0,13,1,44,0,0
1439,26,2018,23,560,0,17,2,50,0,0
1440,27,2018,29,669,0,16,2,84,0,0
1441,28,2018,32,619,0,19,0,35,0,0
1442,29,2018,20,487,0,13,0,36,0,1
1443,30,2018,23,737,1,20,2,94,0,0
1444,31,2018,22,540,0,17,1,46,0,0
1445,0,2019,20,409,0,12,1,81,0,1
1446,1,2019,34,903,1,23,2,102,0,1
1447,2,2019,42,1091,1,28,4,92,0,1
1448,3,2019,32,802,1,21,4,66,0,0
1449,4,2019,21,534,0,16,3,60,0,1
1450,5,2019,38,830,0,22,2,74,0,0
1451,6,2019,25,494,0,13,0,39,0,1
1452,7,2019,36,764,0,21,0,39,0,0
1453,8,2019,35,726,0,21,1,43,0,0
1454,9,2019,37,927,1,26,1,104,0,2
1455,10,2019,31,707,0,18,2,47,0,2
1456,12,2019,20,325,0,10,0,30,0,0
1457,13,2019,36,796,1,20,2,101,0,0
1458,14,2019,29,653,0,18,1,67,0,2
1459,15,2019,25,571,0,14,1,47,0,0
1460,16,2019,49,1153,0,32,3,52,1,0
1461,17,2019,26,628,0,20,1,59,0,2
1462,18,2019,37,807,0,21,1,78,0,1
1463,19,2019,23,564,1,13,1,100,0,0
1464,20,2019,32,667,0,17,1,45,0,0
1465,21,2019,31,677,0,22,0,36,0,1
1466,22,2019,26,575,0,17,0,38,0,0
1467,23,2019,35,811,0,19,2,72,0,1
1468,24,2019,18,404,0,13,0,30,0,0
1469,25,2019,27,493,0,11,1,46,0,0
1470,11,2019,33,833,1,20,3,91,0,1
1471,26,2019,28,676,0,17,4,51,1,0
1472,27,2019,22,432,0,12,0,33,0,0
1473,28,2019,29,525,0,14,0,34,0,0
1474,29,2019,14,308,0,10,0,31,0,0
1475,30,2019,30,638,0,18,1,45,0,0
1476,31,2019,17,380,0,10,0,38,0,2
1477,0,2020,27,520,0,12,0,34,0,1
1478,1,2020,47,1145,1,31,6,104,0,0
1479,2,2020,31,764,1,17,5,103,0,0
1480,3,2020,36,995,0,30,5,60,0,2
1481,4,2020,27,557,0,17,0,31,0,0
1482,5,2020,36,795,0,22,1,43,0,0
1483,6,2020,25,546,0,19,0,34,0,1
1484,7,2020,24,525,0,15,2,54,0,1
1485,8,2020,42,924,0,21,3,76,0,0
1486,9,2020,25,646,1,18,2,102,0,0
1487,10,2020,43,1111,1,33,2,101,0,0
1488,12,2020,37,965,1,25,5,67,0,0
1489,13,2020,12,215,0,4,1,45,0,0
1490,14,2020,31,648,0,17,2,46,0,1
1491,15,2020,20,409,0,11,0,29,0,1
1492,11,2020,31,645,0,22,1,46,0,0
1493,16,2020,36,788,0,20,2,48,0,3
1494,17,2020,30,614,0,14,1,40,0,1
1495,18,2020,41,811,0,18,2,66,0,0
1496,19,2020,34,845,0,22,3,71,0,0
1497,20,2020,33,623,0,17,0,34,0,1
1498,21,2020,29,734,0,21,1,98,0,0
1499,22,2020,31,717,0,21,1,53,0,1
1500,23,2020,22,418,0,10,1,44,0,2
1501,24,2020,25,516,0,14,1,41,0,0
1502,25,2020,23,613,1,17,1,93,0,0
1503,26,2020,30,761,0,22,1,75,0,1
1504,27,2020,28,629,0,19,2,49,0,0
1505,28,2020,29,670,0,20,1,49,0,0
1506,29,2020,36,722,0,23,0,29,0,0
1507,30,2020,38,767,1,18,1,42,0,0
1508,31,2020,33,722,0,22,0,38,0,0
1509,0,2021,34,642,0,15,1,68,1,3
1510,1,2021,51,1180,0,31,3,50,0,2
1511,2,2021,33,662,0,18,1,44,0,0
1512,3,2021,34,790,0,21,2,75,0,1
1513,4,2021,18,291,0,4,0,26,0,0
1514,5,2021,40,828,0,24,0,35,0,0
1515,6,2021,30,592,0,11,1,41,0,0
1516,7,2021,29,611,0,18,0,32,0,0
1517,8,2021,39,976,1,21,4,101,0,0
1518,9,2021,30,702,0,22,0,39,0,2
1519,10,2021,33,808,0,21,4,72,0,1
1520,12,2021,29,719,1,20,2,100,0,0
1521,13,2021,19,330,0,6,0,31,0,0
1522,14,2021,34,630,0,18,1,44,0,3
1523,15,2021,46,999,0,30,0,38,0,1
1524,11,2021,36,904,1,25,1,101,0,1
1525,16,2021,33,683,0,20,0,38,0,0
1526,17,2021,36,799,1,20,1,102,0,1
1527,18,2021,50,1371,1,37,4,102,0,1
1528,19,2021,36,880,0,28,2,47,0,0
1529,20,2021,30,531,0,12,1,41,0,0
1530,21,2021,28,620,0,20,0,39,0,0
1531,22,2021,25,544,0,17,0,37,0,1
1532,23,2021,35,694,0,18,0,34,0,1
1533,24,2021,34,686,0,13,1,65,0,1
1534,25,2021,32,737,0,25,1,47,0,0
1535,26,2021,37,838,0,23,0,39,0,1
1536,27,2021,38,894,1,28,2,44,0,0
1537,28,2021,38,849,0,22,1,40,0,0
1538,29,2021,43,1006,1,23,2,98,0,0
1539,30,2021,40,778,0,19,0,37,0,1
1540,31,2021,32,849,2,21,4,99,0,0
1541,0,2022,26,599,0,18,0,39,0,1
1542,1,2022,38,996,0,31,5,63,0,0
1543,2,2022,29,596,0,17,1,42,0,0
1544,3,2022,36,908,2,24,4,101,0,0
1545,4,2022,24,420,0,10,0,29,0,2
1546,5,2022,41,943,0,23,3,48,0,0
1547,6,2022,28,595,0,16,1,54,0,1
1548,7,2022,31,686,0,18,1,44,0,0
1549,8,2022,27,512,0,10,0,33,0,1
1550,9,2022,36,692,0,14,3,48,0,2
1551,10,2022,43,1197,0,35,4,89,0,1
1552,11,2022,41,902,0,25,2,45,0,0
1553,12,2022,22,526,0,13,1,63,0,1
1554,13,2022,29,549,0,14,0,31,0,0
1555,14,2022,30,663,0,17,2,66,0,0
1556,15,2022,28,634,1,15,1,103,0,0
1557,16,2022,26,555,0,14,2,47,0,0
1558,17,2022,29,721,0,22,2,54,0,0
1559,18,2022,31,666,0,21,1,42,0,0
1560,19,2022,34,889,0,29,3,52,0,2
1561,20,2022,47,1205,1,24,5,105,0,0
1562,21,2022,31,747,0,17,3,66,0,2
1563,22,2022,36,856,0,25,1,46,0,0
1564,23,2022,32,668,0,18,0,33,0,0
1565,24,2022,33,663,0,17,0,34,0,0
1566,25,2022,27,659,1,17,2,103,0,0
1567,26,2022,27,595,0,19,0,33,0,1
1568,27,2022,30,728,0,22,2,50,0,0
1569,28,2022,24,510,0,11,1,89,0,1
1570,29,2022,22,513,0,16,1,50,0,0
1571,30,2022,37,792,0,22,0,37,0,0
1572,31,2022,36,920,1,28,1,97,0,0
