id,team_id,year,net_yds,punts,yds,in_20,oob,dn,tb,fc,ret,rety,td,p_blk
0,0,1970,2617,75,2877,0,3,9,4,21,38,180,0,0
1,1,1970,2916,84,3424,0,5,8,12,19,40,268,0,0
2,2,1970,3079,79,3651,0,1,10,9,11,48,392,2,0
3,3,1970,2897,83,3228,0,3,12,2,23,42,291,0,1
4,4,1970,3236,87,3732,0,4,7,4,16,56,416,0,0
5,5,1970,2800,71,3023,0,1,11,7,28,23,83,0,1
6,7,1970,2489,65,2659,0,4,11,4,20,26,90,0,0
7,8,1970,2773,74,3165,0,4,11,4,20,34,312,1,1
8,9,1970,2961,76,3415,0,5,10,2,8,51,414,0,0
9,10,1970,2314,63,2819,0,5,3,7,9,38,365,1,1
10,12,1970,2446,69,2847,0,1,11,6,12,38,281,1,1
11,13,1970,2071,58,2392,0,0,9,4,25,20,241,1,0
12,14,1970,2393,71,2596,0,1,24,2,22,22,163,1,0
13,15,1970,2617,76,2944,0,4,7,3,22,40,267,0,0
14,16,1970,1888,54,2069,0,5,7,6,14,21,61,0,1
15,18,1970,2425,73,2925,0,2,6,6,16,42,380,0,1
16,19,1970,2270,62,2483,0,2,13,5,12,29,113,0,1
17,30,1970,2998,84,3559,0,3,6,6,16,52,441,0,1
18,20,1970,3043,87,3501,0,10,20,6,11,40,338,0,0
19,22,1970,3021,86,3364,0,7,18,2,16,42,303,0,1
20,23,1970,2758,79,3121,0,2,9,3,24,40,303,0,1
21,24,1970,2317,67,2618,0,8,6,6,15,32,181,0,0
22,11,1970,2134,61,2493,0,1,6,5,13,35,259,0,1
23,26,1970,2755,77,3269,0,2,6,4,22,41,434,1,2
24,28,1970,3041,78,3445,0,4,6,5,11,51,304,0,1
25,31,1970,1927,61,2309,0,4,9,3,7,38,322,1,0
26,0,1971,1810,51,1974,0,1,7,6,17,19,44,0,1
27,1,1971,2763,77,3095,0,7,9,8,22,31,172,0,0
28,2,1971,2799,73,3263,0,4,12,8,8,41,304,1,0
29,3,1971,2501,75,3067,0,1,11,6,16,40,446,0,1
30,4,1971,2588,76,3176,0,3,7,6,14,45,468,0,1
31,5,1971,2403,67,2670,0,3,15,2,19,26,227,0,2
32,7,1971,2164,61,2364,0,4,9,2,21,24,160,1,1
33,8,1971,2232,55,2392,0,2,10,6,17,20,40,0,0
34,9,1971,2438,64,2864,0,6,4,7,6,40,286,0,1
35,10,1971,2235,62,2542,0,1,5,2,14,40,267,0,0
36,12,1971,1978,56,2329,0,0,8,6,15,26,231,0,1
37,13,1971,1901,52,2087,0,1,6,4,14,26,106,0,1
38,14,1971,2687,75,3139,0,6,13,4,11,40,372,0,1
39,15,1971,2059,60,2216,0,3,7,2,21,26,117,0,1
40,16,1971,2302,66,2681,0,3,2,3,8,50,319,0,0
41,18,1971,2607,78,3026,0,4,9,3,21,41,359,0,0
42,19,1971,1541,42,1752,0,2,9,5,6,18,111,0,2
43,30,1971,2620,75,3044,0,8,10,6,12,39,304,0,0
44,20,1971,1929,56,2238,0,2,12,7,12,23,169,0,0
45,22,1971,2930,87,3249,0,6,12,2,31,36,279,1,0
46,23,1971,2206,62,2474,0,1,8,5,22,26,168,0,0
47,24,1971,2709,70,2896,0,8,9,6,20,27,67,0,0
48,11,1971,2221,58,2348,0,4,9,2,25,17,87,0,1
49,26,1971,2857,77,3188,0,7,12,4,11,43,251,0,0
50,28,1971,2976,79,3455,0,3,7,8,16,45,319,0,0
51,31,1971,3099,89,3515,0,5,16,4,17,47,336,0,0
52,0,1972,2332,64,2542,0,2,5,7,29,20,70,0,1
53,1,1972,2512,67,2758,0,6,5,6,26,24,126,0,0
54,2,1972,2505,66,2777,0,6,12,6,16,26,152,0,0
55,3,1972,2695,80,3104,0,5,14,4,17,39,329,1,1
56,4,1972,2139,60,2408,0,1,10,1,19,28,249,1,1
57,5,1972,3061,81,3498,0,0,10,4,21,46,357,0,0
58,7,1972,2709,73,2873,0,3,10,1,22,37,144,0,0
59,8,1972,1556,45,1813,0,5,7,5,11,17,157,1,0
60,9,1972,2372,66,2960,0,3,7,13,4,38,328,0,1
61,10,1972,2056,57,2400,0,4,3,7,13,29,204,0,1
62,12,1972,1848,51,1949,0,4,3,3,26,15,41,0,0
63,13,1972,1607,44,1734,0,4,9,3,11,17,67,0,0
64,14,1972,2383,63,2540,0,0,8,1,28,26,137,0,0
65,15,1972,2310,61,2609,0,8,10,3,10,30,239,0,0
66,16,1972,1655,47,2006,0,3,4,9,3,27,171,0,1
67,18,1972,1727,51,2006,0,5,11,2,9,23,239,0,1
68,19,1972,1413,43,1734,0,6,5,0,6,26,321,1,0
69,30,1972,3107,85,3486,0,8,14,4,27,31,299,1,1
70,20,1972,2309,65,2714,0,7,9,9,6,32,225,0,2
71,22,1972,2473,75,2859,0,7,8,1,24,34,366,1,1
72,23,1972,1776,55,2031,0,6,5,2,11,28,215,0,3
73,24,1972,2230,53,2344,0,3,15,3,10,22,54,0,0
74,11,1972,2214,59,2273,0,2,8,1,29,19,39,0,0
75,26,1972,2518,71,2899,0,7,8,5,14,36,281,0,1
76,28,1972,2526,66,2875,0,1,7,9,10,37,169,0,2
77,31,1972,2134,62,2651,0,5,7,10,4,35,317,0,1
78,0,1973,2888,79,3455,0,5,11,10,7,46,367,0,0
79,1,1973,3033,86,3427,0,3,12,5,26,40,294,0,0
80,2,1973,2587,68,2790,0,8,9,4,20,27,123,0,0
81,3,1973,2288,66,2660,0,4,6,3,19,34,312,1,0
82,4,1973,2717,69,3114,0,5,14,7,12,31,257,0,0
83,5,1973,2991,82,3321,0,4,11,3,19,44,270,0,1
84,7,1973,2232,66,2478,0,3,15,3,21,23,186,0,1
85,8,1973,2581,72,2958,0,3,15,6,10,35,257,0,3
86,9,1973,2936,80,3642,0,8,7,13,3,48,446,0,1
87,10,1973,2082,62,2402,0,2,7,2,21,28,280,0,2
88,12,1973,2156,59,2448,0,7,7,7,7,29,152,1,2
89,13,1973,1789,48,2031,0,3,6,3,8,28,182,0,0
90,14,1973,2160,64,2616,0,2,7,4,16,35,376,0,0
91,15,1973,2397,63,2682,0,4,8,5,16,30,185,0,0
92,16,1973,2122,68,2641,0,3,13,7,9,32,379,0,4
93,18,1973,2213,74,2744,0,4,8,6,18,36,411,1,2
94,19,1973,2067,54,2333,0,5,7,5,6,30,166,0,1
95,30,1973,2876,85,3299,0,9,12,4,16,44,343,0,0
96,20,1973,2407,68,2787,0,5,5,4,13,41,300,0,0
97,22,1973,2145,61,2297,0,5,4,0,23,29,152,0,0
98,23,1973,2677,69,3127,0,3,8,8,10,40,290,0,0
99,24,1973,1698,51,2079,0,7,5,6,8,24,261,0,1
100,11,1973,2437,64,2581,0,6,12,2,30,14,104,0,0
101,26,1973,2688,81,3375,0,5,9,5,13,49,587,1,0
102,28,1973,2160,62,2548,0,7,5,4,8,37,308,0,1
103,31,1973,2277,66,2628,0,6,6,4,8,42,271,1,0
104,0,1974,2225,70,2856,0,6,8,7,2,46,491,0,1
105,1,1974,2662,91,3435,0,10,7,7,8,58,633,1,1
106,2,1974,2044,66,2701,0,6,4,10,5,41,457,0,0
107,3,1974,2223,69,2799,0,7,9,8,0,45,416,0,0
108,4,1974,2435,75,3024,0,21,4,3,1,45,529,0,1
109,5,1974,2718,90,3643,0,5,1,11,5,68,705,1,0
110,7,1974,2473,81,3131,0,8,7,7,3,56,518,1,0
111,8,1974,2501,76,3042,0,13,6,7,2,48,401,0,0
112,9,1974,2768,83,3462,0,18,5,3,0,55,634,0,2
113,10,1974,2141,71,2634,0,8,6,4,6,46,413,0,1
114,12,1974,2286,73,2809,0,16,7,9,10,31,343,1,0
115,13,1974,2212,65,2511,0,7,6,2,8,42,259,0,0
116,14,1974,2734,84,3026,0,9,20,2,14,37,252,0,2
117,15,1974,3073,96,3891,0,11,6,8,11,59,658,1,1
118,16,1974,2051,69,2769,0,7,5,12,0,43,478,0,2
119,18,1974,2117,75,2689,0,21,6,11,10,27,352,0,0
120,19,1974,2315,73,2790,0,4,10,10,10,37,275,0,2
121,30,1974,2560,79,3100,0,7,4,2,10,56,500,0,0
122,20,1974,2172,69,2648,0,5,8,6,2,48,356,0,0
123,22,1974,2157,71,2571,0,16,3,5,6,41,314,0,0
124,23,1974,2541,74,3124,0,7,5,15,7,40,283,0,0
125,24,1974,2136,75,2729,0,19,3,7,5,40,453,1,1
126,11,1974,2205,74,2823,0,8,3,8,4,50,458,1,1
127,26,1974,2757,91,3803,0,22,2,7,1,59,906,2,0
128,28,1974,2407,78,3040,0,9,7,11,4,47,413,0,0
129,31,1974,2211,73,2636,0,13,6,4,4,45,345,0,1
130,0,1975,2194,67,2804,0,5,9,6,1,43,490,0,3
131,1,1975,3242,94,3664,0,6,13,6,20,49,302,0,0
132,2,1975,2149,68,2655,0,8,7,6,4,42,386,1,1
133,3,1975,2137,61,2536,0,9,3,11,7,29,179,0,2
134,4,1975,1821,63,2515,0,7,5,8,4,39,534,1,0
135,5,1975,2708,82,3317,0,9,5,7,15,45,469,0,1
136,7,1975,1963,64,2412,0,8,8,6,7,34,329,0,1
137,8,1975,2457,79,2910,0,8,9,4,9,48,373,0,1
138,9,1975,2223,72,2826,0,17,7,5,5,36,503,0,2
139,10,1975,2669,86,3402,0,8,10,11,5,51,513,0,1
140,12,1975,2255,68,2676,0,9,5,8,8,37,261,0,1
141,13,1975,2033,65,2506,0,11,8,5,7,34,373,1,0
142,14,1975,2561,83,3231,0,7,5,7,6,58,530,1,0
143,15,1975,3047,89,3696,0,7,9,13,6,53,389,0,1
144,16,1975,2909,86,3353,0,13,18,4,12,39,364,1,0
145,18,1975,1808,59,2156,0,4,11,7,12,22,208,1,3
146,19,1975,2551,81,3395,0,9,9,16,5,41,524,1,1
147,30,1975,2390,74,2906,0,7,6,8,6,47,356,0,0
148,20,1975,3063,95,3404,0,15,12,6,14,45,221,0,3
149,22,1975,2470,83,3223,0,11,5,12,13,42,513,1,0
150,23,1975,2394,68,2979,0,6,7,16,4,35,265,0,0
151,24,1975,2288,73,2874,0,8,6,9,5,45,406,0,0
152,11,1975,2564,72,2924,0,8,6,6,13,39,240,0,0
153,26,1975,2781,92,3776,0,7,5,16,0,61,675,1,3
154,28,1975,2358,69,2717,0,12,9,8,3,36,199,0,1
155,31,1975,2378,73,2997,0,5,8,10,1,47,419,0,2
156,0,1976,3083,89,3634,17,16,9,10,2,52,351,0,2
157,1,1976,3220,99,3726,20,12,15,8,20,44,346,0,1
158,2,1976,2556,76,2999,12,19,3,6,7,41,323,1,0
159,3,1976,2520,86,3678,16,13,5,14,2,52,878,2,1
160,4,1976,2513,83,2945,9,18,16,3,3,43,372,1,1
161,5,1976,1981,66,2578,9,7,2,4,8,45,517,2,3
162,6,1976,2805,92,3619,12,4,10,3,4,71,754,1,0
163,7,1976,1787,64,2331,12,11,5,12,3,33,304,1,2
164,8,1976,2335,80,3176,17,13,7,12,3,45,601,1,2
165,9,1976,2256,67,2792,15,5,10,8,5,39,376,1,1
166,10,1976,2051,59,2342,20,8,10,3,5,33,231,0,0
167,12,1976,2247,72,2739,15,13,10,12,9,28,252,0,2
168,13,1976,1994,62,2366,14,9,8,5,6,34,272,0,0
169,14,1976,2900,94,3445,23,17,7,7,10,53,405,0,3
170,15,1976,3653,101,4253,28,8,9,12,20,52,360,0,0
171,16,1976,2354,74,3054,11,14,4,10,1,45,500,0,3
172,18,1976,2640,81,3218,13,7,8,6,5,55,458,1,0
173,19,1976,2898,84,3296,16,7,17,6,15,39,278,0,1
174,30,1976,2790,99,3529,13,14,8,4,13,60,659,0,1
175,20,1976,2706,83,3074,17,10,10,5,10,48,268,0,1
176,22,1976,2160,67,2688,12,7,4,12,7,37,288,0,0
177,23,1976,2221,67,2785,13,9,3,15,2,38,264,0,0
178,24,1976,2605,77,3006,16,5,10,6,17,39,281,0,2
179,11,1976,2960,90,3503,15,13,9,11,13,44,323,0,0
180,26,1976,3132,101,3974,14,12,10,5,10,64,742,1,0
181,27,1976,2450,80,3067,13,7,10,4,3,56,537,1,2
182,28,1976,2516,76,2982,22,16,7,13,4,36,206,0,0
183,31,1976,2172,69,2678,5,7,7,11,4,40,286,0,0
184,0,1977,2277,77,2801,10,9,11,4,6,47,444,0,3
185,1,1977,2876,80,3232,17,5,11,7,15,42,216,0,2
186,2,1977,2570,69,2890,18,12,10,3,6,38,260,0,1
187,3,1977,2425,81,3229,14,17,9,10,3,42,604,0,2
188,4,1977,3066,91,3563,19,7,14,5,10,55,397,0,0
189,5,1977,1801,62,2419,23,18,9,3,1,31,558,3,0
190,6,1977,3359,98,3948,16,5,10,6,6,71,469,0,1
191,7,1977,2331,71,2608,16,3,16,6,13,33,157,0,1
192,8,1977,2269,72,2707,10,17,6,3,6,40,378,0,1
193,9,1977,2707,88,3510,11,6,13,5,14,50,703,0,1
194,10,1977,2481,82,3142,19,14,10,9,5,44,481,1,2
195,12,1977,2735,82,3215,27,22,6,10,8,36,280,1,1
196,13,1977,1852,57,2139,14,5,11,1,11,29,267,0,1
197,14,1977,3119,93,3463,22,12,17,5,14,45,244,0,2
198,15,1977,3593,106,4372,20,15,15,13,5,58,519,0,0
199,16,1977,3233,100,3993,19,11,14,4,4,67,680,0,0
200,18,1977,2227,76,2855,10,4,14,9,3,46,448,0,0
201,19,1977,3000,99,3655,6,11,4,6,16,62,535,1,2
202,30,1977,2510,77,3030,12,7,8,9,7,46,340,0,2
203,20,1977,2900,85,3391,16,11,8,9,4,53,311,0,1
204,22,1977,1964,65,2354,14,8,12,6,6,33,270,0,3
205,23,1977,2055,59,2552,11,10,3,14,1,31,217,0,0
206,24,1977,2292,73,2568,11,11,10,8,15,29,116,0,0
207,11,1977,3194,91,3502,29,13,17,4,7,50,228,0,0
208,26,1977,2745,85,3569,11,6,8,11,9,51,604,2,2
209,27,1977,1961,62,2430,10,4,10,4,2,42,389,0,2
210,28,1977,2171,72,2651,14,15,6,5,12,34,380,1,1
211,31,1977,2595,83,3302,19,15,12,10,4,42,507,1,0
212,0,1978,3067,96,3583,15,14,12,8,16,46,356,0,1
213,1,1978,3094,96,3549,18,4,16,8,23,45,295,0,0
214,2,1978,3243,95,4027,27,13,9,11,4,58,564,0,0
215,3,1978,2751,87,3373,19,6,16,9,8,48,442,1,2
216,4,1978,3148,96,3494,23,6,15,6,21,48,226,0,0
217,5,1978,2563,79,3089,16,12,12,8,6,41,366,0,0
218,6,1978,3365,100,4092,20,10,10,14,4,62,447,0,2
219,7,1978,3080,101,3815,19,10,13,8,11,59,575,0,1
220,8,1978,2204,73,2720,22,13,6,8,9,37,356,1,2
221,9,1978,2569,79,3247,18,10,8,7,4,50,538,0,1
222,10,1978,2873,92,3513,17,14,6,9,10,53,460,0,2
223,12,1978,2545,76,3076,16,9,3,11,13,40,311,0,1
224,13,1978,2780,81,3263,22,9,11,9,10,42,303,0,0
225,14,1978,2831,91,3385,18,10,12,10,12,47,354,1,1
226,15,1978,3742,109,4227,24,10,16,9,20,54,305,0,1
227,16,1978,3151,95,3995,19,7,10,11,6,61,624,0,0
228,18,1978,2215,74,2964,9,6,7,7,2,52,609,0,0
229,19,1978,3047,86,3654,19,8,9,7,8,54,467,0,1
230,30,1978,2902,91,3539,20,8,4,6,20,53,517,1,1
231,20,1978,3293,106,3759,20,8,16,9,22,51,286,0,0
232,22,1978,1785,61,2137,16,12,6,4,10,29,272,0,0
233,23,1978,2873,81,3462,23,18,6,14,5,38,309,0,2
234,24,1978,2746,83,3069,26,11,10,5,19,38,223,1,2
235,11,1978,3528,103,4056,23,7,13,10,25,48,328,2,1
236,26,1978,2793,84,3532,14,5,6,10,4,59,539,0,2
237,27,1978,2022,69,2513,14,7,11,6,9,36,371,0,0
238,28,1978,2323,66,2642,14,12,3,4,9,38,239,0,0
239,31,1978,2390,82,3091,15,10,7,8,5,52,541,0,3
240,0,1979,2164,71,2626,15,12,5,10,7,37,262,0,1
241,1,1979,2962,92,3486,26,7,13,6,12,54,404,0,1
242,2,1979,3113,89,3678,19,11,9,12,9,48,325,0,2
243,3,1979,2896,96,3671,14,3,12,11,9,61,555,1,0
244,4,1979,2935,89,3555,17,11,8,7,11,52,480,0,0
245,5,1979,2289,69,2844,7,4,9,9,2,45,375,0,2
246,6,1979,2909,93,3679,14,6,7,25,8,47,270,0,2
247,7,1979,2562,79,3060,17,9,12,6,7,45,378,0,2
248,8,1979,2352,75,2736,23,2,12,9,18,34,204,0,0
249,9,1979,3348,89,3883,23,15,6,11,8,49,315,0,1
250,10,1979,3261,99,3657,21,8,19,5,24,43,296,1,2
251,12,1979,2736,76,3168,21,7,8,9,18,34,252,0,0
252,13,1979,2432,70,2803,13,6,10,12,17,25,131,0,1
253,14,1979,2639,75,2959,14,13,6,6,16,34,200,0,1
254,15,1979,2957,83,3296,12,5,7,4,26,41,259,0,1
255,16,1979,3818,104,4445,19,4,9,9,22,60,447,0,0
256,18,1979,2519,73,2979,22,7,15,10,8,33,260,0,1
257,19,1979,3349,98,3929,15,9,10,7,15,57,440,1,0
258,30,1979,2951,93,3777,14,9,6,5,9,64,726,1,0
259,20,1979,2400,69,2785,11,5,10,4,7,43,305,0,0
260,22,1979,2501,83,3038,20,13,14,11,17,28,317,1,1
261,23,1979,2363,69,2939,16,10,3,8,8,40,416,1,1
262,24,1979,3186,93,3731,17,14,7,7,6,59,405,0,2
263,11,1979,2663,78,2998,12,7,12,10,20,29,135,0,0
264,26,1979,2363,69,2726,16,9,10,7,11,32,223,0,0
265,27,1979,2318,67,2687,11,4,5,4,12,42,289,0,3
266,28,1979,2297,68,2733,19,12,7,8,10,31,276,0,0
267,31,1979,3017,90,3551,23,11,12,9,10,48,354,0,1
268,0,1980,2522,77,3152,11,7,6,5,11,48,530,0,0
269,1,1980,2592,79,3207,16,5,11,10,7,46,415,0,0
270,2,1980,2719,85,3457,22,7,13,13,6,46,478,0,2
271,3,1980,2304,73,2828,12,2,15,16,6,34,204,0,1
272,4,1980,2512,70,3075,10,4,4,6,4,52,443,1,0
273,5,1980,2145,66,2530,12,5,10,7,6,38,245,0,0
274,6,1980,2953,88,3722,18,10,8,12,4,54,529,1,1
275,7,1980,3166,99,4111,12,6,4,15,12,62,645,1,1
276,8,1980,1928,60,2347,10,4,5,3,5,43,359,0,1
277,9,1980,2868,84,3317,23,17,4,8,11,44,289,0,1
278,10,1980,2726,82,3203,22,6,8,6,13,49,357,1,2
279,12,1980,2468,71,2903,17,9,9,11,10,32,215,0,0
280,13,1980,2780,77,3279,18,7,11,8,9,42,339,0,2
281,14,1980,2563,75,2947,16,11,12,8,9,35,224,0,1
282,15,1980,2707,79,3087,25,5,13,7,18,36,240,0,0
283,16,1980,3445,94,4211,16,7,12,13,4,58,506,0,0
284,18,1980,2527,73,3096,15,3,7,10,7,46,369,1,1
285,19,1980,2576,72,3036,16,9,9,8,8,38,300,1,1
286,30,1980,2173,67,2727,19,5,5,8,9,40,394,0,0
287,20,1980,2845,87,3327,18,7,11,7,12,50,342,0,0
288,22,1980,2115,63,2392,12,9,11,2,13,28,237,0,0
289,23,1980,2551,71,3099,18,13,4,14,6,34,268,0,0
290,24,1980,2549,76,3002,14,17,7,5,5,42,353,0,1
291,11,1980,2840,85,3331,11,4,8,7,14,52,351,0,0
292,26,1980,2949,89,3499,23,4,14,3,20,48,490,1,0
293,27,1980,2211,68,2827,15,3,7,7,9,42,476,0,2
294,28,1980,2339,66,2656,13,11,8,5,8,34,217,0,0
295,31,1980,2720,81,3139,20,13,6,8,12,42,259,0,0
296,0,1981,2894,93,3858,14,4,9,15,8,57,664,1,0
297,1,1981,3797,114,4531,31,10,19,7,12,66,594,1,0
298,2,1981,2636,72,3272,17,10,6,11,3,42,416,0,1
299,3,1981,2715,80,3175,16,10,11,12,13,34,220,0,0
300,4,1981,2990,86,3478,20,10,8,5,17,46,388,0,0
301,5,1981,2391,68,2884,11,8,14,12,4,30,253,0,2
302,6,1981,2587,80,3375,17,10,6,6,6,52,668,1,2
303,7,1981,2447,69,2883,18,7,7,8,10,37,276,0,0
304,8,1981,2232,62,2540,16,15,2,7,7,31,168,0,1
305,9,1981,2324,70,2697,9,10,5,4,5,46,293,0,0
306,10,1981,2629,78,3071,11,8,14,2,10,44,402,0,0
307,12,1981,2913,81,3284,19,18,10,7,8,38,231,0,0
308,13,1981,2880,83,3386,21,10,8,11,9,45,286,0,0
309,14,1981,2214,64,2580,18,17,6,6,1,34,246,0,0
310,15,1981,2866,87,3543,13,4,9,5,10,59,577,2,1
311,16,1981,3397,97,4198,19,10,8,12,6,61,561,1,0
312,18,1981,2881,81,3290,27,12,16,13,9,31,149,0,0
313,19,1981,2385,64,2784,21,7,7,5,6,39,299,0,0
314,30,1981,2717,79,3137,17,2,8,3,19,47,360,0,0
315,20,1981,2639,82,3330,16,10,9,9,4,50,511,0,2
316,22,1981,2386,75,2951,14,6,13,13,8,35,305,1,0
317,23,1981,3404,98,4238,23,23,2,16,12,45,514,0,0
318,24,1981,3194,89,3735,19,13,13,3,8,52,481,0,0
319,11,1981,2435,73,2923,13,0,6,5,12,50,388,1,0
320,26,1981,2270,66,2672,11,8,3,6,13,36,282,0,0
321,27,1981,2459,68,2652,16,7,8,2,18,33,153,0,0
322,28,1981,2963,84,3641,25,12,12,16,10,34,358,2,0
323,31,1981,3027,88,3646,17,14,8,11,9,46,399,1,0
324,0,1982,1392,44,1676,11,11,6,3,4,20,224,1,1
325,1,1982,2079,59,2453,10,8,7,3,7,34,314,0,0
326,2,1982,1053,31,1201,7,1,4,4,5,17,68,0,0
327,3,1982,1278,35,1328,13,6,5,1,13,10,30,0,0
328,4,1982,1699,45,2026,14,9,3,5,3,25,227,0,0
329,5,1982,1541,48,1877,11,4,6,6,2,30,216,0,1
330,6,1982,1308,39,1620,6,5,1,6,4,23,192,0,1
331,7,1982,1957,54,2365,8,4,4,6,4,36,288,0,0
332,8,1982,722,21,868,5,6,3,3,2,7,86,0,2
333,9,1982,1102,38,1540,7,8,0,5,3,22,338,2,0
334,10,1982,1578,46,2044,8,4,0,12,4,26,226,0,0
335,12,1982,1384,37,1542,6,8,3,2,3,21,118,0,0
336,13,1982,1196,35,1353,11,1,9,4,7,14,77,0,0
337,14,1982,1448,44,1784,8,8,4,1,0,31,316,0,0
338,15,1982,1393,43,1690,9,6,5,5,3,24,197,0,0
339,16,1982,1829,49,2096,16,9,8,3,4,25,207,0,0
340,18,1982,1155,35,1348,8,4,3,2,9,17,153,1,1
341,19,1982,1627,48,1964,9,5,8,5,4,26,237,0,0
342,30,1982,1813,55,2186,7,2,3,4,11,35,293,0,0
343,20,1982,1361,42,1687,7,4,6,2,3,27,286,0,0
344,22,1982,1849,49,2140,10,6,3,5,9,26,191,0,0
345,23,1982,1708,47,1839,12,9,5,3,13,17,71,0,0
346,24,1982,1520,45,1961,10,8,2,2,2,31,401,1,1
347,11,1982,1731,51,1937,10,3,10,5,3,30,106,0,1
348,26,1982,1617,46,1976,6,1,6,6,4,29,239,0,0
349,27,1982,1760,49,1889,9,1,3,3,23,19,69,0,0
350,28,1982,1719,49,1981,11,7,5,4,5,28,182,0,0
351,31,1982,2088,58,2384,7,8,8,6,6,30,176,0,0
352,0,1983,2154,65,2552,16,8,6,6,7,38,278,0,1
353,1,1983,2977,92,3399,21,14,15,5,14,44,322,0,2
354,2,1983,2314,67,2804,13,8,4,9,5,41,310,0,2
355,3,1983,2990,89,3533,24,9,9,7,22,42,403,0,0
356,4,1983,2956,87,3620,19,11,6,7,8,55,524,0,0
357,5,1983,2385,70,2854,17,9,13,8,10,30,309,0,0
358,6,1983,3165,95,4008,16,4,9,12,11,59,603,1,1
359,7,1983,3082,85,3529,14,5,13,7,13,47,307,0,0
360,8,1983,2304,63,2763,13,9,6,8,5,35,299,0,0
361,9,1983,3031,93,3710,21,21,5,6,7,54,559,1,0
362,10,1983,3302,91,4124,20,10,10,9,7,55,642,1,0
363,12,1983,2604,82,3272,14,7,9,4,9,53,588,1,1
364,13,1983,2740,74,3189,26,7,11,11,13,32,229,0,1
365,14,1983,2870,86,3521,17,15,3,7,4,57,511,0,0
366,15,1983,2484,70,2823,18,3,13,8,12,34,179,0,1
367,16,1983,3003,84,3386,29,12,11,5,9,47,283,0,1
368,18,1983,2751,81,3218,17,0,11,5,18,47,367,1,1
369,19,1983,2429,71,2911,17,10,9,9,4,39,302,0,1
370,30,1983,2622,79,3136,12,6,3,8,15,47,354,0,1
371,20,1983,2345,69,2869,11,5,6,7,8,43,384,1,1
372,22,1983,3003,81,3615,25,11,5,11,6,48,392,0,0
373,23,1983,2802,78,3336,17,15,8,10,10,35,334,2,0
374,24,1983,2810,82,3301,18,11,8,12,12,39,251,0,1
375,11,1983,2349,72,2796,29,4,14,2,11,41,407,1,0
376,26,1983,2405,78,3178,10,3,4,10,10,51,573,2,0
377,27,1983,2733,79,3118,25,9,6,10,18,36,185,0,0
378,28,1983,2794,80,3352,20,16,7,7,6,44,418,1,0
379,31,1983,3323,91,3780,28,25,8,8,10,40,297,0,0
380,0,1984,2106,61,2536,19,8,7,12,4,30,190,0,1
381,1,1984,2999,83,3328,26,16,10,4,12,41,249,0,2
382,2,1984,2362,67,2832,19,12,6,8,3,38,310,0,0
383,3,1984,2939,88,3696,16,9,9,8,10,52,597,0,2
384,4,1984,3395,96,3850,16,11,10,6,25,44,335,0,0
385,5,1984,2564,74,3213,16,5,11,8,7,43,489,0,2
386,6,1984,2359,68,2849,12,8,4,9,11,36,310,0,0
387,7,1984,2195,67,2594,19,9,10,8,13,27,239,0,1
388,8,1984,2314,66,2773,11,11,4,3,5,43,399,0,0
389,9,1984,3676,98,4397,22,8,11,13,6,60,461,0,0
390,10,1984,3643,98,4383,21,4,10,7,15,62,600,0,0
391,12,1984,3673,108,4123,25,12,11,11,19,55,230,0,0
392,13,1984,1943,51,2281,15,5,6,10,13,17,138,0,0
393,14,1984,3274,92,3880,21,18,2,6,8,58,486,0,0
394,15,1984,2285,68,2855,12,10,6,6,4,42,450,1,2
395,16,1984,2919,90,3598,22,7,10,10,13,50,479,2,4
396,18,1984,2533,74,2935,19,3,7,8,19,37,242,0,1
397,19,1984,2488,76,3164,13,12,5,8,2,49,516,1,0
398,30,1984,2764,88,3482,20,11,3,5,9,60,618,0,0
399,20,1984,2988,85,3596,18,12,10,12,5,46,368,0,0
400,22,1984,3222,92,3904,20,13,10,12,12,45,442,1,0
401,23,1984,3224,91,3809,25,24,7,12,14,34,345,0,0
402,24,1984,2490,74,2866,21,2,7,9,21,35,196,0,0
403,11,1984,2547,72,2834,11,6,7,5,16,38,187,0,1
404,26,1984,2330,69,3020,9,10,0,7,5,47,550,1,1
405,27,1984,3162,95,3567,24,8,6,10,39,32,205,1,0
406,28,1984,2432,70,2883,21,14,8,5,6,37,351,1,0
407,31,1984,2998,82,3473,16,13,10,2,8,49,435,0,0
408,0,1985,2948,86,3422,30,25,13,9,6,33,294,1,1
409,1,1985,2387,68,2870,18,9,13,14,9,23,203,0,1
410,2,1985,1869,62,2563,10,8,5,7,0,42,554,1,1
411,3,1985,3300,92,3818,33,16,8,4,15,49,438,1,0
412,4,1985,3199,92,3764,16,18,7,12,17,38,325,0,2
413,5,1985,2797,81,3261,18,17,6,8,14,36,304,0,0
414,6,1985,2594,77,3233,12,9,8,6,7,47,519,0,2
415,7,1985,2929,85,3545,20,6,8,8,12,51,456,0,2
416,8,1985,2427,68,2881,15,11,11,9,1,36,274,0,0
417,9,1985,3077,93,3827,15,5,14,11,15,48,530,1,2
418,10,1985,2732,78,3584,12,2,11,14,8,43,572,1,2
419,12,1985,2933,82,3439,20,10,7,11,10,44,286,0,1
420,13,1985,2045,59,2576,19,11,7,8,6,27,371,1,0
421,14,1985,3115,91,3777,20,18,6,10,16,41,462,1,0
422,15,1985,3200,89,3757,20,8,12,7,10,52,417,0,0
423,16,1985,2945,81,3472,20,11,7,14,20,29,247,0,0
424,18,1985,2499,74,2978,23,7,13,8,10,36,319,1,0
425,19,1985,2534,73,3054,17,1,11,5,12,44,420,0,0
426,30,1985,2985,84,3490,23,16,8,8,7,45,345,0,0
427,20,1985,2691,82,3262,10,10,8,8,10,46,411,0,0
428,22,1985,3095,92,3953,16,13,3,13,7,56,598,0,0
429,23,1985,3228,89,3627,32,31,6,12,14,26,159,0,0
430,24,1985,3344,87,3761,32,3,13,6,22,43,297,0,1
431,11,1985,2368,73,2973,18,4,10,16,11,32,285,0,0
432,26,1985,3246,89,3763,14,13,8,6,17,45,397,0,0
433,27,1985,3073,91,3667,15,9,10,11,14,47,374,0,0
434,28,1985,2568,78,3088,17,15,5,7,8,43,380,0,1
435,31,1985,2459,67,2867,12,13,11,4,3,36,328,0,0
436,0,1986,2917,83,3450,23,5,9,8,12,49,373,0,2
437,1,1986,2580,69,2850,20,16,8,8,14,23,110,0,1
438,2,1986,1754,57,1996,12,12,9,3,14,19,182,0,2
439,3,1986,2591,75,3031,14,9,13,9,12,32,260,0,0
440,4,1986,2834,85,3376,15,11,9,9,16,40,362,0,1
441,5,1986,2955,83,3423,21,10,8,10,11,44,268,0,0
442,6,1986,2558,78,3132,19,9,7,8,15,39,414,3,0
443,7,1986,3035,91,3411,21,12,11,4,20,44,296,0,1
444,8,1986,2603,77,3193,15,8,10,11,5,43,370,1,2
445,9,1986,3341,99,4033,23,14,8,6,19,52,572,1,0
446,10,1986,2989,81,3622,22,6,12,5,6,52,533,1,0
447,12,1986,2997,86,3498,28,5,15,10,15,41,301,0,1
448,13,1986,2096,56,2476,13,3,6,9,15,23,200,0,0
449,14,1986,3713,110,4547,20,7,17,10,13,63,634,2,1
450,15,1986,2764,78,3421,19,7,3,9,12,47,477,3,1
451,16,1986,2933,79,3539,24,2,11,11,14,41,386,0,0
452,18,1986,3068,85,3353,27,9,17,6,17,36,165,0,0
453,19,1986,2672,83,3389,18,7,13,10,14,39,517,2,2
454,30,1986,3176,89,3659,27,6,13,9,21,40,303,0,0
455,20,1986,2418,70,2825,8,5,10,6,5,44,287,0,5
456,22,1986,3041,89,3746,16,11,7,7,4,60,565,0,3
457,23,1986,3043,90,3620,20,9,9,11,19,42,357,1,0
458,24,1986,3224,97,3740,26,2,13,5,30,47,416,0,1
459,11,1986,2731,75,3271,21,4,9,16,10,36,220,0,0
460,26,1986,3002,81,3456,17,7,15,11,11,37,234,0,1
461,27,1986,2610,79,3048,10,10,3,7,21,38,298,0,0
462,28,1986,2863,86,3447,18,11,16,11,14,34,364,0,3
463,31,1986,2486,72,2922,15,7,11,4,10,40,356,0,1
464,0,1987,2186,67,2541,16,7,13,8,10,29,195,0,1
465,1,1987,1940,60,2439,15,10,9,8,7,26,339,1,2
466,2,1987,2516,73,2995,13,5,9,9,8,42,299,0,0
467,3,1987,2814,82,3173,23,11,14,9,13,35,179,0,1
468,4,1987,2051,63,2595,16,9,7,6,7,34,424,2,2
469,5,1987,1849,57,2102,14,12,11,8,9,17,93,0,0
470,6,1987,2634,88,3455,15,9,9,10,10,50,621,1,0
471,7,1987,2074,69,2663,16,16,4,5,8,36,489,1,1
472,8,1987,2840,84,3529,16,7,12,13,9,43,429,1,0
473,9,1987,2227,69,2789,13,8,6,6,6,43,442,0,0
474,10,1987,2405,75,2941,15,7,12,8,9,39,376,0,3
475,12,1987,2828,84,3324,21,7,9,6,17,45,376,1,0
476,13,1987,2223,62,2424,20,6,15,3,12,26,141,0,1
477,14,1987,3201,99,3770,18,7,16,5,17,54,469,0,3
478,15,1987,2614,81,3375,11,8,7,11,7,48,541,1,2
479,16,1987,2653,89,3604,14,6,14,7,11,51,811,2,2
480,18,1987,2744,82,3046,14,2,18,7,22,33,162,0,0
481,19,1987,2630,70,2927,22,7,14,6,9,34,177,0,0
482,30,1987,2355,74,2929,7,9,6,6,10,43,454,0,1
483,20,1987,3117,92,3659,17,12,12,6,8,54,422,0,1
484,22,1987,2713,87,3350,15,10,13,12,11,41,397,0,2
485,23,1987,2440,69,2796,15,7,15,5,8,34,256,0,3
486,24,1987,2743,76,3140,19,1,18,4,10,43,317,0,1
487,11,1987,2662,77,3053,19,5,16,8,11,37,231,0,1
488,26,1987,2248,63,2587,23,6,13,7,8,29,199,0,0
489,27,1987,2019,61,2370,18,4,8,5,12,32,251,1,0
490,28,1987,2562,80,3297,13,4,6,17,7,46,395,0,2
491,31,1987,2553,78,3077,11,9,13,5,7,44,424,0,1
492,0,1988,2567,79,3093,22,9,8,5,10,47,426,0,1
493,1,1988,2635,79,3282,18,10,10,10,9,40,447,0,0
494,2,1988,1931,62,2351,18,9,7,7,7,32,280,0,2
495,3,1988,2189,62,2451,13,3,11,2,10,36,222,0,0
496,4,1988,2574,68,2978,21,16,13,2,4,33,364,1,0
497,5,1988,2214,65,2578,19,9,10,3,11,32,304,1,2
498,6,1988,2204,68,2477,20,2,15,0,13,38,273,0,0
499,7,1988,2632,79,3228,16,11,7,9,11,41,416,1,1
500,8,1988,2967,85,3745,22,0,13,11,5,56,558,0,1
501,9,1988,2426,76,3059,10,9,8,8,3,48,473,0,0
502,10,1988,2206,64,2784,15,2,14,8,3,37,418,1,0
503,12,1988,2732,80,3271,24,3,10,15,15,37,239,0,0
504,13,1988,2256,64,2754,18,3,7,9,10,35,318,0,0
505,14,1988,3572,101,4125,28,8,11,8,27,47,393,0,3
506,15,1988,3503,98,3920,27,5,13,6,23,51,297,0,0
507,16,1988,2731,79,3234,14,11,9,10,11,38,303,0,2
508,18,1988,2909,85,3310,26,14,18,10,9,34,201,0,0
509,19,1988,3487,97,4110,22,5,9,7,19,57,483,1,0
510,30,1988,2217,65,2523,12,10,6,5,9,35,206,0,0
511,20,1988,2733,85,3287,20,9,11,12,14,39,314,0,1
512,22,1988,3105,91,3482,24,4,25,8,17,37,217,0,0
513,23,1988,3247,91,3804,27,2,15,8,19,47,397,0,0
514,24,1988,2596,76,3003,24,4,5,3,21,43,347,0,0
515,11,1988,1994,66,2562,10,1,13,6,7,39,448,1,1
516,26,1988,2505,72,2913,19,2,7,8,16,39,248,0,1
517,27,1988,2576,70,2858,14,6,10,4,14,36,202,0,0
518,28,1988,2332,65,2950,9,2,4,10,9,40,418,0,6
519,31,1988,2802,84,3387,23,13,10,9,13,39,405,0,2
520,0,1989,1745,55,2226,13,7,3,6,4,35,361,0,1
521,1,1989,2402,72,2844,21,17,11,9,5,30,262,0,0
522,2,1989,1941,63,2504,15,7,6,12,5,33,323,0,2
523,3,1989,2157,65,2564,15,7,9,9,15,25,227,0,2
524,4,1989,2698,80,3188,25,16,12,6,18,28,370,0,0
525,5,1989,3279,97,3817,32,9,20,6,13,49,418,0,0
526,6,1989,2759,84,3311,10,4,11,3,12,54,492,0,2
527,7,1989,3087,82,3578,23,3,9,6,18,46,371,0,0
528,8,1989,2724,84,3315,11,14,10,7,10,43,451,0,0
529,9,1989,2263,67,2688,25,9,3,5,10,40,325,0,0
530,10,1989,2634,79,3392,14,1,10,10,7,51,558,1,1
531,12,1989,2807,80,3261,19,8,11,6,17,38,334,1,2
532,13,1989,2082,58,2458,18,2,11,6,13,26,256,0,1
533,14,1989,3074,87,3389,21,4,20,5,21,37,215,0,0
534,15,1989,2832,84,3472,24,8,4,9,20,43,460,0,1
535,16,1989,2643,70,3019,19,6,13,7,15,29,236,0,0
536,18,1989,3089,87,3426,29,7,20,4,22,34,257,1,0
537,19,1989,2985,82,3538,14,6,9,9,12,46,373,0,1
538,30,1989,2091,56,2422,15,7,11,7,7,24,191,0,2
539,20,1989,2046,66,2682,17,3,11,11,11,30,416,0,0
540,22,1989,2006,63,2392,13,6,11,2,6,38,346,0,1
541,23,1989,2270,67,2711,12,0,10,7,9,41,301,1,0
542,24,1989,2379,73,2834,15,6,6,7,20,34,315,1,1
543,11,1989,2100,62,2663,21,5,9,9,5,34,383,0,1
544,26,1989,2430,71,2774,21,4,11,5,16,35,244,0,0
545,27,1989,2501,75,2995,17,2,12,8,12,41,334,0,1
546,28,1989,2827,82,3368,15,1,8,9,19,45,361,0,1
547,31,1989,2404,72,2864,16,16,9,8,7,32,300,0,0
548,0,1990,2162,69,2537,15,3,15,8,13,30,215,0,1
549,1,1990,2611,76,3073,22,10,14,7,6,39,322,0,2
550,2,1990,2207,65,2739,12,0,9,9,11,36,352,1,0
551,3,1990,1950,58,2281,12,5,6,4,12,31,251,0,0
552,4,1990,2313,59,2612,14,13,8,7,9,22,159,0,1
553,5,1990,2414,74,2879,13,7,11,2,13,41,425,0,4
554,6,1990,2450,72,2902,8,7,5,5,16,39,352,0,0
555,7,1990,2507,67,2865,16,5,5,5,11,41,258,0,0
556,8,1990,2271,61,2442,14,1,15,2,15,28,131,0,1
557,9,1990,2661,81,3132,22,6,9,3,19,44,411,2,0
558,10,1990,2690,71,3084,24,5,6,3,15,42,334,0,1
559,12,1990,2815,79,3413,20,9,11,8,8,43,438,1,0
560,13,1990,2565,72,3022,20,5,9,3,15,40,397,0,0
561,14,1990,2628,72,3026,20,5,8,3,19,37,338,1,2
562,15,1990,2519,70,2913,15,5,10,4,12,39,314,0,0
563,16,1990,2795,75,3306,24,7,10,11,6,41,291,0,0
564,18,1990,2069,61,2398,18,5,10,3,8,35,269,0,0
565,19,1990,2227,63,2560,10,10,9,5,10,29,233,0,0
566,30,1990,1244,34,1530,7,2,4,5,0,23,186,1,0
567,20,1990,2125,64,2431,17,3,12,2,13,34,266,0,1
568,22,1990,3089,90,3752,18,9,10,8,13,50,503,0,2
569,23,1990,2082,60,2315,19,18,8,4,6,24,153,0,2
570,24,1990,2203,68,2663,8,1,8,2,11,46,420,0,1
571,11,1990,1839,54,2064,23,0,13,1,10,30,205,0,1
572,26,1990,2568,70,2990,20,1,8,6,12,43,302,0,1
573,27,1990,2308,67,2722,18,2,7,8,21,29,254,2,0
574,28,1990,2249,65,2454,18,6,6,5,32,16,105,0,1
575,31,1990,2626,78,3299,19,4,10,8,12,44,513,0,1
576,0,1991,1858,56,2197,8,7,8,5,6,30,239,0,0
577,1,1991,2449,69,2814,13,8,13,8,12,28,205,0,1
578,2,1991,2232,65,2828,15,4,9,7,7,38,456,2,0
579,3,1991,1952,54,2085,12,7,11,4,17,15,53,0,0
580,4,1991,2696,73,3046,24,14,8,9,14,28,170,0,1
581,5,1991,2889,80,3397,20,4,15,6,15,40,388,0,0
582,6,1991,2710,84,3389,22,7,11,6,11,49,559,1,0
583,7,1991,2992,76,3445,19,3,6,7,12,48,313,0,1
584,8,1991,2677,76,3064,22,1,12,6,25,32,267,0,1
585,9,1991,1993,57,2303,11,3,5,6,16,27,190,0,0
586,10,1991,2856,82,3492,14,4,11,6,14,47,516,1,0
587,12,1991,2095,57,2426,16,7,7,5,10,28,231,0,0
588,13,1991,2079,56,2551,18,5,6,7,8,30,332,0,1
589,14,1991,2989,87,3640,29,15,8,11,11,42,431,1,1
590,15,1991,2984,82,3491,22,4,9,6,18,45,387,0,0
591,16,1991,2258,64,2768,16,4,7,8,10,35,350,1,0
592,18,1991,2217,64,2521,14,4,11,7,13,29,164,0,0
593,19,1991,2652,75,3092,27,11,14,5,10,35,340,1,0
594,30,1991,1939,51,2211,14,6,7,4,5,29,192,0,2
595,20,1991,2958,86,3473,22,6,14,7,24,35,375,1,0
596,22,1991,2882,81,3245,18,7,14,3,20,37,303,1,2
597,23,1991,2580,67,2961,26,12,4,2,8,41,341,0,0
598,24,1991,2424,74,2856,18,1,12,7,21,33,292,0,1
599,11,1991,1820,52,2070,16,3,8,3,7,31,190,0,3
600,26,1991,3073,86,3743,20,8,7,10,11,50,470,0,1
601,27,1991,2716,76,3085,11,5,9,4,18,40,289,0,0
602,28,1991,2726,74,2996,10,4,11,3,27,29,210,0,1
603,31,1991,2469,68,3095,17,3,8,10,5,42,426,0,0
604,0,1992,1701,49,1918,19,5,10,2,9,23,177,0,0
605,1,1992,2862,79,3393,19,6,11,9,15,38,351,1,0
606,2,1992,2732,76,3196,15,10,11,9,14,32,284,1,0
607,3,1992,2206,60,2531,12,3,10,7,18,22,185,0,0
608,4,1992,3203,84,3705,15,14,9,6,16,39,382,0,1
609,5,1992,2709,74,3083,28,3,14,7,23,27,234,0,1
610,6,1992,2678,74,3015,15,6,9,11,26,22,117,0,0
611,7,1992,2283,58,2484,23,10,12,3,11,22,141,0,0
612,8,1992,2475,68,2899,22,5,11,9,19,24,244,1,0
613,9,1992,3045,85,3633,18,7,10,13,15,40,328,1,1
614,10,1992,3263,83,3716,22,4,9,7,18,45,313,0,0
615,12,1992,2043,61,2620,19,4,8,9,6,34,397,0,0
616,13,1992,1982,61,2424,13,3,12,3,10,33,382,1,0
617,14,1992,3024,82,3459,26,6,13,7,20,36,295,0,0
618,15,1992,2313,69,2855,12,5,7,3,10,44,482,4,1
619,16,1992,2703,82,3451,18,4,11,10,11,46,548,2,3
620,18,1992,2744,73,2993,21,12,14,3,18,26,189,0,0
621,19,1992,2290,65,2846,12,10,10,10,5,30,356,0,1
622,30,1992,2052,53,2487,14,6,5,9,2,31,255,0,2
623,20,1992,2198,66,2608,18,10,11,9,10,26,230,1,2
624,22,1992,3648,103,4227,19,5,14,4,21,59,499,1,0
625,23,1992,2810,77,3255,17,19,5,3,10,40,385,0,0
626,24,1992,2520,76,3122,20,1,12,4,11,48,522,1,0
627,11,1992,2123,64,2555,17,5,14,5,13,27,332,1,1
628,26,1992,2529,67,2947,19,2,3,10,21,31,218,0,0
629,27,1992,4184,108,4760,29,7,11,8,26,56,416,1,0
630,28,1992,2631,73,3119,22,10,8,9,7,39,308,0,1
631,31,1992,2604,72,3243,19,4,6,15,13,34,339,1,1
632,0,1993,1447,42,1718,11,5,9,5,8,15,171,0,0
633,1,1993,2925,80,3080,28,0,18,2,38,22,115,0,0
634,2,1993,3298,90,3954,24,11,7,12,13,47,416,0,0
635,3,1993,2664,74,2991,19,4,13,4,24,29,247,0,0
636,4,1993,2520,67,3017,17,10,8,8,8,33,337,0,1
637,5,1993,2994,82,3632,15,5,4,10,14,49,438,0,2
638,6,1993,3318,93,3772,24,9,5,3,23,53,394,0,1
639,7,1993,2762,73,3189,23,8,8,8,19,30,267,0,0
640,8,1993,2695,74,3127,20,1,9,7,21,36,292,0,0
641,9,1993,2728,76,3240,19,6,4,8,15,43,352,0,1
642,10,1993,2983,83,3595,18,6,11,13,12,41,352,1,0
643,12,1993,2113,56,2342,22,1,8,3,12,32,169,0,0
644,13,1993,1865,58,2304,13,5,5,4,12,32,359,1,0
645,14,1993,2932,83,3323,31,9,16,4,19,35,311,1,0
646,15,1993,2704,72,3114,21,0,11,3,17,41,350,0,0
647,16,1993,2945,77,3272,24,7,12,4,10,44,247,0,1
648,18,1993,2510,73,2806,21,18,10,7,12,26,156,0,0
649,19,1993,2650,72,3207,15,9,4,9,5,45,377,0,0
650,30,1993,2166,56,2535,14,11,6,6,5,28,249,0,0
651,20,1993,2684,74,3174,19,4,13,7,12,38,350,0,0
652,22,1993,2643,73,3096,25,15,11,7,6,34,313,1,3
653,23,1993,2490,71,2971,19,17,3,9,7,35,301,0,0
654,24,1993,2538,80,3271,15,2,9,10,16,43,533,2,0
655,11,1993,3101,83,3644,28,7,9,10,23,34,343,2,0
656,26,1993,2888,77,3356,26,6,11,6,18,36,348,1,0
657,27,1993,3392,90,4007,21,4,11,7,21,47,475,1,1
658,28,1993,3043,89,3781,28,8,12,3,16,50,678,3,0
659,31,1993,3182,90,3862,25,7,9,6,22,46,560,1,0
660,0,1994,1933,54,2235,18,3,10,3,10,28,242,0,0
661,1,1994,2466,76,2871,23,8,15,9,18,26,225,0,0
662,2,1994,2822,79,3461,19,6,9,9,12,43,459,2,1
663,3,1994,2415,67,2799,13,7,8,3,11,38,324,0,0
664,4,1994,2823,76,3258,23,6,10,8,13,39,275,0,0
665,5,1994,2831,80,3211,27,4,15,8,15,38,220,0,0
666,6,1994,2630,74,2853,22,2,5,6,42,19,103,0,0
667,7,1994,3527,98,3997,33,18,8,10,22,40,270,0,0
668,8,1994,2523,72,2951,21,9,7,4,14,38,348,0,0
669,9,1994,2936,85,3582,15,5,10,7,13,50,506,0,0
670,10,1994,2526,73,3092,22,3,11,10,9,40,366,0,1
671,12,1994,2477,70,2935,26,5,11,4,14,36,378,0,0
672,13,1994,1948,60,2412,16,7,8,7,6,32,324,1,0
673,14,1994,3261,92,3727,29,6,13,9,17,47,286,1,0
674,15,1994,2728,79,3121,14,16,10,6,16,31,273,0,0
675,16,1994,3111,87,3578,26,18,8,8,14,39,307,0,2
676,18,1994,3034,84,3534,25,9,12,12,13,38,260,0,0
677,19,1994,2191,63,2782,19,2,8,8,9,36,431,2,1
678,30,1994,3497,96,4115,35,17,4,9,16,50,438,1,0
679,20,1994,2879,81,3351,24,11,14,10,10,36,272,0,0
680,22,1994,2461,69,2841,25,8,12,6,9,34,260,0,0
681,23,1994,2711,77,3377,19,14,5,15,5,38,366,1,0
682,24,1994,2677,78,3494,23,7,7,9,8,47,637,3,0
683,11,1994,2958,82,3639,21,3,11,12,10,45,441,1,0
684,26,1994,2245,67,2920,14,1,9,9,8,40,495,2,0
685,27,1994,3339,91,3905,33,7,13,7,21,43,426,1,0
686,28,1994,3466,97,3849,35,12,17,6,23,39,263,0,0
687,31,1994,2791,77,3301,28,10,8,5,10,44,410,1,0
688,0,1995,1920,57,2312,13,1,5,5,20,26,292,0,0
689,1,1995,1792,58,2169,16,3,8,6,13,28,257,1,0
690,2,1995,2679,70,2913,26,13,6,4,20,27,154,0,0
691,3,1995,3109,86,3473,23,12,14,7,30,23,224,1,0
692,4,1995,2012,53,2209,23,2,11,3,12,25,137,0,1
693,5,1995,2355,65,2831,18,5,8,9,9,34,296,0,0
694,6,1995,2821,77,3296,23,11,7,7,11,41,335,0,1
695,7,1995,2748,72,3150,20,10,8,8,14,32,242,0,0
696,8,1995,2632,72,3221,28,7,9,8,13,35,429,1,0
697,9,1995,3317,91,3990,29,5,14,12,18,42,433,0,0
698,10,1995,2105,63,2681,16,4,10,7,5,37,436,0,0
699,12,1995,1907,55,2243,19,8,9,6,10,22,216,0,0
700,13,1995,2068,57,2433,15,2,5,5,10,35,265,0,0
701,14,1995,2895,85,3682,20,5,12,13,17,38,527,2,1
702,15,1995,2423,67,2759,21,6,7,5,21,28,236,0,0
703,16,1995,2621,73,3078,15,10,9,8,12,34,297,1,0
704,17,1995,3168,82,3591,19,10,11,5,11,45,323,0,0
705,18,1995,3355,104,4328,23,7,11,11,13,62,753,0,1
706,19,1995,1845,58,2427,15,9,7,7,6,29,442,1,2
707,30,1995,2732,78,3180,26,8,10,8,17,35,288,1,1
708,20,1995,2321,65,2740,26,3,8,7,11,36,279,0,2
709,21,1995,3376,96,3938,28,12,11,11,23,39,342,0,0
710,22,1995,2598,79,3100,27,7,13,8,11,40,342,0,0
711,23,1995,2635,75,3089,22,10,11,8,8,38,294,0,1
712,24,1995,3046,83,3679,23,5,12,12,16,38,393,1,0
713,11,1995,2787,74,3140,29,15,11,9,13,26,173,0,0
714,26,1995,2632,73,2965,21,3,7,5,22,36,233,0,1
715,27,1995,3026,83,3735,21,7,13,8,7,48,549,0,0
716,28,1995,1962,59,2368,20,3,14,11,9,22,186,0,0
717,31,1995,2382,72,2948,21,7,8,6,10,41,446,1,0
718,0,1996,2862,73,3217,20,6,14,6,11,36,235,0,2
719,1,1996,2724,78,3491,15,3,9,12,12,42,527,2,0
720,2,1996,2792,81,3634,16,16,4,17,6,38,502,0,1
721,3,1996,3688,101,4194,27,12,11,13,25,40,246,1,0
722,4,1996,2353,65,2714,16,5,10,5,22,23,261,1,0
723,6,1996,2687,70,3015,24,1,5,4,22,38,248,0,1
724,7,1996,2805,76,3328,23,6,8,6,19,37,403,1,1
725,8,1996,3235,87,3967,23,7,8,6,15,51,612,1,0
726,9,1996,2975,88,3667,25,4,9,10,23,42,492,1,0
727,10,1996,2652,68,3105,23,3,10,2,15,38,413,0,0
728,12,1996,2721,74,3150,22,1,9,9,23,32,249,0,0
729,13,1996,3023,78,3611,26,4,8,11,7,48,368,0,0
730,14,1996,2597,73,3107,17,8,7,9,12,36,330,1,1
731,15,1996,2659,75,3152,22,8,6,4,25,32,413,1,0
732,16,1996,3657,102,4289,32,15,10,10,22,45,432,2,0
733,17,1996,2456,69,3016,16,5,5,8,7,44,400,0,0
734,18,1996,2704,74,3293,13,5,7,8,14,40,429,0,0
735,19,1996,2365,70,3044,12,6,2,8,12,42,519,1,1
736,30,1996,2582,67,2973,25,9,6,7,14,31,251,0,1
737,20,1996,2469,68,2886,28,5,10,9,15,29,237,0,0
738,21,1996,2785,78,3158,21,2,9,10,25,32,173,0,0
739,22,1996,2292,64,2766,15,7,8,7,8,34,334,0,0
740,23,1996,2737,79,3169,24,2,10,8,21,38,272,0,0
741,24,1996,2816,78,3491,23,7,8,9,13,41,495,0,0
742,25,1996,2607,68,2980,23,12,10,5,14,27,273,0,1
743,11,1996,2995,77,3470,24,15,10,12,5,35,235,0,0
744,26,1996,2825,87,3551,16,2,12,9,21,43,546,1,0
745,27,1996,2966,85,3746,20,1,8,7,17,52,640,0,1
746,28,1996,2427,72,2931,25,6,8,11,15,32,284,0,0
747,31,1996,2919,88,3616,26,7,10,6,28,37,577,0,2
748,0,1997,2735,78,3182,22,8,13,7,9,41,307,0,1
749,1,1997,3130,96,4077,26,14,3,11,16,52,727,2,0
750,2,1997,2904,81,3471,27,18,10,8,10,35,407,2,0
751,3,1997,3278,90,3764,24,3,13,6,24,44,366,0,1
752,4,1997,2283,60,2598,22,3,10,4,17,26,235,1,0
753,6,1997,3010,83,3578,27,7,9,9,16,42,388,0,1
754,7,1997,3387,91,4028,24,8,6,10,27,40,441,1,1
755,8,1997,3396,89,3972,26,8,14,8,20,39,416,0,1
756,9,1997,3154,83,3489,29,8,16,4,16,39,255,0,0
757,10,1997,2423,67,3034,18,2,8,6,8,43,491,0,0
758,12,1997,3047,86,3592,26,4,14,9,19,40,365,0,0
759,13,1997,2519,68,2962,15,6,10,6,3,43,323,0,0
760,14,1997,3045,87,3660,19,7,18,5,9,48,515,1,1
761,15,1997,3263,89,3498,20,5,9,9,45,21,55,0,0
762,16,1997,3873,111,4531,33,17,13,14,27,40,378,0,1
763,17,1997,2563,66,2964,27,7,15,8,7,29,241,0,0
764,18,1997,2653,74,3212,21,1,8,5,13,47,459,0,1
765,19,1997,3062,84,3576,24,1,9,4,19,51,434,1,2
766,30,1997,2611,74,3081,25,4,9,2,23,36,430,0,0
767,20,1997,2703,75,3378,26,0,7,21,15,32,255,0,0
768,21,1997,3096,85,3604,29,3,15,4,25,38,428,2,0
769,22,1997,2852,78,3569,24,7,8,14,11,38,437,0,1
770,23,1997,3638,93,4189,28,1,8,6,26,52,431,0,0
771,24,1997,3207,94,3985,16,6,6,8,14,60,618,1,1
772,25,1997,3040,83,3540,24,2,15,2,11,53,460,0,0
773,11,1997,3331,84,3788,32,12,10,11,18,33,237,0,1
774,26,1997,3072,88,4038,21,3,8,13,14,50,706,1,0
775,27,1997,2521,76,3144,24,6,10,8,14,38,463,2,2
776,28,1997,2238,64,2729,17,15,9,11,6,23,271,0,0
777,31,1997,2741,81,3407,25,10,7,5,10,49,566,1,0
778,0,1998,2354,69,2835,16,6,5,7,15,36,341,0,0
779,1,1998,2922,80,3411,18,13,3,7,19,38,349,1,0
780,2,1998,2855,79,3578,14,10,7,11,15,36,503,1,2
781,3,1998,2288,69,2882,18,7,2,11,17,32,374,1,0
782,4,1998,2516,66,3097,14,5,6,10,2,43,381,0,1
783,6,1998,2858,81,3340,19,2,9,9,23,38,302,1,0
784,7,1998,2945,81,3378,12,8,8,6,21,38,313,0,1
785,8,1998,3499,95,4174,27,9,11,8,18,49,515,1,0
786,9,1998,2642,76,3255,21,9,10,5,11,41,513,1,1
787,10,1998,2932,79,3583,23,2,9,10,16,42,451,0,0
788,12,1998,2852,77,3342,31,4,12,14,13,34,210,0,1
789,13,1998,3445,96,4064,24,9,13,14,17,43,339,0,1
790,14,1998,3628,104,4339,21,13,11,10,9,61,511,1,0
791,15,1998,2711,74,2963,25,7,11,7,29,20,112,0,0
792,16,1998,3819,101,4566,33,19,10,8,11,53,587,1,0
793,17,1998,3272,85,3824,28,13,10,11,11,40,332,0,0
794,18,1998,2248,65,2637,16,9,9,4,13,30,309,1,0
795,19,1998,2915,82,3506,19,4,5,6,20,47,471,1,0
796,30,1998,2706,69,3258,18,2,6,11,16,34,332,0,0
797,20,1998,2411,65,2788,30,4,13,7,14,27,237,1,0
798,21,1998,2937,77,3131,20,5,11,5,36,20,94,0,0
799,22,1998,2621,74,3294,13,7,7,9,8,43,493,0,0
800,23,1998,3269,98,4256,29,11,12,10,12,53,787,1,0
801,24,1998,3350,95,4202,16,7,5,10,15,58,652,1,0
802,25,1998,3524,90,3948,25,10,9,7,24,40,284,1,2
803,11,1998,3775,96,4216,34,21,18,9,16,32,261,0,1
804,26,1998,3220,90,4089,26,14,7,11,5,53,649,0,0
805,27,1998,2959,81,3568,27,14,7,12,15,33,369,1,0
806,28,1998,3015,82,3565,35,6,16,12,18,30,310,0,0
807,31,1998,2033,55,2458,17,4,7,5,12,27,325,1,0
808,0,1999,2304,73,2883,21,5,15,9,11,33,399,2,2
809,1,1999,3012,85,3478,20,9,15,10,15,36,266,0,0
810,2,1999,2621,82,3219,13,6,13,5,13,45,498,1,2
811,3,1999,2474,73,2840,20,4,14,7,25,23,226,0,0
812,4,1999,2988,84,3908,19,3,9,16,13,43,600,1,0
813,5,1999,3663,106,4645,20,6,6,11,15,68,762,2,0
814,6,1999,3362,90,3882,23,10,10,8,13,49,360,0,0
815,7,1999,3448,94,3948,18,7,10,8,16,53,340,0,0
816,8,1999,3447,89,3910,32,6,15,6,21,41,343,0,0
817,9,1999,3647,102,4253,21,13,14,10,19,46,406,1,2
818,10,1999,1838,58,2467,16,10,4,8,7,29,469,0,2
819,12,1999,2841,81,3500,24,2,12,10,14,43,459,1,0
820,13,1999,2818,81,3322,23,8,10,4,17,42,424,0,0
821,14,1999,3794,107,4524,21,5,15,12,16,59,490,0,1
822,15,1999,2964,80,3163,27,4,12,4,34,26,119,0,0
823,16,1999,3126,89,3651,31,23,6,6,16,38,405,1,0
824,17,1999,2881,78,3260,32,16,7,6,12,37,259,0,0
825,18,1999,3126,82,3693,26,2,20,7,6,47,427,0,0
826,19,1999,2995,86,3637,27,3,8,12,21,42,402,0,0
827,20,1999,2717,80,3130,21,3,10,4,24,39,333,0,0
828,21,1999,2384,65,2562,18,4,7,1,21,32,158,0,0
829,22,1999,3110,90,3735,23,10,10,14,20,36,345,0,0
830,23,1999,2486,76,3045,25,5,14,4,15,38,479,1,1
831,24,1999,2089,60,2464,17,12,7,11,7,23,155,0,0
832,25,1999,3687,103,4355,39,7,15,10,28,43,468,1,1
833,11,1999,2427,71,2926,17,10,12,11,11,27,279,2,0
834,26,1999,2899,83,3282,15,1,9,5,25,43,283,1,0
835,27,1999,2955,84,3425,34,14,11,5,18,36,370,1,0
836,28,1999,3203,84,3795,27,12,10,10,13,39,392,1,0
837,30,1999,3429,90,3824,35,2,18,3,22,45,335,0,0
838,31,1999,2343,61,2769,18,2,14,9,8,28,246,0,0
839,0,2000,2255,69,2727,15,4,6,7,20,32,332,0,1
840,1,2000,3233,96,3624,20,2,18,7,33,36,251,0,0
841,2,2000,3108,94,3775,18,10,13,14,17,40,387,0,0
842,3,2000,3017,95,3661,19,12,6,5,21,51,544,1,1
843,4,2000,2005,61,2455,18,6,14,9,9,23,270,1,1
844,5,2000,4026,108,4919,25,12,12,5,10,69,793,0,0
845,6,2000,2983,85,3551,17,5,7,8,24,41,408,1,0
846,7,2000,2424,65,2871,17,0,5,5,18,37,347,2,0
847,8,2000,3326,92,4248,23,12,9,10,10,51,722,1,0
848,9,2000,2937,82,3656,28,6,7,8,18,43,559,0,0
849,10,2000,2369,65,2906,20,2,5,9,21,28,357,0,0
850,12,2000,2410,68,2852,15,4,9,8,18,29,282,0,0
851,13,2000,3332,92,3870,25,10,11,14,21,36,258,0,0
852,14,2000,3100,86,3635,23,4,9,8,18,47,375,1,0
853,15,2000,3221,84,3447,27,11,8,5,31,29,126,0,1
854,16,2000,2697,79,3210,26,14,12,8,17,28,353,0,1
855,17,2000,2713,79,3311,29,18,10,6,7,38,478,1,0
856,18,2000,2754,83,3714,18,6,11,15,9,42,660,2,0
857,19,2000,3306,93,4044,33,3,11,12,14,53,498,0,2
858,20,2000,2708,79,3033,22,3,16,6,27,27,205,1,0
859,21,2000,2232,64,2459,19,4,11,2,22,25,187,0,2
860,22,2000,3314,89,3798,31,8,12,5,21,43,384,0,1
861,23,2000,2505,65,2984,24,5,8,10,12,30,279,0,1
862,24,2000,1504,43,1736,13,4,7,5,10,17,132,0,1
863,25,2000,2915,86,3457,35,6,8,8,23,41,382,0,0
864,11,2000,2718,79,3160,23,5,11,5,25,33,342,2,0
865,26,2000,2389,74,3043,22,6,6,8,17,37,494,2,0
866,27,2000,2769,74,2960,24,16,6,2,18,32,151,0,1
867,28,2000,3413,90,3944,34,9,15,8,14,44,371,0,1
868,30,2000,2761,76,3101,33,6,12,9,21,28,160,0,0
869,31,2000,2243,62,2773,16,6,3,11,10,32,310,0,0
870,0,2001,2443,69,2813,21,7,10,4,14,34,290,0,0
871,1,2001,3256,88,3743,37,6,15,8,14,45,327,0,0
872,2,2001,2890,85,3404,21,3,11,7,17,47,374,0,1
873,3,2001,2704,80,3262,16,12,12,7,9,40,418,0,0
874,4,2001,2991,81,3668,25,8,7,8,10,48,517,1,1
875,5,2001,3422,99,4249,25,11,15,9,12,52,647,1,0
876,6,2001,2842,83,3382,26,6,13,8,12,44,380,1,0
877,7,2001,2930,87,3571,21,3,11,8,17,48,481,0,0
878,8,2001,2882,78,3308,25,15,12,4,15,32,346,0,0
879,9,2001,2649,75,3037,27,9,12,5,18,31,288,1,0
880,10,2001,2297,68,3023,12,3,5,12,13,35,486,1,0
881,12,2001,2522,78,3135,25,4,12,6,18,38,493,0,3
882,13,2001,3045,81,3321,28,7,23,7,14,30,136,0,0
883,14,2001,3533,97,4221,26,4,11,10,16,56,488,0,0
884,15,2001,2490,69,2680,25,10,13,3,26,17,130,0,0
885,16,2001,3348,96,4051,28,22,12,8,9,45,543,1,0
886,17,2001,3042,82,3577,24,6,11,12,15,38,295,0,0
887,18,2001,2400,76,2966,24,7,18,6,11,34,446,1,0
888,19,2001,2638,75,3225,22,2,8,10,16,39,387,1,0
889,20,2001,2997,82,3485,21,5,14,10,19,34,288,0,0
890,21,2001,3654,93,4419,35,7,8,17,19,42,425,1,1
891,22,2001,2818,74,3042,28,6,20,5,17,26,124,0,0
892,23,2001,2633,73,3375,23,16,6,12,5,34,502,0,1
893,24,2001,1502,43,1809,9,3,10,7,6,17,167,0,0
894,25,2001,2926,85,3309,29,7,13,10,22,33,183,0,2
895,11,2001,3161,91,3775,28,12,10,9,16,44,434,1,0
896,26,2001,2724,76,3180,24,3,12,7,18,36,316,1,0
897,27,2001,3128,85,3730,26,9,15,7,11,43,462,1,1
898,28,2001,2177,62,2611,23,6,9,5,14,28,334,0,1
899,30,2001,3143,85,3567,28,6,15,8,20,36,264,0,0
900,31,2001,2403,72,3029,19,6,12,13,7,34,366,0,0
901,0,2002,2054,64,2493,17,4,6,4,13,37,359,2,1
902,1,2002,3253,87,3679,26,10,10,2,19,46,386,0,0
903,2,2002,2096,72,2787,12,6,13,4,8,41,611,3,1
904,3,2002,2410,66,2844,18,8,9,7,13,29,294,0,1
905,4,2002,1802,53,2145,14,4,10,6,10,23,223,0,2
906,5,2002,2896,83,3424,29,7,16,6,12,42,408,1,0
907,6,2002,3206,91,3879,31,14,18,12,5,42,433,0,0
908,7,2002,3117,88,3864,28,4,14,10,18,42,547,3,1
909,8,2002,3051,87,3540,31,11,6,6,28,36,369,1,2
910,9,2002,2028,64,2422,15,9,12,6,10,27,274,0,1
911,10,2002,2336,66,2672,26,8,5,9,17,27,156,0,1
912,12,2002,3731,112,4568,25,6,18,10,20,58,637,0,1
913,13,2002,2379,69,2772,15,12,8,6,4,39,273,0,0
914,14,2002,2577,79,3197,25,4,15,10,20,30,420,2,0
915,15,2002,2595,67,2804,21,4,11,5,24,23,109,0,0
916,16,2002,2309,71,2659,21,7,12,6,16,30,230,0,0
917,17,2002,3044,81,3583,27,3,18,10,11,39,339,0,0
918,18,2002,2229,64,2612,14,7,10,9,5,33,203,0,0
919,19,2002,3459,91,3838,29,2,15,7,14,53,239,0,0
920,20,2002,2819,79,3296,26,2,8,6,22,41,357,1,0
921,21,2002,3941,104,4735,31,7,15,12,7,63,554,0,1
922,22,2002,2362,70,2723,19,3,16,9,18,24,181,0,1
923,23,2002,1926,58,2463,19,7,7,12,11,21,297,0,1
924,24,2002,2357,72,3020,26,5,13,10,10,34,463,1,0
925,25,2002,2830,82,3401,32,5,18,5,14,40,471,2,2
926,11,2002,2188,72,2855,18,10,12,8,5,37,507,1,1
927,26,2002,2531,69,2860,16,4,7,6,14,38,209,0,0
928,27,2002,2260,61,2542,22,9,12,4,19,17,202,1,0
929,28,2002,2092,62,2583,15,5,7,6,12,32,371,1,1
930,29,2002,4272,114,4720,36,1,15,6,34,58,328,0,2
931,30,2002,2235,65,2725,28,2,11,5,19,28,390,3,1
932,31,2002,2223,62,2474,21,3,11,6,21,21,131,0,1
933,0,2003,2311,68,2629,17,8,14,3,15,28,258,1,1
934,1,2003,2801,79,3258,23,6,15,9,13,36,277,0,2
935,2,2003,2482,77,3045,14,5,10,8,7,47,403,0,0
936,3,2003,3151,85,3788,20,14,8,3,8,52,577,0,0
937,4,2003,2257,68,2937,14,4,7,6,5,46,560,1,2
938,5,2003,2532,73,3048,19,9,12,10,9,33,316,0,0
939,6,2003,2981,83,3590,26,15,11,6,12,39,489,0,0
940,7,2003,2859,82,3511,19,5,15,9,12,41,472,2,1
941,8,2003,2987,83,3456,29,5,17,3,20,38,409,2,0
942,9,2003,2689,80,3156,21,3,14,7,18,38,327,1,1
943,10,2003,2267,63,2646,21,4,9,3,15,32,319,0,1
944,12,2003,3290,95,3697,25,11,15,9,26,34,227,0,0
945,13,2003,2929,84,3274,28,7,14,8,26,29,185,0,0
946,14,2003,2735,79,3207,27,8,11,10,15,35,272,0,0
947,15,2003,3132,87,3473,19,4,13,2,33,35,301,1,0
948,16,2003,3089,90,3641,31,16,8,6,20,40,432,2,1
949,17,2003,2313,68,2853,13,10,9,6,3,40,420,0,1
950,18,2003,2253,71,2655,22,6,13,4,26,22,322,1,1
951,19,2003,3240,95,3790,20,3,10,8,15,59,390,1,1
952,20,2003,2457,71,2933,17,2,14,8,15,32,316,0,0
953,21,2003,2884,78,3466,23,9,13,9,12,35,402,1,3
954,22,2003,2946,87,3266,30,4,30,4,11,38,240,1,1
955,23,2003,3574,96,4503,27,11,6,13,14,52,669,0,0
956,24,2003,1941,59,2525,14,4,6,5,12,32,484,2,0
957,25,2003,3178,91,3712,21,9,13,9,18,42,354,0,0
958,11,2003,2884,84,3377,24,8,15,5,16,40,393,0,0
959,26,2003,2750,71,3144,28,4,8,5,18,36,294,0,1
960,27,2003,2562,67,2762,29,0,13,3,22,29,140,0,2
961,28,2003,3062,84,3521,27,8,9,8,12,47,299,0,1
962,29,2003,3561,97,4028,36,1,13,3,37,43,407,1,0
963,30,2003,2681,71,3117,26,5,15,8,13,30,276,1,0
964,31,2003,2052,63,2462,13,4,6,5,19,29,310,0,1
965,0,2004,3385,96,3990,25,6,14,8,17,51,445,0,0
966,1,2004,4211,110,4691,35,13,14,5,21,57,380,0,0
967,2,2004,2981,83,3499,21,5,10,7,10,51,378,0,1
968,3,2004,2847,78,3362,17,12,13,10,6,37,315,0,0
969,4,2004,2399,69,2834,19,6,13,7,11,32,295,0,1
970,5,2004,3011,85,3404,24,14,9,4,10,48,313,0,0
971,6,2004,3053,82,3472,23,3,17,7,24,31,279,0,1
972,7,2004,3604,98,4230,32,2,17,7,16,56,486,1,1
973,8,2004,2650,69,2974,29,4,11,8,23,23,164,0,0
974,9,2004,1731,55,2172,12,6,5,7,13,24,301,2,0
975,10,2004,1988,54,2443,21,1,8,3,13,29,395,1,0
976,12,2004,2666,76,3216,23,7,7,7,16,39,410,0,0
977,13,2004,3649,99,4107,29,9,16,10,19,45,258,0,0
978,14,2004,2707,73,3068,20,5,14,7,13,34,221,0,0
979,15,2004,2808,76,3082,19,5,10,7,21,33,134,0,0
980,16,2004,2652,75,3088,24,6,12,4,15,38,356,0,2
981,17,2004,2983,84,3592,28,5,19,9,13,38,429,2,0
982,18,2004,2676,80,3057,22,9,15,8,14,34,221,0,0
983,19,2004,3184,92,3765,32,3,12,7,24,46,441,0,1
984,20,2004,2203,66,2644,16,5,10,7,10,34,301,0,0
985,21,2004,2919,78,3402,25,1,18,9,12,38,303,0,1
986,22,2004,1885,56,2350,19,6,7,5,7,31,365,1,0
987,23,2004,2716,73,3409,22,4,10,14,10,35,413,0,0
988,24,2004,2312,68,2848,21,4,6,6,17,35,416,1,0
989,25,2004,3354,97,3935,34,7,18,15,21,36,281,0,0
990,11,2004,3657,103,4544,30,9,10,8,11,65,727,1,1
991,26,2004,3314,85,3704,28,3,10,4,25,43,310,1,0
992,27,2004,2712,77,3036,20,2,17,4,21,33,244,0,2
993,28,2004,2507,67,2879,24,4,15,6,8,34,252,0,0
994,29,2004,2604,73,3009,19,4,8,7,24,30,265,0,0
995,30,2004,3014,79,3389,21,6,7,9,26,31,195,1,0
996,31,2004,2011,57,2240,18,4,9,3,15,26,169,0,0
997,0,2005,3916,107,4447,15,8,14,3,20,62,471,0,1
998,1,2005,3433,97,3965,24,12,22,11,13,39,312,1,1
999,2,2005,2171,60,2591,13,8,5,8,7,32,260,0,1
1000,3,2005,2777,71,3242,22,4,6,9,10,42,285,0,0
1001,4,2005,2771,72,3157,24,3,12,6,15,36,266,0,1
1002,5,2005,2707,80,3234,24,10,16,9,9,36,347,0,0
1003,6,2005,3375,90,4101,24,2,10,13,16,49,466,0,0
1004,7,2005,2738,73,3206,18,5,8,7,14,39,328,1,1
1005,8,2005,2700,71,3104,25,2,16,8,19,26,244,0,0
1006,9,2005,2285,65,2564,27,7,9,5,21,23,179,0,0
1007,10,2005,1929,52,2301,23,1,6,5,15,25,272,0,0
1008,12,2005,3024,82,3474,28,3,18,10,18,33,250,0,0
1009,13,2005,3468,89,3835,31,4,18,7,14,46,227,0,0
1010,14,2005,3702,99,4072,25,6,15,3,18,57,310,0,1
1011,15,2005,2882,78,3300,23,12,8,9,14,35,238,0,0
1012,16,2005,2701,73,3070,26,11,8,3,15,36,309,1,0
1013,17,2005,3061,82,3517,33,15,12,11,15,29,236,1,1
1014,18,2005,2826,75,3251,19,5,13,6,15,36,305,0,0
1015,19,2005,3096,84,3656,34,4,11,2,17,50,520,2,0
1016,20,2005,2347,70,2726,11,3,4,2,12,49,339,0,0
1017,21,2005,2819,73,3154,23,4,8,5,20,36,235,0,0
1018,22,2005,2946,76,3431,22,6,10,4,14,42,405,0,1
1019,23,2005,3104,82,3744,26,5,13,9,16,39,460,0,0
1020,24,2005,2478,73,3008,16,9,5,6,14,39,410,1,0
1021,25,2005,3064,85,3685,12,3,8,7,12,55,481,1,1
1022,11,2005,3174,87,3503,25,3,19,7,18,40,189,0,0
1023,26,2005,2746,71,3066,28,1,8,3,26,33,260,0,0
1024,27,2005,2779,80,3282,25,3,12,8,16,41,343,0,0
1025,28,2005,2379,69,2875,23,5,7,8,12,37,336,0,0
1026,29,2005,2751,77,2990,29,4,12,1,27,33,219,1,0
1027,30,2005,2947,78,3371,21,3,9,14,20,32,144,0,0
1028,31,2005,2890,81,3505,19,4,9,6,17,45,495,0,0
1029,0,2006,2983,81,3625,22,9,9,9,19,35,462,1,0
1030,1,2006,2897,77,3404,24,10,8,7,14,38,367,0,0
1031,2,2006,2972,77,3428,26,4,11,11,9,42,236,0,0
1032,3,2006,3607,92,4012,33,19,10,7,20,36,265,0,0
1033,4,2006,2930,80,3338,23,4,14,7,16,39,268,0,0
1034,5,2006,3149,83,3621,29,10,11,8,11,43,312,0,0
1035,6,2006,3418,93,4045,20,9,11,7,16,50,487,1,0
1036,7,2006,2343,66,2965,18,5,8,3,6,44,562,1,2
1037,8,2006,2637,69,2893,35,4,17,2,19,27,216,0,0
1038,9,2006,2824,72,3178,24,5,11,5,19,32,254,0,0
1039,10,2006,1658,47,2085,14,3,5,5,9,25,327,1,1
1040,12,2006,2163,56,2697,22,3,0,10,12,31,334,0,0
1041,13,2006,3073,85,3640,28,5,11,10,10,49,367,0,1
1042,14,2006,2726,78,3326,21,3,10,11,13,41,380,1,0
1043,15,2006,2800,76,3199,25,18,6,6,21,25,279,0,2
1044,16,2006,2847,77,3098,27,21,7,3,13,33,191,0,0
1045,17,2006,2437,72,2920,20,13,7,7,16,29,343,2,1
1046,18,2006,2786,73,3211,27,8,11,11,15,28,205,0,1
1047,19,2006,2520,66,2967,18,5,5,9,9,38,267,1,0
1048,20,2006,2996,84,3739,17,5,8,12,4,55,503,1,0
1049,21,2006,3878,99,4508,31,2,7,12,17,61,390,1,1
1050,22,2006,2385,69,2847,19,9,9,7,15,29,322,2,0
1051,23,2006,2843,77,3660,19,4,10,19,10,34,437,0,1
1052,24,2006,2876,75,3223,29,6,15,5,22,27,247,1,1
1053,25,2006,3231,86,3695,30,7,16,3,16,44,404,0,0
1054,11,2006,3012,81,3471,27,3,14,7,12,45,319,0,1
1055,26,2006,2890,77,3369,19,3,7,10,17,40,279,0,0
1056,27,2006,3184,86,3827,26,10,10,15,12,39,343,0,0
1057,28,2006,2388,65,2687,11,2,11,4,10,38,219,0,0
1058,29,2006,2786,76,3161,15,0,11,5,24,36,275,1,0
1059,30,2006,3282,88,3760,32,7,14,10,24,33,278,0,0
1060,31,2006,3336,94,3961,29,8,8,7,21,50,485,1,0
1061,1,2007,3498,94,3934,29,13,12,10,19,40,236,0,0
1062,2,2007,2078,59,2437,21,3,10,3,10,33,299,1,0
1063,3,2007,3046,81,3302,30,13,12,3,16,37,196,0,0
1064,4,2007,2176,58,2630,17,7,11,6,3,31,334,2,2
1065,5,2007,2467,69,2895,22,9,12,6,8,34,308,1,0
1066,6,2007,2902,77,3382,30,5,13,10,11,38,280,0,1
1067,7,2007,2562,79,3198,21,6,13,7,15,38,496,1,1
1068,8,2007,3244,81,3735,36,9,15,9,19,29,311,0,1
1069,9,2007,3755,95,4322,27,5,12,9,19,50,387,1,1
1070,10,2007,1776,52,2181,18,5,7,5,13,22,305,1,0
1071,12,2007,2424,63,2970,17,6,6,7,9,35,406,1,0
1072,13,2007,2820,77,3327,10,11,14,6,7,39,387,0,0
1073,14,2007,2517,73,3066,24,7,9,7,14,36,409,1,0
1074,15,2007,3417,88,3824,30,5,6,5,31,41,307,0,0
1075,16,2007,2592,71,2865,25,13,8,5,17,28,173,0,1
1076,17,2007,1991,54,2249,14,11,9,2,4,28,218,0,0
1077,18,2007,2635,71,3063,25,6,12,8,13,32,268,0,1
1078,19,2007,2476,68,3010,26,13,5,5,9,36,434,0,0
1079,0,2007,4306,105,4968,42,3,20,13,16,53,402,1,0
1080,20,2007,2331,60,2664,18,9,7,11,14,19,113,0,2
1081,21,2007,3359,92,4038,23,5,11,5,16,55,579,1,0
1082,22,2007,1626,44,1821,13,10,6,6,8,14,75,0,1
1083,23,2007,3000,73,3585,25,3,11,7,12,40,445,2,0
1084,24,2007,3067,78,3684,18,5,8,9,8,48,437,0,0
1085,25,2007,2842,78,3397,20,8,7,9,16,38,375,0,1
1086,11,2007,2730,75,3072,23,5,16,7,15,32,202,0,0
1087,26,2007,2342,63,2757,20,9,4,4,11,35,335,1,0
1088,27,2007,2954,86,3436,30,14,14,6,15,37,362,0,0
1089,28,2007,2574,68,2880,28,9,12,2,14,31,266,1,0
1090,29,2007,2085,55,2296,24,5,11,3,17,19,151,0,0
1091,30,2007,2666,73,3060,25,8,12,6,16,31,274,1,0
1092,31,2007,3001,81,3621,34,19,4,9,6,43,440,1,0
1093,1,2008,3654,96,3957,40,18,10,5,27,36,203,0,0
1094,2,2008,3449,100,3945,28,11,16,3,22,48,436,1,1
1095,3,2008,2270,58,2557,23,9,14,5,12,18,187,0,0
1096,4,2008,1740,46,2150,13,4,4,4,6,28,330,1,0
1097,5,2008,2988,76,3443,24,7,19,11,7,32,235,0,0
1098,6,2008,2894,77,3426,27,12,9,7,10,39,392,0,0
1099,7,2008,2048,60,2509,20,7,7,4,13,29,381,1,0
1100,8,2008,2086,51,2332,19,3,8,5,12,23,146,0,0
1101,9,2008,3075,82,3622,28,3,18,12,16,33,307,0,0
1102,10,2008,2054,53,2343,23,3,10,2,11,27,249,0,0
1103,12,2008,2838,77,3388,19,10,5,8,17,37,390,0,1
1104,13,2008,2624,74,3249,24,8,7,7,15,37,485,2,0
1105,14,2008,2958,77,3334,24,8,12,4,12,41,296,0,1
1106,15,2008,2437,63,2566,25,4,8,4,27,20,49,0,2
1107,16,2008,2574,64,2814,23,19,3,5,13,24,140,0,0
1108,17,2008,2475,67,2904,14,6,3,8,19,31,269,0,0
1109,18,2008,2102,58,2490,16,3,8,5,13,29,288,0,1
1110,19,2008,3418,90,3952,24,6,5,6,22,51,414,2,0
1111,0,2008,2611,66,3155,13,1,6,9,11,39,364,0,1
1112,20,2008,2319,65,2688,15,8,9,6,9,33,249,0,0
1113,21,2008,2841,73,3217,30,3,11,5,13,41,276,1,3
1114,22,2008,1842,50,2200,20,9,7,10,13,11,158,0,0
1115,23,2008,3706,90,4391,33,5,18,13,11,43,425,0,0
1116,24,2008,3390,83,4120,21,5,7,7,7,57,590,0,0
1117,25,2008,3352,84,3777,34,12,13,9,12,38,245,0,0
1118,11,2008,2736,81,3321,24,6,14,10,18,33,385,2,1
1119,26,2008,1901,53,2364,9,4,3,5,7,34,363,0,0
1120,27,2008,3323,89,4007,24,13,12,12,8,44,444,1,1
1121,28,2008,2780,78,3107,23,10,7,4,17,40,247,0,0
1122,29,2008,1865,53,2240,17,1,10,7,14,21,235,1,0
1123,30,2008,3175,87,3725,27,7,15,13,20,32,290,0,0
1124,31,2008,2589,73,3473,23,5,5,13,8,42,624,4,1
1125,1,2009,2879,77,3191,26,17,10,2,14,34,272,0,0
1126,2,2009,3120,86,3713,24,14,8,10,15,39,393,0,0
1127,3,2009,3615,90,4192,25,9,10,10,12,49,377,0,0
1128,4,2009,2864,78,3387,22,6,12,8,16,36,363,1,0
1129,5,2009,3555,94,3977,40,11,14,8,21,40,262,0,0
1130,6,2009,3155,87,3626,24,9,15,8,17,38,311,0,0
1131,7,2009,3492,86,4045,42,8,14,3,14,47,493,0,0
1132,8,2009,2037,52,2342,23,4,7,2,16,23,265,1,0
1133,9,2009,3956,96,4361,41,4,22,6,24,40,285,0,1
1134,10,2009,2416,64,2837,21,0,7,6,15,36,301,0,0
1135,12,2009,2875,72,3249,38,3,5,3,23,38,314,1,0
1136,13,2009,2983,75,3472,25,5,8,6,13,43,369,0,0
1137,14,2009,2913,76,3222,26,14,4,4,15,39,229,0,0
1138,15,2009,2285,62,2634,19,4,10,3,18,27,289,1,1
1139,16,2009,2306,64,2604,23,17,3,2,14,28,258,1,0
1140,17,2009,2758,72,3017,23,6,8,5,15,38,159,0,0
1141,18,2009,2939,80,3357,25,7,11,9,26,27,238,0,0
1142,19,2009,2720,74,3174,20,7,7,5,14,41,354,0,0
1143,0,2009,4056,99,4711,30,2,18,8,14,57,495,0,0
1144,20,2009,2288,66,2891,15,2,7,10,7,40,403,0,1
1145,21,2009,2820,76,3352,22,4,9,4,18,41,452,1,1
1146,22,2009,1941,56,2221,18,8,7,5,16,20,180,0,1
1147,23,2009,4210,96,4909,30,2,6,12,13,63,459,0,0
1148,24,2009,3752,90,4212,34,13,14,10,12,41,260,0,0
1149,25,2009,2801,73,3188,26,8,10,5,12,38,287,1,1
1150,11,2009,2744,76,3084,28,4,8,6,26,32,220,0,0
1151,26,2009,2090,58,2528,18,4,12,4,13,25,358,1,0
1152,27,2009,3441,89,4100,29,4,16,9,17,43,479,1,0
1153,28,2009,2669,72,3074,29,2,15,4,18,33,325,0,0
1154,29,2009,2642,67,2866,24,2,11,6,24,24,104,0,0
1155,30,2009,2667,69,2995,22,6,11,6,17,29,208,0,0
1156,31,2009,2762,73,3202,24,9,9,9,13,33,260,1,0
1157,1,2010,2923,83,3326,24,14,15,5,10,39,303,1,0
1158,2,2010,2748,71,2992,28,8,17,6,14,26,124,0,1
1159,3,2010,2742,75,3181,17,12,7,7,17,32,299,0,0
1160,4,2010,3145,86,3835,19,7,5,7,17,50,550,0,0
1161,5,2010,3039,78,3424,29,8,12,5,13,40,285,0,0
1162,6,2010,2701,76,3053,24,10,11,6,17,32,232,0,0
1163,7,2010,3442,94,4080,29,14,16,9,20,35,458,0,0
1164,8,2010,1722,52,2430,13,5,3,9,7,28,528,1,4
1165,9,2010,3360,89,3941,33,10,6,11,20,42,361,0,1
1166,10,2010,2450,69,2909,23,3,8,8,22,28,299,1,0
1167,12,2010,2750,65,3115,22,11,6,8,7,33,205,0,1
1168,13,2010,2835,73,3369,31,2,9,4,15,43,454,1,2
1169,14,2010,2846,73,3195,28,11,5,2,21,34,309,0,0
1170,15,2010,2673,74,3014,29,6,11,5,24,28,241,0,1
1171,16,2010,2507,72,3222,20,11,9,9,7,36,535,2,1
1172,17,2010,2233,57,2496,26,5,11,7,15,19,123,0,0
1173,18,2010,3202,84,3581,42,11,15,4,27,27,299,0,0
1174,19,2010,3225,90,4018,24,4,7,8,17,54,633,1,0
1175,0,2010,3480,91,4203,34,2,11,12,12,54,483,0,0
1176,20,2010,2673,71,3114,25,9,8,5,18,31,341,1,0
1177,21,2010,3469,95,4097,22,8,10,7,16,54,488,1,0
1178,22,2010,2226,58,2505,19,2,12,5,14,25,179,0,0
1179,23,2010,3171,78,3651,27,7,10,4,11,46,400,0,0
1180,24,2010,3761,94,4276,32,6,18,4,21,45,435,1,0
1181,25,2010,3175,81,3530,39,11,10,4,22,34,275,0,0
1182,11,2010,3168,93,3776,23,17,12,2,17,45,568,1,1
1183,26,2010,2188,57,2618,21,5,10,6,10,26,310,0,0
1184,27,2010,2907,78,3254,27,5,14,1,23,35,327,1,0
1185,28,2010,2762,74,3276,22,2,4,11,25,32,294,0,0
1186,29,2010,2317,63,2650,19,4,11,5,14,29,233,0,0
1187,30,2010,3008,77,3302,24,8,14,4,16,35,214,0,0
1188,31,2010,3228,83,3569,32,7,17,5,22,32,241,1,0
1189,1,2011,3600,89,3903,21,3,14,4,27,41,223,0,0
1190,2,2011,3570,91,4023,24,8,10,9,26,38,273,1,0
1191,3,2011,2778,72,3472,20,4,7,10,8,43,494,0,1
1192,4,2011,4058,101,4783,33,3,13,7,27,51,585,1,0
1193,5,2011,3227,89,3570,32,13,20,2,28,26,303,1,0
1194,6,2011,2697,67,3023,24,5,9,3,14,36,266,0,0
1195,7,2011,3431,92,4141,26,4,13,5,20,50,610,1,0
1196,8,2011,1865,47,2234,17,5,3,2,12,25,329,0,0
1197,9,2011,3573,89,4084,27,5,17,5,26,36,411,1,0
1198,10,2011,3488,88,4098,21,8,11,3,18,48,550,1,1
1199,12,2011,2609,70,3047,25,9,6,8,17,30,278,0,1
1200,13,2011,3207,78,3810,32,5,9,7,10,47,463,0,0
1201,14,2011,2474,66,2830,19,2,8,9,16,31,176,0,1
1202,15,2011,2760,70,2990,27,2,9,4,24,31,150,0,1
1203,16,2011,3218,82,3745,25,9,11,6,15,41,407,0,0
1204,17,2011,3614,99,4147,20,9,15,10,17,48,333,0,0
1205,18,2011,3565,92,3926,32,7,16,6,31,32,241,0,0
1206,19,2011,2949,82,3573,23,7,19,7,13,36,484,1,0
1207,0,2011,3475,78,3970,28,1,12,9,17,39,315,0,1
1208,20,2011,2121,55,2506,23,3,14,4,10,24,305,1,0
1209,21,2011,2253,66,2819,19,0,11,5,15,35,466,3,0
1210,22,2011,2368,57,2648,24,2,8,3,18,26,220,0,0
1211,23,2011,3187,78,3960,27,7,10,9,8,44,593,2,0
1212,24,2011,3920,105,4652,29,9,14,9,28,45,552,2,1
1213,25,2011,2821,73,3393,21,11,9,9,11,33,392,2,0
1214,11,2011,2572,66,2842,28,3,9,1,21,32,250,0,0
1215,26,2011,2026,46,2224,13,7,6,4,10,19,118,0,1
1216,27,2011,3730,95,4431,34,3,17,8,20,47,541,2,0
1217,28,2011,2318,59,2683,18,2,9,6,13,29,245,0,1
1218,29,2011,2789,74,3256,19,6,8,8,20,32,307,0,0
1219,30,2011,3386,86,3747,31,10,10,7,23,36,221,0,0
1220,31,2011,2925,77,3517,22,5,7,3,19,43,532,1,0
1221,1,2012,3195,81,3399,34,7,18,6,25,25,84,0,0
1222,2,2012,3190,76,3540,33,9,19,7,14,27,210,0,0
1223,3,2012,2965,80,3542,25,21,7,3,14,35,517,2,0
1224,4,2012,2822,67,3105,27,3,10,4,17,33,203,0,0
1225,5,2012,3343,90,3766,29,14,12,4,26,34,343,1,0
1226,6,2012,2880,76,3440,22,8,6,6,16,40,440,0,1
1227,7,2012,4634,112,5209,46,7,13,8,36,48,415,0,0
1228,8,2012,3412,81,3914,30,5,14,7,15,40,362,0,3
1229,9,2012,3385,83,3887,45,8,19,7,22,27,362,2,0
1230,10,2012,2985,73,3520,26,10,9,8,14,32,375,1,1
1231,12,2012,2700,68,3039,28,13,8,3,15,29,279,1,1
1232,13,2012,3095,76,3779,30,6,6,10,11,43,484,1,0
1233,14,2012,2654,71,3336,15,5,4,7,15,40,542,1,1
1234,15,2012,2526,60,2847,22,3,4,4,23,26,241,0,2
1235,16,2012,2284,58,2757,22,4,5,6,5,38,353,0,0
1236,17,2012,3758,91,4353,31,6,11,5,29,40,495,2,1
1237,18,2012,3313,84,3848,27,11,10,8,24,31,375,1,2
1238,19,2012,2801,76,3149,24,8,8,1,26,33,328,2,0
1239,0,2012,2897,67,3226,36,2,7,4,18,36,249,1,0
1240,20,2012,2764,70,3043,30,7,8,5,26,24,179,0,1
1241,21,2012,2809,76,3267,20,4,8,7,20,37,318,1,1
1242,22,2012,2311,60,2585,28,1,11,6,19,23,154,0,1
1243,23,2012,3196,81,3826,21,4,7,9,16,45,450,0,1
1244,24,2012,3274,82,3756,22,19,6,4,12,41,402,0,0
1245,25,2012,3388,83,3911,28,8,6,7,13,49,383,0,0
1246,11,2012,2604,68,2984,22,3,4,3,19,39,320,0,2
1247,26,2012,3196,74,3707,20,15,10,6,12,31,391,0,0
1248,27,2012,2651,65,2963,30,9,7,3,17,29,252,0,0
1249,28,2012,2974,78,3400,27,9,13,6,20,30,306,1,1
1250,29,2012,3567,88,4150,28,10,10,5,15,48,483,1,0
1251,30,2012,3350,81,3855,30,13,9,5,15,39,405,0,2
1252,31,2012,2856,72,3237,18,4,13,2,12,41,341,0,0
1253,1,2013,2612,68,2763,27,11,15,2,25,15,111,0,1
1254,2,2013,2996,75,3330,27,14,8,4,22,27,254,1,0
1255,3,2013,3467,96,4124,26,14,6,9,22,45,477,1,0
1256,4,2013,2559,65,2893,23,1,8,3,25,28,274,0,1
1257,5,2013,3236,85,3713,28,6,10,6,25,38,357,0,1
1258,6,2013,3333,87,3846,19,14,12,6,20,35,393,0,0
1259,7,2013,3125,78,3566,35,3,13,6,20,36,321,0,0
1260,8,2013,2239,56,2417,30,6,11,1,19,19,158,0,0
1261,9,2013,3548,88,4034,35,4,15,12,19,38,246,0,1
1262,10,2013,2963,76,3499,27,8,15,7,17,29,396,1,1
1263,12,2013,3008,77,3467,30,2,5,6,27,37,339,0,0
1264,13,2013,3603,85,4150,33,15,8,7,13,42,407,0,0
1265,14,2013,3358,82,3681,33,9,18,5,22,28,223,1,1
1266,15,2013,2875,68,3166,26,1,9,2,23,33,251,0,2
1267,16,2013,3476,91,4271,25,12,7,7,17,48,655,3,0
1268,17,2013,3848,95,4338,31,6,12,8,22,47,330,0,0
1269,18,2013,3430,88,4018,24,12,7,5,21,43,488,0,1
1270,19,2013,2949,72,3399,22,5,7,10,18,32,250,0,1
1271,0,2013,3294,79,3804,27,3,8,9,21,38,330,0,0
1272,20,2013,2493,64,2854,22,9,11,5,19,20,261,0,0
1273,21,2013,2909,70,3344,25,6,10,5,13,36,335,0,0
1274,22,2013,3062,77,3523,29,7,15,12,14,29,221,0,0
1275,23,2013,3449,84,4107,23,9,11,11,11,42,438,1,2
1276,24,2013,3450,78,3609,19,11,10,4,23,30,79,0,0
1277,25,2013,3539,90,4138,27,12,9,9,14,46,419,0,1
1278,11,2013,2871,84,3526,26,18,9,0,18,39,655,3,1
1279,26,2013,2579,61,2859,25,13,7,5,12,24,180,0,0
1280,27,2013,2977,74,3159,28,2,16,5,30,21,82,0,2
1281,28,2013,2712,75,3125,17,8,11,5,16,35,313,0,1
1282,29,2013,3519,88,4189,34,2,13,7,23,43,530,1,0
1283,30,2013,3136,78,3386,32,7,9,2,25,35,210,0,1
1284,31,2013,2938,75,3316,23,2,14,3,20,36,318,1,0
1285,1,2014,2712,71,3107,20,9,7,3,19,33,335,1,1
1286,2,2014,3073,73,3419,27,8,14,6,15,30,226,1,0
1287,3,2014,3326,86,3692,31,11,11,6,20,38,246,0,0
1288,4,2014,2597,69,3048,25,6,7,4,19,33,371,1,0
1289,5,2014,3644,93,4119,25,5,11,9,26,42,295,0,0
1290,6,2014,2929,78,3154,17,6,12,2,26,32,185,1,1
1291,7,2014,3411,90,3815,35,7,8,6,37,32,284,0,2
1292,8,2014,2860,74,3366,23,8,9,7,15,35,366,0,1
1293,9,2014,2874,71,3164,31,4,13,5,20,29,190,0,0
1294,10,2014,2956,69,3221,30,7,5,3,19,35,205,0,0
1295,12,2014,2306,57,2586,21,11,4,2,15,25,240,0,1
1296,13,2014,2279,58,2688,21,5,3,3,11,36,349,0,1
1297,14,2014,2953,76,3331,34,5,13,7,22,29,238,1,0
1298,15,2014,2733,67,3063,27,6,3,4,28,26,250,0,0
1299,16,2014,3129,80,3640,25,5,15,6,17,37,391,1,1
1300,17,2014,3800,94,4464,25,7,5,10,20,52,464,0,2
1301,18,2014,3150,78,3580,23,12,9,9,23,25,250,0,1
1302,19,2014,2727,68,3138,29,2,10,5,21,30,311,1,0
1303,0,2014,2893,72,3369,28,4,3,7,22,36,336,1,1
1304,20,2014,1888,49,2159,14,5,8,4,10,22,191,1,2
1305,21,2014,2701,72,3236,26,6,13,5,20,28,435,1,2
1306,22,2014,2673,66,3060,25,6,10,6,15,29,267,0,1
1307,23,2014,4357,109,4930,31,5,21,3,33,47,513,1,0
1308,24,2014,3429,80,3721,33,10,10,5,27,28,192,0,1
1309,25,2014,2595,60,2841,26,11,8,4,14,23,166,0,0
1310,11,2014,3122,77,3659,22,6,12,7,10,42,397,1,1
1311,26,2014,2491,58,2690,19,6,10,5,13,24,99,0,0
1312,27,2014,2373,61,2688,28,9,7,6,22,17,195,1,1
1313,28,2014,2367,61,2668,20,3,9,4,18,27,221,0,1
1314,29,2014,3249,83,3847,27,4,13,10,24,32,398,0,1
1315,30,2014,3628,88,4118,28,7,6,7,25,43,350,0,1
1316,31,2014,2943,75,3318,21,2,9,6,19,39,255,0,1
1317,1,2015,2927,73,3233,29,6,11,4,22,30,226,1,1
1318,2,2015,2793,68,3116,22,4,11,6,15,32,203,0,1
1319,3,2015,3384,82,3797,22,9,10,3,20,40,353,0,0
1320,4,2015,3357,85,3704,22,12,16,5,16,36,247,0,0
1321,5,2015,2809,70,3270,25,7,7,4,15,37,381,1,0
1322,6,2015,2128,56,2348,15,3,7,4,15,27,140,0,0
1323,7,2015,2160,60,2575,22,2,8,6,19,25,295,0,1
1324,8,2015,2789,72,3261,15,4,8,2,14,44,432,0,1
1325,9,2015,3063,75,3333,37,9,14,5,21,26,170,0,0
1326,10,2015,3546,85,4052,28,7,13,6,23,36,386,3,0
1327,12,2015,2935,69,3117,27,16,6,1,22,24,162,0,0
1328,13,2015,3654,92,4380,30,9,8,10,15,50,526,0,0
1329,14,2015,3663,86,4038,29,1,12,8,23,42,215,0,2
1330,15,2015,2383,58,2735,24,3,4,4,19,28,272,0,1
1331,16,2015,2960,76,3380,33,2,17,6,21,30,300,0,0
1332,17,2015,3158,80,3700,26,3,6,4,22,45,462,0,0
1333,18,2015,2898,79,3448,27,15,9,4,14,37,470,2,1
1334,19,2015,3356,80,3679,25,4,10,3,20,43,263,0,0
1335,0,2015,3634,92,4017,31,13,8,5,22,44,283,0,0
1336,20,2015,3263,81,3557,18,14,6,6,14,41,174,0,0
1337,21,2015,2787,70,3175,20,6,3,5,19,37,288,1,0
1338,22,2015,2951,73,3358,31,11,6,3,14,39,347,1,1
1339,23,2015,3416,83,3697,40,9,21,4,19,30,201,0,1
1340,24,2015,4192,96,4601,41,8,17,6,25,40,289,1,0
1341,25,2015,3178,74,3454,29,15,7,5,12,35,176,0,0
1342,11,2015,2826,70,3224,21,5,14,7,14,30,258,1,1
1343,26,2015,2671,67,3006,25,15,4,6,16,26,215,0,0
1344,27,2015,2579,68,3105,24,4,8,7,20,29,386,1,0
1345,28,2015,2306,59,2511,28,5,12,2,21,19,165,0,0
1346,29,2015,3701,96,4533,24,2,8,11,15,60,612,0,0
1347,30,2015,3550,88,4175,34,11,6,1,23,47,605,1,0
1348,31,2015,2494,66,2746,23,3,8,5,21,29,152,0,0
1349,0,2016,3977,100,4402,28,4,11,4,41,40,345,0,0
1350,1,2016,2612,68,2994,24,5,5,5,31,22,282,1,0
1351,2,2016,3084,78,3613,23,4,8,8,20,38,369,0,0
1352,3,2016,2861,75,3183,20,18,7,3,8,39,262,0,0
1353,4,2016,3677,89,4068,28,6,12,6,25,40,271,0,0
1354,5,2016,3345,83,3761,22,4,9,2,23,45,376,0,0
1355,6,2016,2987,70,3215,37,3,9,5,29,24,128,0,0
1356,7,2016,2919,78,3269,25,4,10,2,29,33,310,0,2
1357,8,2016,2349,59,2731,18,5,6,5,10,33,282,1,0
1358,9,2016,3090,76,3427,38,4,6,9,27,30,157,0,0
1359,10,2016,2392,55,2711,19,7,5,9,17,17,139,0,1
1360,12,2016,2389,58,2661,25,10,5,4,17,22,192,0,1
1361,13,2016,3591,90,3991,32,7,15,5,26,37,300,0,0
1362,14,2016,2566,63,2888,21,6,11,6,15,25,202,1,0
1363,15,2016,2002,48,2243,21,1,5,1,18,23,221,0,0
1364,16,2016,3807,93,4297,28,12,20,8,16,37,330,0,0
1365,17,2016,3040,77,3589,27,5,14,8,19,31,389,1,0
1366,18,2016,2837,75,3236,24,6,8,4,22,35,319,0,1
1367,19,2016,2740,62,3010,23,3,7,3,14,35,210,0,0
1368,20,2016,2189,56,2420,19,11,7,4,18,16,151,0,0
1369,21,2016,2937,76,3480,31,1,14,8,13,40,383,1,0
1370,22,2016,2983,72,3217,23,7,14,5,19,27,134,0,0
1371,23,2016,3352,81,3937,34,11,13,9,15,33,405,1,0
1372,24,2016,4508,98,4680,51,11,11,1,40,35,152,0,0
1373,25,2016,3190,80,3665,37,18,10,5,14,33,375,1,0
1374,11,2016,1907,49,2209,15,7,4,4,7,27,222,0,0
1375,26,2016,2414,57,2751,22,8,8,5,7,29,237,0,0
1376,27,2016,2830,71,3126,26,7,11,3,22,28,236,0,1
1377,28,2016,2771,68,3100,25,11,9,3,17,28,269,0,1
1378,29,2016,2886,72,3423,30,5,3,3,13,48,477,1,0
1379,30,2016,2975,77,3402,32,4,6,4,27,36,347,2,0
1380,31,2016,2886,74,3155,34,3,14,3,28,26,209,0,0
1381,0,2017,3097,75,3255,31,8,10,1,23,33,138,1,0
1382,1,2017,3455,87,4087,27,8,9,6,15,49,512,1,0
1383,2,2017,3631,88,4101,32,7,12,3,23,43,410,1,1
1384,3,2017,3199,79,3529,28,10,9,6,16,38,210,0,0
1385,4,2017,3039,74,3357,24,5,13,3,23,30,258,1,2
1386,5,2017,3305,81,3827,24,6,15,2,13,45,482,0,1
1387,6,2017,2604,65,2857,24,5,7,5,21,27,153,0,1
1388,7,2017,3493,88,4159,29,6,13,8,13,48,506,0,0
1389,8,2017,3059,74,3558,27,4,7,9,6,48,319,0,0
1390,9,2017,2672,65,2936,29,5,9,5,22,24,164,0,0
1391,10,2017,3624,84,3764,28,16,19,3,27,19,80,0,1
1392,12,2017,2733,66,2908,34,9,14,5,20,18,75,0,0
1393,13,2017,3375,83,3695,30,6,17,5,20,35,220,0,0
1394,14,2017,2762,67,3033,21,7,16,5,14,25,171,0,1
1395,15,2017,2160,53,2379,19,4,3,2,22,22,179,0,0
1396,16,2017,3561,95,4189,19,7,16,9,20,43,448,1,2
1397,17,2017,3427,87,3835,29,15,8,9,25,30,228,0,1
1398,18,2017,3807,94,4378,33,8,10,4,23,49,491,1,0
1399,19,2017,2872,73,3190,25,8,8,6,25,26,198,0,0
1400,20,2017,2951,71,3155,19,8,8,2,24,29,164,0,0
1401,21,2017,3013,71,3269,25,6,10,4,21,30,176,0,0
1402,22,2017,2350,58,2515,24,5,13,3,14,23,105,0,0
1403,23,2017,2945,69,3270,28,6,10,6,15,32,205,0,0
1404,24,2017,2881,65,3113,30,16,8,4,12,25,152,0,0
1405,25,2017,3428,84,3765,40,16,13,3,18,34,277,0,1
1406,11,2017,3239,83,3794,33,5,7,6,26,39,435,1,0
1407,26,2017,2533,60,2822,26,7,9,2,18,24,249,1,0
1408,27,2017,3569,92,4141,29,10,12,6,19,45,452,0,0
1409,28,2017,2546,64,2763,26,9,6,2,24,23,177,0,0
1410,29,2017,3799,92,4507,32,8,8,5,22,49,608,1,0
1411,30,2017,3342,75,3728,28,16,5,5,9,40,286,0,0
1412,31,2017,2781,71,2994,29,7,7,0,33,24,213,1,0
1413,0,2018,2698,68,2973,22,7,4,4,28,25,195,0,1
1414,1,2018,2501,62,2791,28,2,13,7,20,20,150,0,1
1415,2,2018,2839,71,3119,29,2,12,3,24,30,220,1,1
1416,3,2018,3076,81,3513,31,7,15,7,18,34,297,0,1
1417,4,2018,3258,85,3786,29,13,9,8,20,35,368,1,0
1418,5,2018,3250,83,3767,32,7,11,6,22,37,397,0,2
1419,6,2018,2256,57,2567,15,3,7,4,16,27,231,0,1
1420,7,2018,4008,94,4568,32,7,12,7,24,44,420,0,0
1421,8,2018,2306,61,2643,21,7,7,4,15,28,257,1,1
1422,9,2018,1824,45,2021,21,1,10,5,12,17,97,0,0
1423,10,2018,2436,57,2629,24,3,10,5,18,21,93,0,0
1424,12,2018,2376,60,2670,17,3,9,2,16,30,254,0,0
1425,13,2018,3380,87,3884,35,9,10,6,25,37,384,0,1
1426,14,2018,2603,61,2937,24,2,5,7,16,31,194,0,0
1427,15,2018,2485,60,2729,22,3,6,3,21,27,184,0,2
1428,16,2018,2969,71,3226,20,9,15,4,16,27,177,0,0
1429,17,2018,3548,86,3872,37,13,11,7,18,37,184,0,0
1430,18,2018,3345,82,3763,23,10,10,5,15,42,318,0,0
1431,19,2018,2898,74,3310,32,3,13,4,25,29,332,1,0
1432,20,2018,2790,71,3176,19,4,11,9,27,20,206,0,1
1433,21,2018,2498,61,2759,24,4,7,4,24,22,181,0,0
1434,22,2018,2530,64,2885,21,11,15,5,8,25,255,0,0
1435,23,2018,2681,70,3022,17,5,10,5,22,28,241,1,0
1436,24,2018,1848,43,1992,21,12,10,2,7,12,104,0,0
1437,25,2018,2427,60,2842,27,7,7,5,10,31,315,0,1
1438,11,2018,3278,79,3581,41,3,19,0,26,31,303,1,0
1439,26,2018,1856,43,1996,15,9,3,4,15,12,60,0,0
1440,27,2018,3355,78,3759,28,14,13,5,10,36,304,0,1
1441,28,2018,2455,64,2780,28,6,12,4,25,17,245,1,0
1442,29,2018,2897,74,3237,36,6,8,5,23,32,240,0,0
1443,30,2018,3127,74,3483,39,15,7,3,16,33,296,0,1
1444,31,2018,3027,72,3255,27,9,11,2,19,31,188,0,1
1445,0,2019,2162,52,2333,23,5,9,2,13,23,131,0,0
1446,1,2019,3299,80,3586,26,4,13,2,26,35,247,0,1
1447,2,2019,3158,75,3394,30,6,10,5,30,24,136,0,0
1448,3,2019,3016,79,3313,34,15,13,7,26,18,157,0,1
1449,4,2019,3070,78,3464,29,12,9,4,21,32,314,2,0
1450,5,2019,2699,64,2950,29,8,13,5,18,20,151,0,1
1451,6,2019,2182,57,2464,19,2,9,3,18,25,222,0,0
1452,7,2019,2904,69,3288,23,6,7,5,16,35,284,1,1
1453,8,2019,1964,48,2256,17,2,3,2,8,33,252,0,0
1454,9,2019,1977,48,2126,21,1,11,3,14,19,89,0,1
1455,10,2019,2433,59,2619,22,6,9,1,15,28,166,0,0
1456,12,2019,1885,50,2079,18,3,9,2,18,18,154,0,1
1457,13,2019,2836,69,3105,23,6,12,2,20,29,229,0,0
1458,14,2019,3005,71,3292,28,7,9,4,19,32,207,0,0
1459,15,2019,2017,52,2210,22,7,5,3,18,19,133,0,1
1460,16,2019,3002,69,3178,29,9,17,2,17,24,136,0,2
1461,17,2019,3340,75,3507,25,12,11,2,26,24,127,0,0
1462,18,2019,3622,87,3991,28,9,18,3,13,44,309,0,0
1463,19,2019,3175,76,3445,31,5,13,7,22,29,130,0,0
1464,20,2019,3073,77,3386,29,12,10,4,25,26,233,0,0
1465,21,2019,2905,75,3452,25,9,7,3,16,40,487,3,0
1466,22,2019,3343,81,3638,36,17,12,6,18,28,175,0,0
1467,23,2019,2643,67,3081,33,3,8,6,20,30,318,0,0
1468,24,2019,2838,66,3128,22,14,10,5,14,23,190,0,1
1469,25,2019,1632,40,1855,21,6,5,4,10,15,143,0,1
1470,11,2019,3485,79,3919,30,5,12,4,19,39,354,0,0
1471,26,2019,2584,60,2770,29,7,7,1,21,24,166,0,0
1472,27,2019,3028,74,3341,34,8,9,5,18,34,213,1,0
1473,28,2019,3023,74,3368,24,5,12,4,24,29,265,0,0
1474,29,2019,2477,57,2599,27,2,10,2,19,24,82,0,0
1475,30,2019,3363,78,3672,37,18,9,2,19,30,269,0,0
1476,31,2019,2644,62,2802,24,6,9,0,24,23,158,0,0
1477,0,2020,2790,66,3093,25,4,5,6,28,23,183,0,1
1478,1,2020,2530,64,2924,28,2,10,5,22,25,294,0,0
1479,2,2020,3040,71,3350,19,4,15,7,16,29,170,0,0
1480,3,2020,1804,41,2082,18,8,4,7,6,16,138,0,0
1481,4,2020,2734,65,3040,19,16,4,4,13,28,226,0,1
1482,5,2020,1955,51,2244,14,4,4,3,15,25,229,0,0
1483,6,2020,2210,55,2486,19,9,6,2,15,23,236,1,0
1484,7,2020,2299,58,2600,21,2,9,5,20,22,201,0,0
1485,8,2020,2045,57,2669,12,5,4,3,8,37,564,1,3
1486,9,2020,2100,52,2339,20,8,5,6,18,15,119,0,0
1487,10,2020,1939,48,2216,20,3,7,5,10,23,177,0,1
1488,12,2020,2058,50,2250,15,2,1,3,29,15,132,0,0
1489,13,2020,2703,68,3040,26,5,15,2,22,24,297,2,0
1490,14,2020,3001,73,3395,27,6,5,6,13,43,274,0,1
1491,15,2020,2199,56,2381,17,4,5,2,19,26,142,0,0
1492,11,2020,3235,73,3504,23,0,9,3,25,36,209,0,0
1493,16,2020,2559,65,2911,28,2,14,6,18,25,232,0,1
1494,17,2020,2755,65,3051,21,7,13,5,14,26,196,0,0
1495,18,2020,3052,82,3598,19,9,10,5,20,38,446,0,0
1496,19,2020,2641,59,2897,26,4,11,7,15,21,116,0,0
1497,20,2020,1741,46,2092,15,9,7,3,10,17,291,2,1
1498,21,2020,1838,45,2082,21,2,6,3,16,18,184,1,0
1499,22,2020,2507,55,2678,31,5,15,5,18,12,71,0,0
1500,23,2020,1766,44,1939,20,6,6,2,16,14,133,0,0
1501,24,2020,2702,68,3099,28,11,9,5,20,23,297,1,1
1502,25,2020,2240,53,2368,22,8,5,1,20,19,108,0,0
1503,26,2020,2588,62,2674,23,6,5,2,29,20,46,0,0
1504,27,2020,2709,61,3028,32,6,8,6,13,28,199,0,0
1505,28,2020,3050,77,3470,29,7,6,5,27,32,320,0,0
1506,29,2020,2283,55,2531,20,4,5,6,21,19,128,0,0
1507,30,2020,2005,49,2256,22,7,5,4,13,20,171,0,1
1508,31,2020,2054,54,2435,11,1,6,3,11,33,321,0,2
1509,0,2021,2400,59,2656,22,7,11,5,16,20,156,0,0
1510,1,2021,2390,62,2865,19,3,7,5,13,34,375,0,0
1511,2,2021,2709,66,3064,22,10,7,6,15,28,235,0,0
1512,3,2021,1994,52,2230,18,8,9,7,11,17,96,0,1
1513,4,2021,2869,67,3083,28,9,7,3,24,24,154,0,0
1514,5,2021,2563,67,2880,21,13,6,3,15,30,257,0,0
1515,6,2021,2381,62,2605,26,8,8,2,21,23,184,0,0
1516,7,2021,2175,52,2540,12,4,5,5,8,30,265,0,0
1517,8,2021,1754,47,2123,12,6,4,2,5,30,329,0,1
1518,9,2021,1724,40,1868,21,5,6,3,9,17,84,0,0
1519,10,2021,2340,59,2627,24,7,8,1,15,28,267,0,0
1520,12,2021,2900,65,3143,24,5,7,4,24,25,163,0,0
1521,13,2021,3127,78,3489,31,4,12,5,27,30,262,0,0
1522,14,2021,2131,55,2416,17,6,10,3,12,24,225,0,0
1523,15,2021,2663,65,2998,24,9,8,5,17,26,235,0,1
1524,11,2021,2601,62,2985,22,5,8,7,15,27,244,0,1
1525,16,2021,2926,74,3283,24,8,17,6,15,28,237,0,0
1526,17,2021,3117,71,3337,28,9,8,2,30,22,180,0,1
1527,18,2021,2948,70,3274,23,12,11,1,17,29,306,0,1
1528,19,2021,2750,65,3198,17,2,11,7,10,35,308,0,0
1529,20,2021,2119,53,2467,18,9,7,4,12,21,268,1,0
1530,21,2021,2872,73,3184,19,4,7,3,25,34,252,0,2
1531,22,2021,2058,49,2316,23,8,6,6,13,16,138,0,3
1532,23,2021,2721,64,3202,28,7,5,7,17,28,341,0,0
1533,24,2021,2172,51,2252,23,8,8,1,25,9,60,0,0
1534,25,2021,2841,71,3149,26,10,10,4,16,31,228,0,0
1535,26,2021,3485,83,3956,29,7,11,4,18,43,391,0,0
1536,27,2021,3461,83,3895,40,6,13,10,22,32,234,0,0
1537,28,2021,2959,77,3347,26,15,7,4,19,32,308,0,0
1538,29,2021,3673,88,4108,37,7,10,4,22,45,355,0,0
1539,30,2021,2307,58,2570,20,11,7,2,16,22,223,0,0
1540,31,2021,3225,78,3624,26,11,10,3,15,39,339,1,1
1541,0,2022,2423,61,2676,32,6,16,5,17,17,153,0,0
1542,1,2022,2697,66,3038,20,4,8,3,20,31,281,0,1
1543,2,2022,2352,59,2678,22,7,4,3,20,25,266,0,0
1544,3,2022,1901,45,2146,16,6,5,5,13,16,145,0,1
1545,4,2022,3988,96,4470,30,3,14,6,29,44,362,0,0
1546,5,2022,2500,61,2959,23,8,11,7,9,26,319,0,0
1547,6,2022,3285,79,3859,22,9,7,10,21,32,374,0,0
1548,7,2022,2740,67,3157,18,4,6,4,16,37,337,0,1
1549,8,2022,3028,73,3186,28,6,10,5,33,19,58,0,0
1550,9,2022,2416,53,2672,22,3,8,4,16,22,176,0,0
1551,10,2022,2881,70,3133,28,9,10,3,22,26,192,0,1
1552,11,2022,3566,83,3885,37,5,13,5,26,34,219,0,0
1553,12,2022,2913,68,3291,27,1,6,6,23,32,258,0,0
1554,13,2022,2476,61,2828,28,3,11,2,15,30,312,0,0
1555,14,2022,2185,55,2448,17,4,9,3,14,25,203,0,1
1556,15,2022,2555,62,2845,23,6,7,2,22,25,250,0,0
1557,16,2022,3006,74,3463,26,7,6,9,24,28,277,0,1
1558,17,2022,2539,58,2862,24,4,9,6,10,29,203,0,0
1559,18,2022,3366,83,3889,27,15,12,8,16,32,363,2,0
1560,19,2022,2152,52,2525,14,3,7,3,9,30,313,0,0
1561,20,2022,2103,52,2313,24,4,9,1,18,20,190,0,2
1562,21,2022,3574,81,3925,39,7,10,6,31,27,231,0,0
1563,22,2022,2871,79,3338,22,10,6,10,19,34,267,0,1
1564,23,2022,2590,59,2884,26,8,9,1,16,25,274,0,0
1565,24,2022,2982,71,3434,19,11,6,4,14,36,372,0,2
1566,25,2022,2329,57,2618,26,3,5,7,20,22,149,0,0
1567,26,2022,3199,77,3571,32,6,13,7,25,26,232,0,0
1568,27,2022,2932,66,3199,22,8,8,3,12,35,207,0,0
1569,28,2022,2835,69,3072,20,7,11,5,22,24,137,0,0
1570,29,2022,3748,88,4229,37,6,11,4,22,45,401,1,0
1571,30,2022,3963,90,4779,30,1,10,9,11,59,636,0,0
1572,31,2022,3144,73,3457,32,7,5,1,22,38,293,0,1
